#{"t_start": 1777818722.992978, "env_id": "FetchReach-v4"}
r,l,t
-50.070132,50,1.444368
-49.992464,50,1.501812
-46.01922,50,1.557878
-50.08381,50,1.614388
-48.944762,50,1.675998
-49.962868,50,1.753483
-50.002737,50,1.823372
-49.959525,50,1.880703
-50.053053,50,1.945498
-49.997814,50,2.010409
-50.036829,50,2.074027
-50.012375,50,2.129769
-50.023498,50,2.195378
-50.021402,50,2.255488
-46.034933,50,2.3104
-50.015464,50,2.373516
-49.963314,50,2.432377
-49.975372,50,2.48246
-49.973851,50,2.536542
-50.015086,50,2.590794
-49.95511,50,2.654504
-49.987354,50,2.721378
-49.985663,50,2.773459
-50.009587,50,2.825546
-49.94025,50,2.8825
-49.978227,50,2.938759
-49.94807,50,2.992441
-50.024673,50,3.049538
-50.000184,50,3.104546
-49.944319,50,3.156445
-49.951048,50,3.206529
-50.006608,50,3.266431
-49.987912,50,3.323542
-50.01446,50,3.374405
-49.980928,50,3.423481
-49.962544,50,3.477995
-50.028517,50,3.530725
-49.97409,50,3.583447
-49.977388,50,3.639035
-50.009322,50,3.691436
-50.009776,50,3.753535
-49.990543,50,3.803574
-49.995554,50,3.853528
-49.994693,50,3.903484
-50.00405,50,3.962203
-50.024705,50,4.013438
-49.976235,50,4.059509
-49.933738,50,4.106686
-49.981839,50,4.162501
-49.934435,50,4.208688
-49.984617,50,4.270365
-50.004005,50,4.339496
-49.917496,50,4.413431
-49.972212,50,4.469532
-50.000697,50,4.515922
-50.010022,50,4.575428
-48.990591,50,4.63635
-50.010346,50,4.694448
-49.933487,50,4.759582
-49.951963,50,4.926645
-50.016111,50,5.028913
-49.95763,50,5.089528
-50.011202,50,5.14954
-50.016022,50,5.216444
-49.944081,50,5.292421
-49.99055,50,5.490481
-50.034201,50,5.576358
-49.975736,50,5.646495
-50.0218,50,5.717786
-50.042178,50,5.77138
-49.993205,50,5.827873
-49.985603,50,5.87646
-49.952963,50,5.937764
-49.943124,50,5.986341
-50.002973,50,6.045447
-49.982426,50,6.094532
-42.985476,50,6.156455
-43.972205,50,6.210484
-48.968587,50,6.265574
-49.988416,50,6.326523
-47.931896,50,6.485562
-44.986973,50,6.556478
-49.993892,50,6.635455
-49.979766,50,6.711783
-49.979266,50,6.779533
-50.031462,50,6.836414
-49.998039,50,6.902545
-50.019174,50,6.968094
-50.069362,50,7.040328
-50.048011,50,7.110447
-49.975893,50,7.173556
-49.943909,50,7.243515
-49.98624,50,7.313408
-50.050382,50,7.374523
-49.976579,50,7.430297
-50.035116,50,7.481373
-50.017872,50,7.535448
-50.016805,50,7.582529
-48.052723,50,7.67182
-50.005283,50,7.74436
-50.00748,50,20.770158
-46.920461,50,23.132492
-49.983191,50,26.279891
-49.944369,50,29.507107
-49.99194,50,32.514326
-49.99613,50,35.22122
-50.010427,50,38.052387
-50.010573,50,40.906894
-50.070138,50,42.945448
-50.040687,50,44.825375
-49.999463,50,46.871383
-49.903967,50,49.115975
-50.083429,50,51.721372
-50.00703,50,54.660625
-49.980217,50,57.550743
-50.000719,50,60.269421
-49.946304,50,63.35053
-50.008804,50,66.360012
-50.032369,50,69.198455
-49.917763,50,71.369304
-49.99807,50,74.22153
-49.930895,50,76.920774
-49.994506,50,80.320724
-50.002814,50,83.260314
-50.005568,50,86.43426
-50.016361,50,89.72553
-49.994106,50,93.077876
-49.99756,50,96.475731
-50.019724,50,99.697873
-50.018222,50,103.113523
-50.042952,50,106.366311
-49.977107,50,109.59645
-50.006066,50,112.852425
-49.996164,50,116.032533
-49.943807,50,119.175566
-49.98023,50,122.063524
-50.027092,50,124.724024
-49.981972,50,127.518435
-49.94273,50,129.931816
-50.008817,50,131.656766
-50.007066,50,133.333476
-50.05489,50,135.848055
-50.028797,50,137.879426
-50.030257,50,140.64146
-37.966866,50,144.03986
-45.083441,50,147.32799
-50.022974,50,150.710466
-50.01014,50,154.051514
-46.956736,50,156.556378
-49.962999,50,159.512442
-49.960459,50,162.498903
-45.035403,50,165.75786
-49.978776,50,168.830184
-49.967943,50,172.003366
-50.028449,50,175.070433
-49.966328,50,178.095473
-49.999565,50,181.336504
-50.004806,50,184.524471
-49.916761,50,187.715472
-44.977528,50,191.013319
-47.089896,50,194.035429
-50.018761,50,197.171297
-48.992966,50,200.174296
-50.160672,50,202.695681
-50.063059,50,205.150431
-50.002206,50,207.99657
-49.924801,50,210.601334
-49.937087,50,212.510268
-38.981607,50,214.238006
-47.930609,50,216.787976
-50.020271,50,219.365569
-49.956692,50,221.898616
-50.012592,50,225.168887
-50.018023,50,228.47851
-49.951554,50,231.456528
-49.99931,50,234.186441
-49.988397,50,237.302593
-50.000117,50,240.336863
-50.031099,50,243.42554
-49.983138,50,246.598181
-49.987508,50,249.802608
-50.012151,50,253.02037
-50.035065,50,255.789377
-49.979388,50,258.458698
-50.010872,50,261.647881
-50.015047,50,264.690408
-50.021424,50,267.386523
-49.935838,50,270.323512
-50.02112,50,273.027944
-49.931249,50,275.429759
-49.990563,50,277.024676
-50.105278,50,279.030498
-36.930064,50,280.824663
-49.987687,50,282.826423
-50.017861,50,285.469495
-49.980794,50,288.281388
-49.974452,50,290.74354
-49.975196,50,293.465337
-49.974765,50,296.54354
-49.94182,50,299.804773
-50.001756,50,309.951495
-48.032107,50,311.96657
-50.040314,50,314.016306
-50.067807,50,315.898976
-49.981674,50,318.228986
-50.044262,50,320.666513
-49.995116,50,323.232531
-49.970266,50,325.765524
-49.977144,50,328.850038
-49.99551,50,331.982413
-49.999972,50,335.20583
-49.957748,50,338.359516
-48.082199,50,341.626411
-49.999345,50,344.754582
-50.008129,50,347.194515
-49.987138,50,350.246474
-49.009813,50,353.032641
-49.996252,50,356.072343
-50.005824,50,358.272324
-50.020265,50,360.800419
-47.921898,50,363.478959
-46.981959,50,366.518865
-50.006015,50,369.303439
-49.946755,50,372.45874
-50.009141,50,375.519592
-50.083466,50,378.532631
-50.030846,50,381.635353
-43.934555,50,384.933728
-50.007113,50,388.133631
-50.011787,50,391.326589
-50.00155,50,394.676409
-43.929369,50,397.910434
-49.95674,50,401.150417
-50.008845,50,404.434311
-45.025045,50,407.647941
-49.967813,50,410.892356
-47.988098,50,413.122726
-50.037662,50,414.356512
-49.94736,50,416.20674
-49.959191,50,418.592453
-49.991802,50,421.141947
-50.004564,50,424.238747
-49.975655,50,425.822431
-50.026377,50,427.754403
-50.032216,50,430.633393
-49.989968,50,433.442861
-49.942944,50,436.481286
-48.969582,50,439.453448
-49.941706,50,442.617934
-49.959942,50,445.658227
-38.967299,50,448.906299
-49.992231,50,451.623458
-49.994069,50,454.728964
-49.983415,50,457.679454
-49.936696,50,460.92032
-49.987576,50,464.341252
-37.974308,50,467.649436
-49.97983,50,470.750496
-49.994892,50,474.023493
-49.922464,50,477.262534
-49.935858,50,480.636368
-48.994341,50,483.740438
-49.985427,50,486.610286
-47.94142,50,489.765881
-49.991275,50,492.949398
-45.950875,50,496.141192
-49.982326,50,499.309513
-50.005437,50,502.520133
-49.986206,50,505.759875
-50.047157,50,506.516498
-49.953197,50,508.072669
-49.993309,50,509.734108
-49.0376,50,511.609016
-48.977147,50,512.687837
-50.022726,50,513.688859
-49.935689,50,514.909395
-49.988447,50,515.858832
-49.976298,50,516.94062
-49.918648,50,518.077907
-50.00485,50,519.135769
-36.04725,50,520.163054
-48.021209,50,521.319819
-50.008828,50,522.428156
-50.003656,50,523.81865
-50.000345,50,525.336316
-49.970819,50,526.448457
-49.995328,50,527.863491
-50.033545,50,531.034723
-50.052684,50,534.126438
-50.037258,50,535.755782
-50.060285,50,538.028783
-49.02296,50,539.734195
-50.003978,50,541.069369
-50.042734,50,542.422369
-50.001312,50,543.84872
-50.041281,50,545.367774
-49.07823,50,546.968924
-40.966587,50,548.812523
-50.074323,50,550.871472
-50.063203,50,553.47338
-49.975505,50,565.182507
-49.019671,50,567.392247
-50.055663,50,569.783775
-50.010972,50,571.744316
-50.031249,50,573.485342
-50.015482,50,574.830273
-49.99118,50,576.061408
-50.000127,50,577.297038
-48.995084,50,578.634497
-49.994355,50,579.991438
-48.051354,50,581.37645
-49.953406,50,582.74631
-49.996233,50,584.42446
-50.048916,50,585.900822
-50.025625,50,587.481425
-48.045283,50,589.061529
-50.047977,50,590.760524
-44.943868,50,592.432761
-45.053768,50,594.557983
-49.975598,50,596.886282
-50.054884,50,599.041486
-50.045955,50,601.51213
-49.964796,50,604.615454
-50.033968,50,606.827901
-50.014022,50,608.538129
-50.01554,50,610.27891
-49.037939,50,612.076482
-49.944744,50,613.888032
-50.015512,50,615.641277
-49.998554,50,617.518503
-48.085699,50,619.596463
-49.984062,50,621.526143
-46.028567,50,624.394442
-50.022293,50,627.645259
-48.087115,50,630.784299
-50.050802,50,633.566449
-50.017666,50,636.505123
-49.994762,50,639.694693
-49.979131,50,642.883464
-50.026224,50,646.10442
-50.080405,50,648.677852
-50.013759,50,650.078559
-50.027158,50,651.351487
-50.086806,50,652.918995
-50.094329,50,653.927014
-50.09382,50,654.939447
-49.994096,50,656.04947
-49.998276,50,656.816508
-50.038458,50,657.606483
-48.059017,50,658.457806
-50.07562,50,659.310466
-50.070521,50,660.096762
-49.972231,50,660.882443
-50.064702,50,662.076753
-50.116139,50,665.218579
-50.030621,50,668.411432
-50.100778,50,671.23152
-50.01438,50,673.126649
-50.145162,50,674.686874
-50.023273,50,676.268757
-50.21507,50,677.837948
-50.164904,50,679.401284
-50.124452,50,680.952032
-50.178663,50,682.533452
-50.0145,50,684.080416
-50.016207,50,685.656483
-49.12951,50,687.230105
-50.145528,50,688.770711
-50.033949,50,690.390684
-50.209374,50,691.996279
-50.179226,50,693.576416
-50.170055,50,695.173511
-49.246575,50,696.753867
-50.162003,50,698.27054
-50.260345,50,699.870389
-50.094615,50,701.458065
-50.02844,50,703.040467
-50.031235,50,704.666559
-50.197973,50,706.236471
-50.007595,50,707.749542
-50.228694,50,709.330297
-50.129143,50,710.921598
-50.036548,50,712.479521
-50.36482,50,714.042423
-50.194641,50,715.627853
-47.22421,50,717.180185
-50.293518,50,718.759934
-50.169084,50,720.361264
-50.162217,50,721.946258
-50.235069,50,723.505505
-50.116818,50,725.074333
-50.03056,50,726.650072
-50.192944,50,728.236248
-50.048989,50,729.812453
-50.295166,50,731.39253
-50.144789,50,732.968129
-50.019499,50,734.551382
-50.258507,50,736.124496
-50.235382,50,737.701464
-50.236818,50,739.284447
-50.24664,50,745.863542
-47.321322,50,746.579542
-50.180249,50,747.259053
-50.21037,50,747.895503
-50.18701,50,748.469036
-49.270966,50,749.004186
-50.165497,50,749.558479
-50.284228,50,750.134462
-50.244939,50,750.756834
-50.240056,50,751.39901
-50.195936,50,751.992432
-50.11754,50,752.58439
-50.259466,50,753.189581
-50.292956,50,753.773874
-49.33739,50,754.383666
-50.292227,50,754.983317
-50.200813,50,755.605868
-50.334429,50,756.196414
-50.302287,50,756.795209
-47.217815,50,757.384356
-50.368896,50,757.995024
-50.430409,50,758.589024
-50.428877,50,759.1931
-50.34031,50,759.791472
-50.341958,50,760.399799
-50.368224,50,760.987768
-50.422772,50,761.603292
-50.374076,50,762.311714
-50.374529,50,762.994045
-50.428872,50,763.664526
-50.342706,50,764.313939
-50.334463,50,764.96776
-38.308692,50,765.643107
-50.404523,50,766.296305
-50.376717,50,766.938047
-50.331241,50,767.596385
-50.315294,50,768.207231
-50.407626,50,768.801621
-50.397035,50,769.396823
-50.319117,50,769.993653
-48.288188,50,770.600034
-48.297282,50,771.190084
-50.257262,50,771.785001
-50.287708,50,772.384343
-50.388357,50,772.979166
-50.343889,50,773.620214
-50.345042,50,774.240306
-50.324002,50,774.861521
-50.267812,50,775.473433
-50.318389,50,776.079448
-50.298825,50,776.683558
-50.342062,50,777.305882
-50.373156,50,777.930065
-50.367399,50,778.525824
-50.306364,50,779.1297
-50.386376,50,779.731265
-50.319346,50,780.363042
-50.330848,50,780.961881
-50.363721,50,781.557626
-50.326027,50,782.195578
-50.336014,50,782.821096
-50.371026,50,783.433983
-49.393265,50,784.034592
-50.386321,50,784.645508
-50.386278,50,785.269389
-50.34433,50,785.886819
-50.373875,50,786.504833
-48.382094,50,787.11563
-50.367195,50,787.712976
-50.351802,50,788.328969
-50.35759,50,788.936837
-50.361474,50,789.53772
-50.375727,50,790.120513
-50.35513,50,790.731481
-50.379056,50,791.332121
-50.381564,50,791.9571
-50.382521,50,792.559848
-50.308097,50,793.19456
-50.308014,50,793.860063
-50.325244,50,794.488498
-50.331501,50,795.108457
-50.374233,50,795.746873
-50.318409,50,796.444144
-50.381185,50,797.143737
-50.296152,50,797.870744
-50.395751,50,798.554731
-50.293966,50,799.19122
-50.373536,50,799.75219
-50.354161,50,800.331033
-50.39026,50,800.939332
-50.345791,50,801.535528
-50.370307,50,802.104115
-50.349221,50,802.689787
-50.415474,50,803.287002
-50.347031,50,803.865855
-50.365095,50,804.447402
-50.388333,50,805.022377
-50.347909,50,805.588296
-50.366378,50,806.177297
-50.390594,50,806.754498
-50.2648,50,809.762771
-50.273256,50,810.42601
-50.351086,50,811.078496
-50.332632,50,811.746145
-50.331705,50,812.425812
-50.380347,50,813.082921
-50.331945,50,813.732655
-50.300169,50,814.39863
-50.319548,50,815.101316
-50.300523,50,815.640058
-50.366611,50,816.197798
-50.324027,50,816.737362
-50.307097,50,817.308482
-50.328849,50,817.913693
-50.316387,50,818.571409
-50.302007,50,819.220593
-50.299237,50,819.882467
-50.346904,50,820.534596
-50.304366,50,821.197022
-50.302702,50,821.848318
-50.310465,50,822.516901
-50.287961,50,823.157579
-50.322007,50,823.779998
-50.336142,50,824.415137
-50.386648,50,825.03678
-50.332046,50,825.654429
-50.25117,50,826.275376
-50.33784,50,826.885488
-50.332908,50,827.537269
-50.252763,50,828.14063
-50.376831,50,828.752418
-50.336136,50,829.368169
-50.355387,50,830.028609
-50.335565,50,830.687093
-50.333398,50,831.349217
-50.282897,50,832.003614
-50.337349,50,832.650866
-50.342516,50,833.348554
-50.260688,50,833.991986
-50.344323,50,834.648664
-50.258318,50,835.285965
-50.308521,50,835.914714
-50.319974,50,836.539506
-50.347326,50,837.175824
-50.325312,50,837.802221
-48.292255,50,838.447103
-50.299038,50,839.075221
-50.273042,50,839.694846
-50.256499,50,840.376205
-50.318615,50,841.016891
-50.320405,50,841.661955
-50.313279,50,842.323004
-50.318593,50,842.999184
-50.366449,50,843.658833
-50.296848,50,844.301876
-50.302302,50,844.954425
-50.347595,50,845.60921
-50.322839,50,846.252119
-50.349208,50,846.863402
-50.298155,50,847.50282
-49.395749,50,848.140288
-50.302717,50,848.762489
-50.325621,50,849.394424
-50.338962,50,850.006231
-50.352361,50,850.65094
-50.403371,50,851.291444
-50.365275,50,851.924465
-49.325375,50,852.556507
-50.357283,50,853.197508
-50.318632,50,853.857699
-50.376409,50,854.534818
-50.302999,50,855.178299
-50.350412,50,855.81655
-50.395569,50,856.481713
-50.40404,50,857.132911
-50.322858,50,857.806004
-50.329617,50,858.467164
-50.344884,50,859.103901
-50.37961,50,859.71556
-50.382299,50,860.346244
-50.368818,50,860.98823
-50.355197,50,861.623917
-50.381307,50,862.258521
-50.382554,50,862.900198
-50.375165,50,863.544693
-50.379501,50,864.188901
-48.373439,50,864.838386
-50.388173,50,865.471262
-50.405903,50,866.105729
-50.357885,50,866.760356
-50.381776,50,867.409999
-50.365781,50,868.073133
-50.342805,50,868.736503
-50.400037,50,869.397283
-47.360779,50,870.03325
-50.397912,50,870.664966
-50.34144,50,871.293609
-50.341639,50,871.924567
-50.307963,50,872.550788
-50.321912,50,873.171039
-50.307822,50,876.172797
-50.374666,50,876.819026
-50.299284,50,877.47503
-50.391944,50,878.108608
-50.337424,50,878.795022
-49.30832,50,879.443964
-50.335276,50,880.060878
-50.283583,50,880.703484
-50.344687,50,881.331854
-50.372605,50,881.956198
-50.320581,50,882.593104
-50.319582,50,883.25516
-50.373349,50,883.825469
-50.322615,50,884.373103
-50.328795,50,884.909548
-50.341473,50,885.498573
-50.353786,50,886.134802
-47.322978,50,886.77791
-50.39058,50,887.437163
-50.352545,50,888.07965
-48.338423,50,888.733182
-48.313369,50,889.397697
-50.362739,50,890.066194
-50.312564,50,890.712133
-50.383817,50,891.387325
-50.309496,50,892.040724
-50.332095,50,892.709301
-50.385619,50,893.338002
-46.365339,50,893.970791
-50.399366,50,894.599766
-47.355762,50,895.235466
-50.319175,50,895.850552
-50.325215,50,896.493905
-50.319371,50,897.111344
-49.355347,50,897.737304
-50.375371,50,898.413395
-50.337464,50,899.062573
-50.3685,50,899.718921
-50.331138,50,900.381752
-50.385237,50,901.024262
-50.332503,50,901.662787
-50.402487,50,902.359908
-50.341822,50,903.019598
-50.395392,50,903.67166
-50.426507,50,904.299768
-34.914138,50,904.92458
-50.432238,50,905.561296
-50.385631,50,906.187906
-50.342357,50,906.813004
-13.969958,50,907.430118
-50.367753,50,908.052416
-41.451361,50,908.67957
-50.2946,50,909.319608
-48.958414,50,909.930959
-45.32914,50,910.571066
-49.92856,50,911.204857
-12.927066,50,911.847427
-15.957994,50,912.497081
-39.957843,50,913.130172
-40.334377,50,913.763162
-0.990939,50,914.394064
-11.990981,50,915.012177
-40.948893,50,915.631385
-49.918447,50,916.254899
-49.973999,50,916.860371
-49.930124,50,917.496836
-43.903969,50,918.116104
-49.942017,50,918.735133
-43.909342,50,919.454161
-49.981428,50,920.118035
-49.946421,50,920.767291
-49.950984,50,921.415614
-49.916994,50,922.057801
-49.933016,50,922.719442
-49.94662,50,923.364949
-28.938752,50,924.03532
-49.977455,50,924.749261
-49.931301,50,925.458052
-49.961686,50,926.103782
-49.996233,50,926.744485
-49.966736,50,927.368096
-49.951847,50,927.983695
-49.962659,50,928.614152
-49.946669,50,929.241546
-14.922799,50,929.910628
-49.955143,50,930.579228
-49.961797,50,931.191334
-49.976508,50,931.813476
-49.924676,50,932.46361
-49.965499,50,933.085379
-15.974334,50,933.692118
-10.914217,50,934.366337
-49.93065,50,935.019402
-2.970197,50,935.670084
-49.915534,50,936.342195
-14.973846,50,936.988903
-49.955758,50,937.61936
-49.937261,50,938.236986
-49.931978,50,938.831101
-49.939221,50,939.46971
-49.944138,50,943.180288
-49.949134,50,943.872135
-49.969111,50,944.602167
-47.946294,50,945.336238
-12.90898,50,946.040742
-49.975059,50,946.74614
-49.951235,50,947.496327
-49.964388,50,948.217159
-49.935824,50,948.938632
-49.959926,50,949.631324
-49.936648,50,950.31328
-31.939571,50,950.960405
-47.003458,50,951.66007
-45.936812,50,952.477651
-18.937601,50,953.209032
-49.899815,50,953.934137
-49.956034,50,954.601432
-49.941508,50,955.279183
-3.920026,50,955.999743
-49.915479,50,956.697073
-49.988596,50,957.411321
-49.934765,50,958.169813
-49.94986,50,958.88113
-0.975852,50,959.582692
-8.93113,50,960.308608
-6.915268,50,961.023761
-49.916468,50,961.722158
-49.93599,50,962.410201
-49.916635,50,963.124068
-49.983952,50,963.834151
-49.960912,50,964.548672
-49.971004,50,965.248026
-49.973903,50,965.941197
-49.98245,50,966.641193
-49.958633,50,967.376564
-10.980828,50,968.090344
-34.914311,50,968.805301
-28.950117,50,969.534195
-49.924566,50,970.228619
-49.944177,50,970.954116
-49.991468,50,971.677164
-3.951888,50,972.417526
-47.935192,50,973.094375
-29.998861,50,973.792537
-44.997548,50,974.504035
-8.949243,50,975.215421
-38.926107,50,975.90416
-26.948727,50,976.598633
-38.964516,50,977.305289
-50.001158,50,978.004166
-49.949095,50,978.71533
-49.962833,50,979.422306
-12.919376,50,980.120155
-11.920527,50,980.841118
-11.942099,50,981.580768
-49.974499,50,982.272118
-14.941186,50,982.986286
-49.965563,50,983.695227
-49.959448,50,984.390892
-20.908758,50,985.106765
-29.980871,50,985.789711
-49.954863,50,986.474603
-39.974651,50,987.175287
-17.930837,50,987.861126
-49.977052,50,988.661095
-36.985967,50,989.37078
-50.005055,50,990.093117
-49.943048,50,990.795426
-18.938244,50,991.49863
-50.003399,50,992.203172
-33.950814,50,992.904389
-45.996436,50,993.616091
-17.933584,50,994.366245
-16.930902,50,995.075159
-39.981658,50,995.760725
-49.985422,50,996.462084
-49.953145,50,997.149441
-49.963297,50,997.822737
-16.93073,50,998.54215
-49.972496,50,999.232799
-49.950987,50,999.947233
-49.976902,50,1000.681211
-49.949872,50,1001.422271
-49.971365,50,1002.135557
-16.93738,50,1002.858738
-17.940619,50,1003.58533
-49.969317,50,1004.341171
-24.934757,50,1005.081043
-49.925302,50,1005.868681
-49.952136,50,1006.593239
-15.955947,50,1007.281299
-49.986958,50,1007.970749
-49.961707,50,1008.679209
-21.921438,50,1009.374332
-49.973814,50,1010.061776
-49.991546,50,1010.758747
-49.953187,50,1011.486254
-41.959215,50,1012.17425
-49.977416,50,1012.897431
-37.963287,50,1013.614109
-49.990884,50,1016.845324
-49.971147,50,1017.548718
-25.008526,50,1018.246401
-49.912423,50,1018.973127
-44.947188,50,1019.692361
-49.998525,50,1020.40946
-7.932469,50,1021.128754
-44.987593,50,1021.835317
-9.924061,50,1022.56217
-23.945068,50,1023.296071
-7.912796,50,1024.007435
-48.941336,50,1024.714051
-5.943787,50,1025.435069
-49.953003,50,1026.177404
-38.971281,50,1026.902117
-49.960127,50,1027.638779
-33.944248,50,1028.37718
-49.953569,50,1029.05425
-7.920591,50,1029.654245
-18.940479,50,1030.369357
-49.961779,50,1031.091035
-20.916805,50,1032.030782
-49.960709,50,1032.766708
-11.887096,50,1033.534163
-49.94787,50,1034.263266
-33.975768,50,1035.055128
-41.976059,50,1035.868763
-43.928021,50,1036.633797
-49.933607,50,1037.436453
-49.942436,50,1038.195249
-48.936894,50,1038.96509
-49.929441,50,1039.729647
-28.985458,50,1040.521097
-6.905953,50,1041.264767
-49.955099,50,1042.004825
-40.910196,50,1042.75459
-2.891916,50,1043.575326
-34.958303,50,1044.341118
-28.928589,50,1045.125497
-27.936245,50,1045.921715
-4.91079,50,1046.810908
-49.964268,50,1047.534186
-41.910957,50,1048.252597
-19.949804,50,1048.968722
-35.952649,50,1049.704602
-28.921865,50,1050.457115
-6.936085,50,1051.210271
-31.926924,50,1051.981139
-49.93822,50,1052.780511
-25.964812,50,1053.484086
-47.959044,50,1054.253683
-49.941478,50,1055.005612
-40.956031,50,1055.765299
-35.996876,50,1056.560958
-34.948174,50,1057.354124
-46.944839,50,1058.15721
-29.977562,50,1058.955274
-35.9434,50,1059.734813
-49.936229,50,1060.526251
-46.964603,50,1061.314068
-49.948845,50,1062.101535
-49.91773,50,1062.866579
-46.005831,50,1063.634315
-49.939099,50,1064.407417
-35.928385,50,1065.177232
-49.93303,50,1065.953326
-35.941089,50,1066.843371
-38.946951,50,1067.700346
-33.959879,50,1068.607087
-39.95865,50,1069.543299
-7.95556,50,1070.435315
-49.93594,50,1071.345386
-35.930993,50,1072.216087
-14.965669,50,1073.056197
-33.954825,50,1073.848554
-31.972376,50,1074.663312
-35.942521,50,1075.473199
-36.922188,50,1076.324364
-11.926927,50,1077.190754
-16.947831,50,1078.049738
-37.916064,50,1078.89516
-18.929876,50,1079.718621
-30.960941,50,1080.578614
-5.93681,50,1081.432462
-5.951528,50,1082.254305
-28.980653,50,1083.031264
-0.955725,50,1083.80103
-16.917173,50,1084.68863
-10.962277,50,1085.629062
-2.961727,50,1086.548661
-10.92853,50,1087.46658
-32.94691,50,1088.348734
0.018056,50,1089.235739
-35.944398,50,1090.072108
-30.976263,50,1090.907155
-1.911742,50,1091.756924
-1.945661,50,1092.644115
-8.902525,50,1093.509782
-4.969416,50,1094.395057
-1.958723,50,1095.28961
-13.908533,50,1099.145281
0.02336,50,1099.98056
-31.920092,50,1100.852685
-3.920192,50,1101.757188
-0.958305,50,1102.714907
-1.942727,50,1103.629279
-19.947634,50,1104.5316
-0.965401,50,1105.411542
-3.943573,50,1106.271182
-2.90408,50,1107.148659
-0.946698,50,1108.040367
-1.925932,50,1108.909148
-4.929453,50,1109.727875
0.01561,50,1110.548722
-1.938442,50,1111.360106
-1.930156,50,1112.185249
0.01608,50,1112.99733
-1.941481,50,1113.799795
-3.921775,50,1114.522106
-4.91377,50,1115.237205
-4.928669,50,1116.080108
-2.910359,50,1116.900124
0.031279,50,1117.639335
-2.923154,50,1118.382309
0.035568,50,1119.097152
-14.908963,50,1119.851488
-2.92742,50,1120.574148
-1.943068,50,1121.255656
-0.966704,50,1121.972624
-1.955201,50,1122.678726
-3.921578,50,1123.383523
-2.941153,50,1124.112315
-1.933727,50,1124.867327
0.038387,50,1125.680742
-9.926681,50,1126.507652
-2.918583,50,1127.29705
-0.96419,50,1128.095279
-2.900408,50,1128.885168
-1.941326,50,1129.61513
-2.918985,50,1130.335214
0.019411,50,1131.157598
-5.908126,50,1131.873119
-1.926366,50,1132.730277
-3.927993,50,1133.604064
-0.955411,50,1134.511225
-4.898209,50,1135.224114
-1.942227,50,1135.981137
0.026864,50,1136.753977
-0.958243,50,1137.712424
-3.918923,50,1138.853492
-1.958898,50,1139.804272
-2.925003,50,1140.850372
-2.906136,50,1141.78101
-2.933886,50,1142.68762
-5.904909,50,1143.592441
-2.932481,50,1144.495268
0.03137,50,1145.415546
0.023204,50,1146.328596
-0.951366,50,1147.236115
-4.91657,50,1148.077211
-2.920019,50,1148.973267
-1.945299,50,1149.895054
-1.941502,50,1150.780192
-2.935789,50,1151.738655
-0.962646,50,1152.686764
-7.918195,50,1153.583412
-2.92107,50,1154.456013
-0.962932,50,1155.306165
-2.93241,50,1156.163235
-2.937075,50,1157.117111
-4.92756,50,1157.928609
-1.942565,50,1158.777289
-2.928604,50,1159.650107
-1.941486,50,1160.513554
-2.934665,50,1161.326556
-2.922578,50,1162.155729
-2.920685,50,1163.04718
-2.92121,50,1163.939727
-1.935353,50,1164.821306
-2.905386,50,1165.712363
-2.956945,50,1166.614304
-1.927327,50,1167.467298
-1.94307,50,1168.264158
-3.922787,50,1169.208659
-2.915501,50,1170.043292
-1.912094,50,1170.903238
0.027829,50,1171.84339
-1.949278,50,1172.777
-1.935207,50,1173.676198
-2.908995,50,1174.527197
-1.94497,50,1175.331236
-1.949382,50,1176.151052
-1.931031,50,1177.021461
-1.945609,50,1177.843231
-1.921361,50,1178.694259
-2.897673,50,1179.618596
-3.911769,50,1180.537281
-2.938465,50,1181.439937
-2.902644,50,1182.369494
-3.918204,50,1183.242183
-1.92152,50,1187.112515
-2.934025,50,1187.927162
-2.912492,50,1188.787777
0.027323,50,1189.619677
-1.943019,50,1190.439666
-1.956868,50,1191.27709
-4.944789,50,1192.140359
0.020356,50,1192.973161
-2.920036,50,1193.817127
-3.914663,50,1194.685169
-1.92617,50,1195.502504
-2.913594,50,1196.300282
-2.892998,50,1197.112283
-0.950961,50,1197.923123
-1.93391,50,1198.729726
-2.932917,50,1199.530174
-1.929549,50,1200.371287
-1.946928,50,1201.221254
-1.932525,50,1202.103266
-1.939266,50,1202.977138
-0.957313,50,1203.817251
-1.93735,50,1204.757138
-1.929466,50,1205.617071
-1.912035,50,1206.476151
0.03807,50,1207.386108
-1.921633,50,1208.193121
-2.905078,50,1209.005713
-1.944175,50,1209.792242
0.038715,50,1210.636369
-0.954056,50,1211.506382
-0.94263,50,1212.346273
0.019664,50,1213.146185
-0.953956,50,1213.998726
-2.90791,50,1214.784263
-0.954346,50,1215.65018
-2.918341,50,1216.42133
-2.917627,50,1217.06206
-1.92394,50,1217.787318
-2.915686,50,1218.594023
-0.958045,50,1219.362063
-1.945828,50,1220.142346
-2.909366,50,1220.909793
-1.926391,50,1221.687116
-0.941388,50,1222.398946
-1.92998,50,1223.110682
-2.918518,50,1223.814652
-0.961228,50,1224.542205
-0.935972,50,1225.257292
0.023171,50,1226.010423
-0.958832,50,1226.821286
-2.921004,50,1227.797097
-2.921412,50,1228.674308
-1.919167,50,1229.434594
-2.906286,50,1230.202246
-1.90898,50,1230.916191
-0.934855,50,1231.659471
0.035182,50,1232.472275
-1.924282,50,1233.337196
-0.942472,50,1234.26409
-2.90155,50,1235.195257
-0.946366,50,1236.156186
0.020258,50,1237.137289
-1.919102,50,1238.106289
-0.944303,50,1239.134126
-0.952746,50,1240.113328
-2.915541,50,1241.010196
-0.951242,50,1241.932102
-0.95512,50,1242.827178
-1.939657,50,1243.74425
-1.940282,50,1244.656119
-1.931702,50,1245.557206
0.016222,50,1246.46668
-2.916912,50,1247.347285
-1.925651,50,1248.214212
-1.935649,50,1249.06207
0.002417,50,1249.892284
0.031434,50,1250.783068
-1.925787,50,1251.658653
-0.955149,50,1252.542359
-2.919548,50,1253.459472
-1.924647,50,1254.355262
-0.94336,50,1255.227831
-2.933139,50,1256.078753
0.009537,50,1256.882313
-2.881284,50,1257.708684
-1.93714,50,1258.606256
-0.952956,50,1259.533935
-1.932071,50,1260.420323
-1.930083,50,1261.305105
-1.938419,50,1262.200315
-1.939291,50,1263.02327
-2.903658,50,1263.862083
-2.923358,50,1264.691087
0.028559,50,1265.561404
-1.93065,50,1266.404954
-1.911571,50,1267.20869
-1.939763,50,1267.986229
-2.925607,50,1268.707121
-2.914631,50,1269.427204
-0.948985,50,1270.122237
-1.923502,50,1273.379726
-2.906862,50,1274.148612
0.031794,50,1274.923302
-2.893457,50,1275.657184
-0.950785,50,1276.363199
0.02701,50,1277.145733
-2.922525,50,1277.973116
-1.932148,50,1278.87624
-1.916446,50,1279.827298
-1.924676,50,1280.785262
-1.92238,50,1281.748855
0.028502,50,1282.695259
-0.946773,50,1283.667346
-0.949168,50,1284.583106
-2.882942,50,1285.552686
-2.905734,50,1286.417081
-2.897059,50,1287.327214
-2.919131,50,1288.210515
-1.920889,50,1289.114185
-1.928647,50,1290.038566
-2.905953,50,1291.003295
-0.958815,50,1291.951119
0.031067,50,1292.863184
-2.904231,50,1293.77627
-1.912755,50,1294.721251
-2.887204,50,1295.622114
0.026267,50,1296.507289
-2.897128,50,1297.372146
-2.89904,50,1298.204229
-0.938054,50,1298.932133
-2.899164,50,1299.698559
-1.935643,50,1300.455077
-0.936391,50,1301.191084
-1.933729,50,1301.998564
-1.93968,50,1302.880266
-2.932056,50,1303.783123
-0.947878,50,1304.745134
-1.927881,50,1305.699346
-2.920073,50,1306.671687
-0.940931,50,1307.642147
-1.914773,50,1308.579766
-3.876054,50,1309.497186
-0.931539,50,1310.369111
-0.943745,50,1311.197511
-1.92055,50,1312.071299
-2.914943,50,1312.963315
-2.910877,50,1313.877331
-2.927848,50,1314.774713
-1.922357,50,1315.684183
0.042035,50,1316.618776
-0.956894,50,1317.534138
-1.933977,50,1318.45865
-2.898529,50,1319.380162
-0.95838,50,1320.284575
-2.912447,50,1321.151149
-2.915173,50,1321.988632
-1.908174,50,1322.807908
0.040158,50,1323.689449
-1.93391,50,1324.621241
-2.887517,50,1325.564331
-2.895357,50,1326.464303
-1.928808,50,1327.35129
-2.910709,50,1328.223296
-1.918174,50,1329.065166
-0.931484,50,1329.887448
-1.916636,50,1330.781219
-1.9404,50,1331.545079
-2.88247,50,1332.442262
-1.912211,50,1333.345061
0.037667,50,1334.231372
-1.919718,50,1335.117311
-1.916297,50,1336.025234
-0.958076,50,1336.968663
0.025835,50,1337.881645
0.026318,50,1338.654267
-0.958425,50,1339.410071
0.03905,50,1340.16317
-1.932022,50,1340.952544
-1.925536,50,1341.802058
-2.911713,50,1342.700348
-2.895971,50,1343.622224
-0.93683,50,1344.548612
-1.918338,50,1345.461157
-2.923718,50,1346.397806
-1.937463,50,1347.316561
-0.952338,50,1348.161223
0.041073,50,1349.040289
0.039272,50,1349.87709
-0.947127,50,1350.780328
-1.928657,50,1351.540617
-2.90743,50,1352.286693
-1.946389,50,1353.033019
-0.942576,50,1353.77862
0.031318,50,1354.542147
-1.917444,50,1355.331193
-2.913486,50,1356.224131
-0.9429,50,1357.135336
-1.929107,50,1358.04747
-2.915224,50,1358.986241
-1.937728,50,1359.92723
-0.940112,50,1363.815974
-1.918015,50,1364.686054
-1.91663,50,1365.491046
-0.94116,50,1366.287331
-0.94599,50,1367.141035
-0.94759,50,1368.009397
-1.914946,50,1368.927439
-2.904425,50,1369.844321
-1.916404,50,1370.767082
-1.925682,50,1371.724058
-1.937315,50,1372.646318
0.034818,50,1373.555224
-0.942345,50,1374.414337
-1.903263,50,1375.21033
-1.927772,50,1375.994118
-0.943564,50,1376.793232
-2.918134,50,1377.599996
-0.945434,50,1378.454087
-0.937328,50,1379.330483
0.024808,50,1380.224373
-1.920866,50,1381.130489
0.023562,50,1382.009487
-0.946073,50,1382.936221
-1.913279,50,1383.817655
-1.913821,50,1384.677074
-0.939797,50,1385.551301
-0.954007,50,1386.333406
-0.938732,50,1387.14628
0.010585,50,1387.986112
-1.94007,50,1388.847348
0.04344,50,1389.738805
0.036411,50,1390.653249
-2.902282,50,1391.538711
0.026105,50,1392.389678
-1.935428,50,1393.315183
-0.933833,50,1394.289392
-1.936093,50,1395.267295
-0.948681,50,1396.225676
-1.921776,50,1397.160306
-2.904145,50,1398.107322
0.019646,50,1399.042279
-2.907589,50,1399.992978
-1.908719,50,1400.938628
-1.94382,50,1401.856502
-1.934164,50,1402.78529
-1.912624,50,1403.720471
-1.932914,50,1404.656254
-2.916541,50,1405.650482
-2.915894,50,1406.593351
-0.939053,50,1407.501326
-0.953118,50,1408.351048
-1.926949,50,1409.141306
-0.938828,50,1409.920186
0.038231,50,1410.742117
-1.940677,50,1411.614217
0.040745,50,1412.488672
-1.910788,50,1413.395244
-0.938429,50,1414.292176
-2.912371,50,1415.224169
0.042161,50,1416.128024
-1.928453,50,1416.997306
-0.941786,50,1417.841272
-0.952809,50,1418.677148
-2.903357,50,1419.549553
-0.953658,50,1420.414145
-0.938001,50,1421.226522
-0.953413,50,1422.027289
-2.913089,50,1422.831664
-2.918361,50,1423.718758
-1.938872,50,1424.601075
-1.926032,50,1425.507214
-0.936442,50,1426.376507
-1.928806,50,1427.265265
-1.914102,50,1428.14157
-1.921612,50,1429.020786
0.038945,50,1429.862467
-1.913045,50,1430.704321
-0.95286,50,1431.568717
-2.892908,50,1432.38372
-0.95474,50,1433.191388
-0.930468,50,1434.068541
-1.935553,50,1434.999676
-1.914508,50,1435.910544
-0.940215,50,1436.797986
-1.930005,50,1437.680796
-2.931117,50,1438.587321
-1.935865,50,1439.470138
-1.928227,50,1440.278578
-2.924479,50,1441.114269
0.036252,50,1441.972086
-1.940118,50,1442.860286
-1.927936,50,1443.730361
-1.919803,50,1444.623207
-0.941157,50,1445.463345
-0.940555,50,1446.251203
-1.918628,50,1447.033138
-2.905836,50,1447.880317
-1.913151,50,1448.717037
-3.893033,50,1449.565159
-1.939932,50,1450.40113
-1.93266,50,1454.561667
-0.935639,50,1455.582325
-2.91629,50,1456.589813
-1.927166,50,1457.621211
-2.908165,50,1458.700533
-1.926653,50,1459.755624
-0.935144,50,1460.676121
-1.913628,50,1461.53406
-1.926238,50,1462.323237
-2.916521,50,1463.073238
-1.926368,50,1463.870464
-1.938258,50,1464.64215
0.030035,50,1465.348562
-0.936975,50,1466.053062
0.035297,50,1466.834131
-0.945668,50,1467.578633
-0.934861,50,1468.419554
-1.930406,50,1469.134209
-0.950108,50,1469.844157
-1.930816,50,1470.5687
-0.956806,50,1471.308749
-1.944703,50,1472.040182
-1.924342,50,1472.82728
-2.921304,50,1473.72232
-1.920848,50,1474.632223
0.029291,50,1475.543231
-2.897739,50,1476.272738
-2.898949,50,1477.01327
-1.920691,50,1477.872622
-1.917435,50,1478.676593
-1.918533,50,1479.425405
-1.921956,50,1480.179219
-2.897084,50,1480.926271
-0.952994,50,1481.646259
-1.932321,50,1482.374298
-1.922987,50,1483.113169
-1.922489,50,1483.828813
-1.915644,50,1484.571241
-0.933904,50,1485.311356
-2.918841,50,1486.0286
0.027043,50,1486.745195
-0.944756,50,1487.474601
-2.930278,50,1488.177756
-1.930599,50,1488.887316
-0.943711,50,1489.617468
-1.928977,50,1490.347238
-1.907299,50,1491.067163
-2.903824,50,1491.772243
-1.921243,50,1492.532209
-0.954888,50,1493.26231
-1.935464,50,1493.980927
-0.954036,50,1494.88728
-1.936028,50,1495.652305
0.029426,50,1496.368635
-1.914045,50,1497.16079
-1.936656,50,1497.949336
-1.915518,50,1498.761026
-0.94508,50,1499.563283
-1.925341,50,1500.377237
-2.887084,50,1501.199493
-0.93215,50,1502.017023
-0.959968,50,1502.860687
-1.929326,50,1503.734096
-1.933165,50,1504.548608
-1.938104,50,1505.348795
-0.948296,50,1506.143216
-0.943141,50,1506.889683
-1.92905,50,1507.676265
-2.919157,50,1508.431053
0.024656,50,1509.148592
-1.934225,50,1509.917172
-1.920873,50,1510.707046
-1.938649,50,1511.513269
-1.91843,50,1512.339172
-0.946955,50,1513.143127
-1.934431,50,1513.970141
-1.942607,50,1514.803109
-0.937386,50,1515.643215
-1.912889,50,1516.466187
-2.905841,50,1517.252291
-1.933866,50,1518.049726
-1.935042,50,1518.823247
-1.925881,50,1519.625254
-0.924277,50,1520.41295
-1.920675,50,1521.214216
-1.937846,50,1521.995219
-2.897152,50,1522.772343
-0.949266,50,1523.569639
-1.933275,50,1524.392328
-2.909092,50,1525.300253
-2.903943,50,1526.086253
-1.909404,50,1526.853131
0.037537,50,1527.664247
-1.94343,50,1528.412166
-1.914665,50,1529.133401
-0.953805,50,1529.872127
-1.929941,50,1530.647085
-0.94458,50,1531.433309
-0.92941,50,1532.234225
-1.927705,50,1533.041307
0.032308,50,1536.439691
-1.929546,50,1537.188758
-2.910867,50,1537.929075
-1.928461,50,1538.677081
-2.893664,50,1539.464134
-0.942221,50,1540.257105
-1.912936,50,1541.068585
-2.89656,50,1541.873318
-1.935518,50,1542.698905
-1.925308,50,1543.548561
-1.935466,50,1544.376178
-1.928927,50,1545.155406
-2.907518,50,1545.972298
-1.91377,50,1546.747152
-1.91811,50,1547.562263
-1.915473,50,1548.355393
-1.926242,50,1549.133155
-0.944566,50,1549.920278
-1.926248,50,1550.727663
-0.949701,50,1551.504143
-1.91839,50,1552.275151
-2.921599,50,1553.091133
-1.911932,50,1553.914065
-2.910738,50,1554.750718
-2.910581,50,1555.569526
-2.887489,50,1556.359505
-2.905479,50,1557.141165
-1.928684,50,1557.954088
-1.942348,50,1558.740134
-1.911469,50,1559.49016
-1.907129,50,1560.235674
-0.956985,50,1561.032222
-1.931236,50,1561.863209
-2.91284,50,1562.700185
-1.942536,50,1563.551486
-1.918107,50,1564.352363
-2.90673,50,1565.173843
-1.924981,50,1565.986229
-1.915217,50,1566.801442
-0.94515,50,1567.596066
-1.924786,50,1568.39561
0.039124,50,1569.197017
-2.913149,50,1569.997226
-1.922682,50,1570.788808
-2.920503,50,1571.613047
-2.908128,50,1572.392729
-1.918635,50,1573.237127
-0.939763,50,1574.025203
-1.923384,50,1574.908821
0.032841,50,1575.639793
0.024451,50,1576.381349
-1.923842,50,1577.122218
-1.921902,50,1577.892036
-0.95626,50,1578.609718
-1.932972,50,1579.363313
-2.899677,50,1580.16747
-1.919055,50,1581.007292
-1.926403,50,1581.798793
-1.93738,50,1582.65129
-0.95554,50,1583.506227
-1.922266,50,1584.337199
-0.94505,50,1585.175416
-1.90206,50,1585.981265
-1.93481,50,1586.807189
-2.91124,50,1587.589771
-2.897569,50,1588.365188
-1.902406,50,1589.169391
-1.924423,50,1589.917442
0.041778,50,1590.662073
-2.907931,50,1591.465635
-0.958189,50,1592.264667
-1.934422,50,1593.09339
-2.908078,50,1593.894259
-2.899648,50,1594.692468
-2.931045,50,1595.547219
-0.945231,50,1596.340493
-1.908577,50,1597.08147
-1.922357,50,1597.817106
-1.931877,50,1598.596382
-1.915215,50,1599.403501
-0.947739,50,1600.192033
-0.94492,50,1600.977335
0.021525,50,1601.771008
-1.912078,50,1602.558695
-0.952665,50,1603.356261
-1.937601,50,1604.170942
-1.920386,50,1604.99304
-0.948039,50,1605.785168
-1.920485,50,1606.607247
-0.956684,50,1607.411273
-2.903992,50,1608.228529
-2.904716,50,1609.136401
-0.947578,50,1609.921198
-0.955388,50,1610.711267
-1.935273,50,1611.54721
0.02455,50,1612.377557
0.042813,50,1613.199708
-0.95495,50,1613.987427
-1.904832,50,1614.730636
0.043691,50,1615.492588
-2.89502,50,1618.918792
-0.943494,50,1619.643058
-2.905868,50,1620.41139
-1.917063,50,1621.139669
-0.941082,50,1621.972258
-1.942796,50,1622.814256
0.026062,50,1623.632231
-2.905849,50,1624.479303
0.033435,50,1625.342217
-2.904064,50,1626.176296
-1.928596,50,1627.002176
-2.918537,50,1627.807417
-1.924741,50,1628.621141
-2.914326,50,1629.453183
-1.907812,50,1630.257392
-0.943913,50,1631.029708
-0.962123,50,1631.810379
-2.92494,50,1632.675117
0.040119,50,1633.484287
-1.921024,50,1634.244058
-2.906082,50,1635.023611
-2.886946,50,1635.821232
-1.915772,50,1636.576271
0.036161,50,1637.369415
-1.897932,50,1638.171175
-2.893914,50,1639.024529
-1.92305,50,1639.867275
-2.911771,50,1640.71621
-2.892765,50,1641.570136
-2.924883,50,1642.362982
-1.93693,50,1643.134107
-1.905694,50,1643.903321
-0.944929,50,1644.69407
-1.917278,50,1645.482283
-0.934022,50,1646.263296
-2.921949,50,1646.975252
-2.91522,50,1647.741307
-1.940466,50,1648.548661
-0.947736,50,1649.271424
-0.945588,50,1649.999608
-1.916496,50,1650.761012
-2.889237,50,1651.65774
-0.948468,50,1652.454512
-0.959559,50,1653.243117
-2.906813,50,1654.060318
-0.93507,50,1654.854146
0.032773,50,1655.664261
-0.963816,50,1656.45018
-0.939286,50,1657.21731
-0.962466,50,1657.991258
-0.960723,50,1658.756161
-1.923224,50,1659.542422
0.020381,50,1660.287144
-1.917904,50,1661.159715
-1.920986,50,1661.96881
-1.913554,50,1662.791256
-1.93777,50,1663.625382
-1.920759,50,1664.437238
-2.907653,50,1665.169653
-0.947153,50,1665.911335
-2.908018,50,1666.68722
-1.92063,50,1667.429409
-0.953209,50,1668.188814
-1.925849,50,1668.99318
-1.917363,50,1669.756483
-1.928673,50,1670.512045
-1.934735,50,1671.234279
0.014247,50,1671.956284
-2.889588,50,1672.693276
0.037938,50,1673.447393
-1.917217,50,1674.188717
0.012519,50,1674.907773
-1.925404,50,1675.683267
-2.912769,50,1676.437313
-3.899435,50,1677.231334
-1.915586,50,1678.034298
-1.924644,50,1678.865201
0.028171,50,1679.674278
-2.915947,50,1680.479679
-0.944451,50,1681.273151
-1.934271,50,1682.067331
-1.930335,50,1682.882299
-1.920914,50,1683.681352
-1.916514,50,1684.499558
-2.90948,50,1685.296079
-1.915897,50,1686.108585
-2.908592,50,1686.897164
-0.951132,50,1687.67112
-0.945601,50,1688.470118
-1.933657,50,1689.24632
-1.945147,50,1690.017682
-0.951851,50,1690.817728
-1.928655,50,1691.59407
0.02034,50,1692.405136
-1.92153,50,1693.21517
-1.917651,50,1694.07529
-2.900668,50,1694.935695
-1.911821,50,1695.757292
-1.94059,50,1696.55335
-1.934468,50,1697.325135
-2.905355,50,1700.67038
-0.951383,50,1701.462284
-1.922758,50,1702.222256
-2.913878,50,1702.981447
0.030051,50,1703.713305
-2.894756,50,1704.487113
-1.924797,50,1705.212059
-1.935168,50,1705.985102
-1.93587,50,1706.827632
-0.944006,50,1707.643244
-1.916451,50,1708.492212
-2.914905,50,1709.313186
0.043529,50,1710.106284
-0.948204,50,1710.85618
-0.939192,50,1711.691099
-0.944528,50,1712.437409
-1.921594,50,1713.201211
-1.925455,50,1714.086192
-1.930713,50,1714.91534
-0.954186,50,1715.703278
0.03059,50,1716.48701
-1.922752,50,1717.274209
-1.918427,50,1718.058794
-2.89936,50,1718.810709
-2.905443,50,1719.58979
-0.944064,50,1720.323286
-2.929,50,1721.097183
0.02482,50,1721.890929
-1.92231,50,1722.690325
-1.922619,50,1723.497021
-2.882386,50,1724.32116
0.018789,50,1725.125196
-1.920485,50,1725.913533
-1.928429,50,1726.693421
-0.949733,50,1727.527824
-1.957068,50,1728.330966
-1.908031,50,1729.114149
-2.891367,50,1729.860241
-2.915838,50,1730.614258
-1.916169,50,1731.324278
-1.930139,50,1732.084199
-1.921689,50,1732.853199
-1.923168,50,1733.634736
0.042158,50,1734.410986
-0.939025,50,1735.181124
-1.925094,50,1735.990121
-1.927901,50,1736.777277
-1.927529,50,1737.560244
-1.918661,50,1738.34272
-2.896853,50,1739.158522
-1.932435,50,1739.941664
-2.909523,50,1740.703057
-2.90808,50,1741.474921
-1.938992,50,1742.26855
-2.918809,50,1743.110356
-2.90601,50,1743.925253
-1.929333,50,1744.743207
-2.906318,50,1745.637098
-2.925556,50,1746.416137
-0.931786,50,1747.204294
-0.946549,50,1748.000832
-2.908088,50,1748.735073
-1.92852,50,1749.513245
-1.92822,50,1750.271259
0.038469,50,1751.035184
-2.915906,50,1751.773964
-2.895036,50,1752.495098
0.037657,50,1753.230199
-1.926943,50,1753.972274
0.039703,50,1754.685116
-1.943875,50,1755.416246
-1.937593,50,1756.128763
-1.933549,50,1756.854721
-2.910035,50,1757.609144
-0.95172,50,1758.356767
-1.933196,50,1759.135311
-1.904479,50,1759.909643
-1.919524,50,1760.74717
-0.946721,50,1761.687252
-0.957583,50,1762.50229
0.025688,50,1763.279417
-1.92044,50,1764.070283
-0.961779,50,1764.876391
-1.928528,50,1765.665332
-2.918078,50,1766.512058
-2.894243,50,1767.294408
-1.924223,50,1768.05872
-0.942064,50,1768.826164
0.03058,50,1769.587281
-2.909351,50,1770.341207
-2.900291,50,1771.05934
-1.935078,50,1771.817263
-0.949823,50,1772.644981
-1.92408,50,1773.48505
0.027612,50,1774.287456
-1.939677,50,1775.079404
-0.93038,50,1775.907045
-1.912279,50,1776.713073
0.035341,50,1777.603034
-2.923172,50,1778.43113
-1.919926,50,1781.833136
-1.91689,50,1782.623055
-0.945421,50,1783.398711
0.02048,50,1784.138811
-1.915314,50,1784.915386
-1.93908,50,1785.762237
-0.937644,50,1786.578768
-0.938236,50,1787.388764
-1.913302,50,1788.212198
-1.913975,50,1789.030337
-1.905359,50,1789.817084
-0.93994,50,1790.587296
0.043185,50,1791.33707
-1.932708,50,1792.21321
-1.92668,50,1792.985715
-2.924713,50,1793.74206
-2.903026,50,1794.54217
-0.944861,50,1795.316704
-1.917708,50,1796.151319
0.018503,50,1796.904207
-0.948368,50,1797.719698
-1.938965,50,1798.527312
0.029202,50,1799.310123
0.019588,50,1800.105525
-2.89983,50,1800.881965
-0.95344,50,1801.677586
0.027737,50,1802.461185
-0.962508,50,1803.248651
-0.942117,50,1804.005045
-1.927281,50,1804.767274
-1.94924,50,1805.525295
-0.959155,50,1806.314333
0.041003,50,1807.083563
-1.931509,50,1807.911195
-1.919784,50,1808.77018
-2.905647,50,1809.544102
-1.914,50,1810.32023
-1.950672,50,1811.069651
-1.924966,50,1811.812145
0.027131,50,1812.535187
-2.924834,50,1813.274278
-2.890648,50,1814.064267
-1.920791,50,1814.861331
-1.946305,50,1815.631079
-2.899335,50,1816.566323
-0.957352,50,1817.405395
-2.910273,50,1818.215227
-0.93887,50,1819.009728
-0.944475,50,1819.877155
-1.934149,50,1820.691233
0.030969,50,1821.48969
-2.922673,50,1822.245161
-1.934689,50,1823.008965
-0.95082,50,1823.813123
-1.939457,50,1824.632873
-0.94839,50,1825.377272
-2.911104,50,1826.137271
-0.93605,50,1826.900149
-1.906832,50,1827.674322
-2.913871,50,1828.47067
-0.931819,50,1829.294732
-1.928409,50,1830.077262
-0.939449,50,1830.865317
-1.925036,50,1831.651255
-2.922276,50,1832.435516
-2.919073,50,1833.218804
-1.918465,50,1833.949765
-2.908243,50,1834.755088
-1.932796,50,1835.561291
-0.946012,50,1836.296729
-1.942946,50,1837.026157
-2.924185,50,1837.773202
-1.912198,50,1838.50282
-1.945017,50,1839.240812
-2.927178,50,1839.97505
-2.931391,50,1840.768687
-0.945514,50,1841.581138
-0.951493,50,1842.4213
-0.947379,50,1843.247427
-0.956361,50,1844.038613
0.031248,50,1844.860327
-2.907976,50,1845.687132
-1.929639,50,1846.456108
-1.917396,50,1847.198908
-1.925327,50,1848.024331
-1.922342,50,1848.773425
-1.918605,50,1849.495324
-1.93218,50,1850.219779
-1.920956,50,1850.944326
-1.918879,50,1851.70127
-1.925268,50,1852.49716
-1.937536,50,1853.303219
-1.942583,50,1854.109148
-1.917565,50,1854.962018
-0.942691,50,1855.754307
-1.92972,50,1856.574246
-0.945375,50,1857.374162
-1.930318,50,1858.216131
-2.896364,50,1859.003258
-0.953153,50,1859.786127
-1.934803,50,1863.277173
-2.910137,50,1864.05423
-0.945453,50,1864.855466
0.017721,50,1865.651422
-1.90045,50,1866.423304
-0.955295,50,1867.267246
-1.929602,50,1868.041336
0.03751,50,1868.82281
-1.922193,50,1869.63863
-1.923763,50,1870.437328
-0.948508,50,1871.225261
-2.900823,50,1872.005159
-1.906277,50,1872.766129
-0.931504,50,1873.518965
-0.937212,50,1874.293254
-2.902963,50,1875.026309
-2.919685,50,1875.780532
-0.941175,50,1876.529683
-1.906156,50,1877.379615
-0.936617,50,1878.161085
-1.922016,50,1878.934768
-0.952885,50,1879.724757
-2.897312,50,1880.549817
-1.930547,50,1881.362088
-1.94542,50,1882.149621
-1.932638,50,1882.910114
-1.934432,50,1883.697462
-0.953471,50,1884.45977
-2.928793,50,1885.22124
-0.946015,50,1886.01718
-1.928285,50,1886.779673
-2.926033,50,1887.559763
-1.933605,50,1888.344212
-2.911924,50,1889.121226
-0.957249,50,1889.90035
-1.919938,50,1890.651273
-1.930371,50,1891.416331
-2.911395,50,1892.127165
-1.909618,50,1892.868749
-0.929949,50,1893.607312
-3.911257,50,1894.351441
-2.903171,50,1895.091036
-0.949106,50,1895.803324
-1.915176,50,1896.544204
-2.896465,50,1897.308994
-0.935887,50,1898.082073
-0.942082,50,1898.840512
-0.933735,50,1899.616307
-1.929529,50,1900.451277
-2.920068,50,1901.248591
-1.91909,50,1902.056691
-0.95609,50,1902.850079
-2.921522,50,1903.63722
-1.921555,50,1904.430295
-1.933952,50,1905.201324
-1.912047,50,1905.982445
-2.921943,50,1906.77022
-1.936373,50,1907.572209
0.044595,50,1908.413248
-0.955375,50,1909.261058
-1.917537,50,1910.070935
-0.936313,50,1910.904743
0.024152,50,1911.716093
-2.913393,50,1912.57766
-1.923268,50,1913.400876
-2.907895,50,1914.178793
-0.946627,50,1914.931858
-0.941801,50,1915.710384
-2.899839,50,1916.59132
-1.911698,50,1917.638971
-2.909376,50,1918.695244
-0.931952,50,1919.765782
0.025571,50,1920.776472
-1.935258,50,1921.905267
-2.919991,50,1922.861662
-0.949552,50,1923.695126
-1.933751,50,1924.52427
-1.921631,50,1925.326172
-2.902388,50,1926.134099
-0.960614,50,1927.167641
-1.932106,50,1928.065246
0.011138,50,1928.849401
-2.895207,50,1929.675792
-2.913478,50,1930.507948
-0.940941,50,1931.331308
-0.950633,50,1932.145447
-1.915642,50,1932.973835
-1.917364,50,1933.786167
-2.91248,50,1934.89316
0.021145,50,1935.907229
-1.941229,50,1936.709719
-2.90039,50,1937.453169
-1.920177,50,1938.196689
-2.914456,50,1939.061236
-1.923323,50,1939.889661
0.038612,50,1940.674688
0.028866,50,1941.483833
-1.934201,50,1942.423301
-1.933166,50,1943.156066
-0.953934,50,1943.943097
0.032786,50,1947.328654
-2.937023,50,1948.071316
-0.941151,50,1948.889452
-2.921086,50,1949.717655
0.026759,50,1950.557254
-1.929111,50,1951.370276
-2.901698,50,1952.216286
-0.938454,50,1953.007262
0.019956,50,1953.88157
-0.956166,50,1954.712183
0.030121,50,1955.548747
-0.951664,50,1956.38661
-2.932301,50,1957.234251
0.028504,50,1958.061165
-1.922895,50,1958.86314
-1.905628,50,1959.709807
-1.93064,50,1960.569474
-1.935135,50,1961.381226
-1.932713,50,1962.179685
-1.936451,50,1962.924232
-1.922081,50,1963.683775
-0.945727,50,1964.409637
-1.90995,50,1965.163171
-2.903431,50,1965.874129
-1.933338,50,1966.773279
-0.943509,50,1967.577103
-2.907908,50,1968.391754
-0.942305,50,1969.141309
-0.932173,50,1969.891975
0.039944,50,1970.616096
-1.939828,50,1971.382311
0.01676,50,1972.122448
-1.922957,50,1972.884236
-0.953337,50,1973.629367
-0.938557,50,1974.353286
-0.947417,50,1975.10726
-0.929799,50,1975.887259
0.004395,50,1976.593149
-0.949614,50,1977.328666
-2.90192,50,1978.073492
0.026006,50,1978.791734
-1.940754,50,1979.569663
-1.912925,50,1980.330714
-0.947905,50,1981.047116
-2.915763,50,1981.774295
0.03509,50,1982.518672
-1.930536,50,1983.257269
-1.923286,50,1984.06131
-2.91141,50,1984.796094
-1.945883,50,1985.51959
-0.94912,50,1986.225301
-2.909373,50,1986.96008
-1.932707,50,1987.700753
-2.919303,50,1988.422466
-1.927737,50,1989.152092
0.037766,50,1989.890279
-1.902531,50,1990.647241
-0.959365,50,1991.413212
-1.915364,50,1992.158697
-1.926635,50,1992.882227
-1.909013,50,1993.747331
-2.922758,50,1994.544451
-1.941272,50,1995.330261
-0.950212,50,1996.114664
-0.933914,50,1996.897085
0.019045,50,1997.666233
-1.915672,50,1998.416443
-2.926924,50,1999.180913
-1.923349,50,1999.910537
-1.920626,50,2000.654144
0.032884,50,2001.413703
-2.891004,50,2002.182274
-1.947036,50,2003.039759
0.046912,50,2003.817095
-1.924743,50,2004.602196
-1.925696,50,2005.420701
-1.913262,50,2006.210441
-1.91212,50,2006.995534
-2.926279,50,2007.769545
-0.952114,50,2008.560518
0.018669,50,2009.335463
-0.94223,50,2010.266201
-1.931529,50,2011.340223
-2.897296,50,2012.370157
-0.951971,50,2013.192286
-1.927173,50,2014.015214
-2.890319,50,2014.840514
-1.940646,50,2015.631642
-0.955203,50,2016.416107
-1.924317,50,2017.188798
-0.949333,50,2017.964032
-1.930482,50,2018.778719
-1.909989,50,2019.60112
-1.934579,50,2020.382987
-2.901481,50,2021.14426
-0.944941,50,2021.876489
-1.937602,50,2022.651329
-0.930934,50,2023.455502
-2.92088,50,2024.357088
-1.930222,50,2025.134618
