#{"t_start": 1777824882.9594767, "env_id": "FetchPush-v4"}
r,l,t
-67.746125,50,0.934304
-63.998888,50,0.977454
-55.841189,50,1.017625
-60.731398,50,1.056625
-56.812795,50,1.098685
-57.691094,50,1.139969
-60.431071,50,1.180186
-54.491768,50,1.222417
-53.025354,50,1.267652
-60.235681,50,1.312787
-61.810357,50,1.35795
-63.159236,50,1.400184
-57.990458,50,1.446963
-58.522893,50,1.489199
-59.447543,50,1.53436
-64.581482,50,1.583575
-61.446261,50,1.628649
-63.117297,50,1.670855
-56.731709,50,1.715048
-0.012198,1,1.71605
-0.026337,1,1.720049
-61.234062,50,1.761048
-61.491707,50,1.805167
-57.214303,50,1.847341
-63.244314,50,1.890564
-56.082373,50,1.932801
-53.022947,50,1.972874
-57.330074,50,2.017948
-60.899277,50,2.062255
-59.634823,50,2.105255
-62.680951,50,2.145459
-53.299868,50,2.194595
-62.070845,50,2.241679
-57.425515,50,2.283005
-59.983703,50,2.326245
-60.252162,50,2.373845
-56.60419,50,2.418973
-61.180018,50,2.461118
-54.975843,50,2.503315
-54.404439,50,2.544389
-64.61279,50,2.592894
-0.047663,1,2.593894
-53.780844,50,2.63616
-59.277602,50,2.680417
-58.926172,50,2.723551
-61.308251,50,2.769032
-60.83618,50,2.810032
-59.373357,50,2.851194
-52.627967,50,2.89532
-60.470908,50,2.93759
-57.592051,50,2.97986
-54.226705,50,3.020004
-60.926472,50,3.064123
-55.379773,50,3.107187
-58.580498,50,3.148187
-58.161769,50,3.191395
-62.405176,50,3.237686
-58.352873,50,3.279756
-54.734496,50,3.323942
-56.762516,50,3.364095
-60.589422,50,3.408279
-60.822564,50,3.451464
-59.2932,50,3.492581
-63.558525,50,3.53476
-62.387694,50,3.581759
-57.331742,50,3.620886
-58.041036,50,3.6632
-55.543646,50,3.703783
-56.648623,50,3.753099
-0.029445,1,3.7541
-0.023397,1,3.756097
-61.065374,50,3.802097
-67.008491,50,3.849257
-52.765998,50,3.890427
-0.0431,1,3.892426
-0.046654,1,3.89349
-56.256334,50,3.936623
-54.994492,50,3.978908
-60.256065,50,4.019908
-56.916766,50,4.112354
-57.147373,50,4.193922
-61.87308,50,4.251009
-63.672918,50,4.300087
-61.329594,50,4.345087
-62.628455,50,4.397237
-55.624108,50,4.458304
-64.333203,50,4.512621
-54.410501,50,4.558619
-66.293601,50,4.60377
-56.298387,50,4.643849
-58.150834,50,4.684916
-58.81184,50,4.728295
-61.373071,50,4.77336
-71.074969,50,4.818023
-55.28666,50,4.863214
-61.740239,50,4.915354
-54.622775,50,4.960542
-58.365194,50,5.00162
-60.279857,50,5.046691
-62.982397,50,5.089819
-0.042793,1,5.093819
-63.277794,50,5.133947
-57.475336,50,5.186215
-57.604785,50,5.227548
-61.493932,50,5.272549
-59.846477,50,5.313548
-60.019225,50,5.356617
-59.250218,50,5.642238
-57.798906,50,6.093707
-52.611118,50,6.531779
-60.746659,50,6.962447
-61.730666,50,7.428511
-54.189892,50,7.888029
-0.012236,1,7.901098
-59.449115,50,8.379871
-77.387034,50,8.824754
-66.758313,50,9.265562
-56.201784,50,9.701937
-56.585318,50,10.139689
-55.518888,50,10.604772
-0.019187,1,10.617957
-53.765964,50,11.040679
-54.106443,50,11.469661
-60.713393,50,11.91373
-0.003094,1,11.92573
-56.484695,50,12.367695
-67.48255,50,12.799068
-60.867238,50,13.252261
-64.431068,50,13.702374
-64.422002,50,14.138311
-53.343656,50,14.595573
-56.047872,50,15.019893
-57.794474,50,15.474595
-60.461757,50,15.921314
-57.685803,50,16.382786
-60.464547,50,16.802516
-58.43258,50,17.242075
-54.736099,50,17.715231
-61.730328,50,18.17639
-0.041381,1,18.185555
-60.893124,50,18.630264
-54.37684,50,19.071869
-61.127505,50,19.555449
-65.04677,50,20.02168
-57.844458,50,20.510615
-55.9427,50,20.960544
-55.69965,50,21.417106
-58.814333,50,21.860808
-59.033431,50,22.32169
-54.978866,50,22.755812
-61.536266,50,23.208801
-58.289387,50,23.643446
-53.223838,50,24.06694
-58.885344,50,24.504839
-58.271112,50,24.933755
-0.043638,1,24.941755
-63.937499,50,25.388825
-54.339192,50,25.814588
-58.520707,50,26.259778
-65.212146,50,26.717626
-0.045143,1,26.729687
-57.887472,50,27.160416
-54.604216,50,27.615014
-60.773863,50,28.086281
-58.530967,50,28.551373
-63.73155,50,29.004268
-62.48953,50,29.457659
-64.485216,50,29.893326
-57.092081,50,30.369491
-59.460354,50,30.837451
-57.603429,50,31.283794
-67.435433,50,31.728381
-58.522614,50,32.171522
-56.833065,50,32.625327
-66.894854,50,33.065336
-53.867588,50,33.521888
-56.730136,50,33.95868
-52.721287,50,34.386973
-62.869188,50,34.830694
-58.046969,50,35.251892
-64.920455,50,35.711845
-63.638289,50,36.144329
-57.981967,50,36.571107
-52.905403,50,37.015014
-61.680756,50,37.469295
-0.025165,1,37.47843
-62.326378,50,37.904522
-55.191987,50,38.342422
-56.162555,50,38.767132
-67.720464,50,39.191284
-53.888229,50,39.644525
-61.281895,50,40.077832
-67.66398,50,40.52569
-55.905094,50,41.006534
-61.604654,50,41.475476
-63.448202,50,41.916926
-57.107943,50,42.365677
-54.443902,50,42.828305
-58.869573,50,43.26191
-60.40521,50,43.720678
-55.033213,50,44.179104
-56.333739,50,44.631211
-0.024203,1,44.640212
-56.862786,50,45.087709
-61.448102,50,45.542733
-60.225408,50,45.977544
-65.745558,50,46.427616
-54.537199,50,46.853979
-61.521284,50,47.310108
-55.842287,50,47.757059
-64.371875,50,48.200367
-56.821174,50,48.641066
-59.705034,50,49.089663
-0.048146,1,49.098882
-55.753563,50,49.544105
-61.681063,50,49.968109
-55.457707,50,51.829726
-58.127256,50,52.262233
-62.720546,50,52.701574
-0.038181,1,52.710574
-55.898599,50,53.185043
-55.032881,50,53.631609
-53.43723,50,54.078082
-53.747222,50,54.516305
-64.58994,50,54.968703
-64.774526,50,55.433112
-63.554721,50,55.865021
-54.731926,50,56.316473
-60.45792,50,56.77195
-60.501508,50,57.19041
-65.261525,50,57.625041
-62.003531,50,58.044998
-55.019793,50,58.479438
-63.56512,50,58.928777
-0.040698,1,58.938082
-0.029992,1,58.946181
-61.267562,50,59.416194
-61.58718,50,59.865196
-58.744375,50,60.294583
-55.909294,50,60.724835
-60.338983,50,61.205012
-62.987259,50,61.669346
-60.153528,50,62.10852
-66.059063,50,62.540141
-53.586176,50,62.997231
-65.275228,50,63.468481
-55.643637,50,63.89313
-0.047005,1,63.901129
-66.32144,50,64.345174
-57.884057,50,64.771734
-60.684628,50,65.189491
-62.127471,50,65.643494
-68.153166,50,66.088464
-58.722653,50,66.527082
-53.935086,50,66.99335
-63.424282,50,67.437174
-57.812746,50,67.868073
-59.85892,50,68.30063
-55.654817,50,68.745168
-61.118361,50,69.180597
-69.799492,50,69.624434
-52.713219,50,70.053334
-62.999654,50,70.491407
-63.344012,50,70.926569
-0.047751,1,70.93967
-61.452219,50,71.408516
-54.203175,50,71.856843
-56.439472,50,72.302052
-62.141299,50,72.751002
-61.426706,50,73.178416
-58.375257,50,73.647123
-61.916331,50,74.076294
-64.441615,50,74.543295
-62.550116,50,74.991732
-57.034239,50,75.419121
-56.675763,50,75.867703
-73.304192,50,76.326841
-63.154412,50,76.775296
-57.459918,50,77.218945
-60.974613,50,77.661958
-65.595152,50,78.114091
-54.930535,50,78.558822
-60.18721,50,78.977575
-53.161076,50,79.449696
-56.929645,50,79.888568
-61.427537,50,80.333071
-56.067983,50,80.777538
-54.035733,50,81.232267
-62.330776,50,81.74562
-62.610681,50,82.167449
-62.868332,50,82.639785
-63.346304,50,83.105862
-53.865555,50,83.555122
-60.806636,50,84.004901
-63.433395,50,84.446701
-54.238516,50,84.900265
-56.906259,50,85.330972
-53.261584,50,85.766623
-64.22209,50,86.207599
-64.60595,50,86.6587
-53.403632,50,87.090066
-63.533974,50,87.578748
-0.041217,1,87.587833
-57.614371,50,88.016382
-54.861646,50,88.483967
-60.136498,50,88.920445
-57.375221,50,89.372096
-58.058657,50,89.829825
-0.046086,1,89.841898
-67.521045,50,90.293923
-61.636571,50,90.74489
-54.896813,50,91.188123
-58.307737,50,91.691018
-53.576095,50,92.146101
-64.593215,50,92.612717
-64.780621,50,93.049208
-55.333682,50,93.486269
-58.277516,50,93.92294
-52.640359,50,94.362073
-58.131148,50,94.791718
-63.204509,50,95.236256
-75.029498,50,95.683839
-58.95462,50,96.138597
-59.728566,50,96.566373
-59.074899,50,96.991981
-63.576587,50,97.418676
-58.702873,50,97.86667
-63.852359,50,98.301434
-58.105554,50,98.777278
-60.981186,50,99.239196
-61.688162,50,99.694755
-62.695047,50,100.163625
-60.680286,50,100.636953
-56.076836,50,101.093886
-66.252372,50,101.607206
-65.494622,50,102.054612
-53.410383,50,102.507007
-59.108842,50,102.942883
-55.036543,50,103.405987
-61.436292,50,103.864994
-54.986808,50,104.288717
-54.025943,50,104.765661
-65.874044,50,105.201519
-0.016224,1,105.211519
-57.012249,50,105.666164
-62.544072,50,106.119236
-61.145627,50,106.551261
-54.610106,50,107.012547
-53.296949,50,107.463288
-63.919342,50,107.900492
-57.673813,50,108.341179
-59.090533,50,108.77482
-56.302747,50,109.21376
-68.449748,50,109.650027
-62.138242,50,110.086265
-58.453668,50,110.532552
-60.088798,50,110.967062
-55.809214,50,111.446885
-57.132906,50,111.954071
-64.841534,50,112.40103
-55.476364,50,112.854151
-58.519808,50,113.304553
-69.483268,50,113.762239
-58.340494,50,114.205166
-57.098474,50,114.673567
-0.029852,1,114.685565
-54.061977,50,115.162722
-60.253113,50,115.629502
-59.956512,50,116.085562
-54.706111,50,116.546438
-63.002969,50,116.995125
-60.913138,50,117.42827
-59.156736,50,117.866697
-58.261291,50,118.310667
-65.339012,50,118.788393
-59.415337,50,119.214553
-54.821388,50,119.702524
-53.665572,50,120.140385
-61.346315,50,120.583238
-62.349146,50,121.038853
-53.427118,50,121.486262
-63.020782,50,121.969436
-60.85263,50,122.406865
-55.702171,50,122.859242
-54.260503,50,123.332374
-61.000608,50,123.78844
-57.862068,50,124.236304
-62.502864,50,124.695701
-61.865212,50,125.139483
-63.752266,50,125.582779
-60.635749,50,126.034157
-59.118122,50,126.463622
-58.179729,50,126.942027
-64.261347,50,127.386003
-58.163207,50,127.846908
-59.043161,50,128.302762
-52.934233,50,128.77955
-59.837481,50,129.224135
-55.373586,50,129.646744
-53.658165,50,130.094331
-62.209481,50,130.516094
-57.204422,50,130.976036
-63.166265,50,131.41954
-60.302366,50,131.859648
-55.56233,50,132.341635
-0.040368,1,132.350635
-52.644074,50,132.79392
-59.436952,50,133.236877
-62.125574,50,133.682941
-62.828951,50,134.124851
-61.35049,50,134.577896
-60.807244,50,135.020118
-59.260638,50,135.452209
-54.121121,50,135.919895
-55.023924,50,136.362134
-0.02004,1,136.372197
-53.543039,50,136.831513
-0.034327,1,136.840577
-54.58203,50,137.280733
-62.823115,50,137.741355
-53.149618,50,138.213123
-62.101834,50,138.64398
-62.385724,50,139.09356
-65.083709,50,139.549444
-53.42747,50,139.993421
-60.135021,50,140.437832
-63.627278,50,140.89958
-53.00707,50,141.334953
-57.973199,50,143.236087
-54.813795,50,143.669831
-65.248939,50,144.130236
-57.857635,50,144.578933
-62.742707,50,145.015449
-62.416949,50,145.443484
-0.016175,1,145.453485
-64.236636,50,145.905424
-65.062257,50,146.36797
-52.826069,50,146.866906
-56.965382,50,147.333606
-55.933838,50,147.769042
-60.423025,50,148.23182
-55.641419,50,148.689512
-60.255424,50,149.144703
-0.041998,1,149.153919
-0.018007,1,149.171016
-58.655808,50,149.635448
-0.0447,1,149.644511
-55.447368,50,150.104808
-0.041576,1,150.121934
-58.401375,50,150.599647
-56.254913,50,151.053331
-59.530829,50,151.514494
-58.780713,50,151.982346
-0.03874,1,151.990343
-56.663975,50,152.479237
-60.16579,50,152.921825
-60.210203,50,153.36179
-52.793562,50,153.783277
-54.73877,50,154.223026
-61.782318,50,154.663046
-56.469644,50,155.105784
-55.389234,50,155.535491
-52.683821,50,155.984492
-66.931123,50,156.41815
-58.215865,50,156.857131
-61.707565,50,157.294913
-60.866331,50,157.75845
-60.315697,50,158.197067
-0.021041,1,158.212203
-59.666002,50,158.661001
-62.162048,50,159.128589
-58.933339,50,159.58296
-65.113015,50,160.051988
-56.052116,50,160.486935
-60.852961,50,160.922717
-61.935689,50,161.355495
-58.92051,50,161.813617
-64.88111,50,162.289261
-56.876042,50,162.777004
-56.757777,50,163.248435
-59.746341,50,163.68067
-55.291058,50,164.13124
-60.874045,50,164.605351
-59.86281,50,165.052804
-54.632188,50,165.482667
-62.398158,50,165.931234
-58.727764,50,166.353574
-56.176024,50,166.794585
-58.914009,50,167.228185
-62.46338,50,167.662865
-59.773916,50,168.121578
-55.34096,50,168.558312
-57.531885,50,169.042991
-55.434829,50,169.470104
-62.76339,50,169.899558
-65.600331,50,170.352186
-53.034779,50,170.786571
-57.417896,50,171.249316
-63.601577,50,171.719052
-62.126363,50,172.15104
-55.117786,50,172.670429
-59.951057,50,173.110466
-54.826384,50,173.558045
-64.072175,50,173.995821
-57.21124,50,174.423529
-71.872954,50,174.876454
-58.36511,50,175.333939
-0.038303,1,175.342938
-56.836241,50,175.785133
-54.207319,50,176.218509
-54.897037,50,176.66807
-55.687767,50,177.112592
-53.488299,50,177.541137
-62.225572,50,177.974877
-61.145336,50,178.419894
-58.129146,50,178.867108
-65.431009,50,179.326818
-57.153919,50,179.765143
-56.556001,50,180.187813
-53.148288,50,180.644445
-60.661581,50,181.092392
-62.222899,50,181.523581
-0.021237,1,181.53373
-59.736247,50,181.988498
-60.099781,50,182.442126
-64.350618,50,182.930087
-54.822555,50,183.37653
-62.814377,50,183.822075
-55.682134,50,184.317572
-60.450538,50,184.738716
-55.921626,50,185.193381
-58.643633,50,185.64344
-56.834514,50,186.10261
-57.7084,50,186.537403
-54.937265,50,186.978559
-60.828818,50,187.430858
-56.310198,50,187.85742
-56.677381,50,188.300148
-55.812176,50,188.749701
-60.802023,50,189.184295
-52.772809,50,189.614037
-54.787961,50,190.057318
-60.311069,50,190.475084
-59.092244,50,190.906575
-61.974361,50,191.343584
-58.268603,50,191.761248
-63.49121,50,192.218729
-65.747435,50,192.646234
-58.146881,50,193.137203
-59.885436,50,193.553169
-61.281066,50,194.005978
-55.924622,50,194.441761
-0.036038,1,194.454004
-57.830063,50,194.901076
-61.204035,50,195.360483
-62.580091,50,195.813262
-57.254076,50,196.260047
-59.86974,50,196.722142
-63.944642,50,197.157224
-58.928894,50,197.594465
-64.800353,50,198.068021
-55.30212,50,198.507983
-61.626684,50,198.942707
-54.23646,50,199.38877
-54.822388,50,199.841146
-66.765803,50,200.293081
-61.477844,50,200.748921
-57.686756,50,201.199823
-61.977965,50,201.622935
-56.027266,50,202.098635
-64.751101,50,202.54108
-59.256647,50,203.015812
-63.093595,50,203.466922
-65.05357,50,203.898108
-67.117059,50,204.322704
-53.085337,50,204.7441
-63.227753,50,205.184644
-56.443712,50,205.60192
-55.811119,50,206.040988
-57.240387,50,206.465416
-52.918235,50,206.921338
-56.684355,50,207.357464
-59.589946,50,207.778544
-65.24442,50,208.237321
-55.00181,50,208.722517
-60.998244,50,209.150168
-55.129998,50,209.619264
-59.237868,50,210.056594
-53.801781,50,210.485947
-54.002382,50,210.922451
-61.892615,50,211.378541
-63.268782,50,211.818045
-61.591464,50,212.278222
-52.688358,50,212.727561
-61.428585,50,213.190506
-0.049561,1,213.199869
-64.310214,50,213.63816
-65.203419,50,214.069221
-64.711004,50,214.497508
-63.518082,50,214.943839
-61.08963,50,215.387122
-54.444115,50,215.816547
-56.881836,50,216.261964
-59.315071,50,216.702336
-52.833484,50,217.159456
-54.30837,50,217.615134
-54.118778,50,218.070522
-56.509987,50,218.509914
-55.722806,50,218.949724
-58.463868,50,219.3908
-57.2378,50,219.849927
-0.045579,1,219.85903
-61.687592,50,220.312913
-58.681363,50,220.769009
-63.846168,50,221.199175
-52.876017,50,221.651031
-62.305657,50,222.101861
-57.52773,50,222.528353
-55.417748,50,223.001178
-62.766586,50,223.471831
-52.853768,50,223.909194
-58.948006,50,224.359009
-0.016578,1,224.368296
-59.913353,50,224.816042
-62.735242,50,225.260354
-62.757018,50,225.687241
-54.837462,50,226.118793
-56.194695,50,226.560867
-54.571471,50,226.9816
-60.135543,50,227.439578
-55.259041,50,227.887441
-60.484077,50,228.318155
-54.075891,50,228.759047
-61.60709,50,229.192148
-60.785359,50,229.616825
-54.710627,50,230.056645
-61.092327,50,230.496562
-58.212969,50,230.930406
-55.25833,50,231.386565
-58.478615,50,231.850053
-56.967954,50,232.330755
-53.300113,50,234.167339
-59.355538,50,234.602858
-63.324262,50,235.019513
-65.390845,50,235.470293
-55.410549,50,235.912544
-53.703033,50,236.360557
-55.179334,50,236.799677
-55.822178,50,237.223403
-61.805328,50,237.645176
-64.036685,50,238.107898
-63.15496,50,238.558523
-53.885201,50,238.988117
-59.013683,50,239.437384
-56.133677,50,239.870589
-62.7509,50,240.321926
-60.269579,50,240.747478
-63.539188,50,241.216513
-60.679418,50,241.651138
-56.104868,50,242.07914
-59.107994,50,242.539208
-64.150459,50,242.967686
-58.096756,50,243.436891
-61.91784,50,243.94612
-58.793665,50,244.41453
-53.81218,50,244.866645
-62.59435,50,245.320161
-60.728667,50,245.792303
-59.11931,50,246.251559
-56.166611,50,246.710371
-56.793769,50,247.168095
-59.858474,50,247.614218
-58.936108,50,248.052376
-61.251691,50,248.51278
-60.882574,50,248.949692
-59.353525,50,249.38767
-61.775433,50,249.867828
-55.440821,50,250.296436
-55.509689,50,250.742372
-65.788086,50,251.170427
-59.153757,50,251.605464
-63.613428,50,252.036675
-56.916727,50,252.468686
-0.039746,1,252.477684
-53.925967,50,252.933372
-62.029326,50,253.366109
-56.016418,50,253.852761
-55.270733,50,254.306102
-59.986152,50,254.730148
-60.019588,50,255.20117
-60.715629,50,255.65789
-57.109126,50,256.096509
-58.610811,50,256.585349
-62.777072,50,257.014689
-55.751829,50,257.468811
-0.042653,1,257.480907
-56.965385,50,257.920015
-59.288906,50,258.353551
-58.92915,50,258.812823
-62.760948,50,259.241738
-0.041268,1,259.253738
-57.880752,50,259.704185
-60.82745,50,260.135853
-62.114309,50,260.574574
-56.596634,50,261.033919
-59.253154,50,261.462784
-58.265238,50,261.945961
-61.74447,50,262.398501
-62.724985,50,262.844008
-53.337276,50,263.297104
-65.683135,50,263.746244
-0.040997,1,263.756382
-62.917383,50,264.214336
-65.370438,50,264.652621
-57.376934,50,265.098678
-61.217585,50,265.537279
-56.997024,50,265.964439
-65.927565,50,266.401189
-58.598573,50,266.837435
-53.639084,50,267.266953
-64.460744,50,267.724652
-66.560303,50,268.165438
-56.820162,50,268.605862
-58.46919,50,269.11327
-0.031241,1,269.126502
-59.083051,50,269.559789
-60.421427,50,269.991086
-57.712199,50,270.442659
-59.080634,50,270.906155
-0.02665,1,270.918155
-54.01607,50,271.356493
-65.678686,50,271.807377
-63.275206,50,272.256721
-52.976488,50,272.71006
-61.560259,50,273.145741
-59.367187,50,273.620867
-63.159581,50,274.10015
-53.949052,50,274.540281
-63.230945,50,274.98728
-53.371896,50,275.428321
-54.975022,50,275.852966
-56.420957,50,276.300109
-56.498584,50,276.736192
-53.178727,50,277.167382
-61.847848,50,277.620149
-54.555365,50,278.070791
-55.357013,50,278.521389
-55.708049,50,278.958609
-55.959686,50,279.423514
-62.050185,50,279.866024
-62.696311,50,280.301898
-52.538309,50,280.768187
-62.863438,50,281.219793
-53.438071,50,281.661162
-61.849529,50,282.08522
-62.366553,50,282.536642
-54.146762,50,283.054657
-63.470712,50,283.490104
-60.17736,50,283.921366
-60.74015,50,284.400118
-63.843997,50,284.839427
-59.906368,50,285.270586
-0.029008,1,285.279587
-59.207852,50,285.719294
-0.015857,1,285.731294
-54.954832,50,286.17812
-62.092142,50,286.634772
-64.139633,50,287.063453
-61.563575,50,287.512443
-58.204576,50,287.939458
-55.797098,50,288.377967
-63.174057,50,288.821299
-60.330714,50,289.252345
-60.307371,50,289.687526
-58.76426,50,290.112014
-55.976395,50,290.546529
-56.019438,50,290.986734
-55.465506,50,291.417469
-62.714075,50,291.886913
-58.585193,50,292.354764
-61.525889,50,292.791517
-56.162046,50,293.23626
-57.031804,50,293.685991
-57.092526,50,294.161294
-54.707169,50,294.667655
-54.680728,50,295.129457
-57.832724,50,295.590262
-61.631875,50,296.040172
-59.025656,50,296.487558
-59.975144,50,296.95582
-0.048996,1,296.964919
-59.298331,50,297.390007
-56.239041,50,297.86527
-58.329871,50,298.294929
-60.263722,50,298.73482
-56.5989,50,299.196552
-0.035058,1,299.209552
-0.014739,1,299.21872
-62.813917,50,299.686798
-56.910568,50,300.126766
-0.022192,1,300.142887
-58.907569,50,300.591197
-64.640811,50,301.016972
-60.714713,50,301.454227
-59.821837,50,301.891827
-60.753965,50,302.324431
-57.256991,50,302.771464
-60.118167,50,303.201426
-0.036496,1,303.217645
-58.079737,50,303.685586
-54.970813,50,304.138048
-63.974366,50,304.659329
-59.486897,50,305.086967
-55.207177,50,305.560453
-59.953815,50,305.998522
-62.897156,50,306.437612
-61.29491,50,306.892905
-54.628601,50,307.332024
-59.282372,50,307.772855
-56.462951,50,308.232861
-57.975841,50,308.68697
-60.376879,50,309.130641
-61.39846,50,309.586419
-53.624874,50,310.017149
-63.911113,50,310.448969
-54.854031,50,310.885105
-58.687667,50,311.331765
-56.332114,50,311.766456
-63.486166,50,312.183931
-0.010044,1,312.192931
-55.064278,50,312.640896
-55.051763,50,313.101331
-61.573289,50,313.564066
-55.606569,50,314.039305
-56.050265,50,314.527303
-56.324891,50,314.988978
-55.287747,50,315.47998
-57.234049,50,315.934978
-57.344982,50,316.375486
-65.54073,50,316.813487
-53.732993,50,317.269053
-56.291455,50,317.716053
-58.095682,50,318.141053
-64.472249,50,318.610561
-0.041458,1,318.625562
-55.281094,50,319.067562
-59.824415,50,319.549721
-0.045715,1,319.562722
-56.740659,50,320.032401
-60.407289,50,320.463665
-54.286837,50,320.965356
-60.202096,50,321.403843
-0.0187,1,321.418842
-58.490122,50,321.883387
-53.982926,50,322.346461
-52.600823,50,322.79039
-64.380714,50,323.236914
-52.636732,50,325.070114
-59.096318,50,325.510399
-55.658915,50,325.954562
-54.626203,50,326.411198
-57.078626,50,326.856053
-57.17661,50,327.302492
-58.121654,50,327.793595
-76.074189,50,328.248243
-52.671618,50,328.709158
-60.311184,50,329.169394
-59.481733,50,329.607332
-56.776009,50,330.059464
-57.947325,50,330.490823
-0.004978,1,330.499822
-57.562969,50,330.992918
-56.788614,50,331.435972
-64.113389,50,331.903574
-53.448008,50,332.358589
-54.06861,50,332.823792
-61.638488,50,333.269271
-56.638449,50,333.70763
-56.459743,50,334.150841
-61.814777,50,334.578925
-60.425789,50,335.087099
-52.517959,50,335.532985
-61.923271,50,335.97294
-63.275182,50,336.398022
-60.14408,50,336.854417
-63.597606,50,337.275398
-57.771464,50,337.71832
-62.841438,50,338.152024
-62.870632,50,338.581799
-54.509101,50,339.044399
-53.620284,50,339.496802
-60.713147,50,339.942291
-54.630213,50,340.387211
-81.862076,50,340.836842
-60.378257,50,341.28277
-59.341405,50,341.729299
-58.80421,50,342.182295
-70.378251,50,342.63296
-54.472681,50,343.125127
-57.457685,50,343.557123
-61.424956,50,344.024285
-60.907254,50,344.446893
-61.763113,50,344.945024
-57.980908,50,345.421501
-53.418589,50,345.862099
-63.354316,50,346.30247
-55.919382,50,346.741024
-61.195182,50,347.186588
-69.382551,50,347.615408
-59.525275,50,348.049263
-61.387328,50,348.501695
-54.760014,50,348.947012
-58.351003,50,349.403509
-0.020058,1,349.413509
-59.427107,50,349.872891
-53.503153,50,350.332421
-55.816131,50,350.771222
-59.312821,50,351.213497
-65.377091,50,351.64922
-59.235591,50,352.131619
-55.739214,50,352.580343
-0.048444,1,352.590343
-61.228003,50,353.024967
-58.10518,50,353.463439
-54.544732,50,353.9268
-63.369912,50,354.399976
-59.746137,50,354.826281
-58.105022,50,355.328156
-60.777003,50,355.794863
-55.845366,50,356.276436
-60.538314,50,356.702224
-62.805642,50,357.150814
-53.951915,50,357.597959
-63.002342,50,358.021625
-73.987307,50,358.447944
-59.351417,50,358.884882
-55.079081,50,359.341522
-56.564499,50,359.809411
-64.456338,50,360.249953
-61.344119,50,360.668628
-59.95871,50,361.115938
-55.386158,50,361.550442
-0.028391,1,361.559577
-55.911871,50,362.000146
-71.127258,50,362.428295
-63.674369,50,362.860941
-63.205992,50,363.307501
-64.4757,50,363.738721
-52.900981,50,364.178616
-63.19572,50,364.65455
-61.327477,50,365.103288
-57.670759,50,365.610915
-58.209638,50,366.064285
-58.173364,50,366.527937
-65.895939,50,366.965614
-54.84391,50,367.395144
-54.445411,50,367.839307
-57.250784,50,368.265289
-63.520013,50,368.703162
-53.094873,50,369.148767
-54.224682,50,369.591455
-62.255591,50,370.045531
-56.465691,50,370.490342
-57.023147,50,370.937891
-55.968934,50,371.372246
-59.033175,50,371.814301
-57.959001,50,372.298589
-56.785119,50,372.718986
-57.489421,50,373.157095
-56.764711,50,373.590181
-79.998172,50,374.022354
-60.186746,50,374.475195
-56.793468,50,374.91973
-59.652544,50,375.352679
-61.234578,50,375.809458
-64.698656,50,376.266675
-58.443239,50,376.72145
-66.640243,50,377.164374
-58.193758,50,377.606925
-63.419095,50,378.048251
-61.897641,50,378.513924
-61.590842,50,378.942338
-56.737404,50,379.410177
-60.618883,50,379.877749
-64.630151,50,380.31912
-56.976506,50,380.781699
-54.279927,50,381.246448
-64.193368,50,381.678806
-58.875336,50,382.15202
-61.905674,50,382.595916
-59.631745,50,383.05952
-60.602214,50,383.496395
-56.605781,50,383.946906
-63.171984,50,384.365946
-53.885681,50,384.787191
-60.183226,50,385.243765
-52.610545,50,385.709275
-64.719469,50,386.139118
-60.693093,50,386.590292
-61.13485,50,387.015136
-58.57279,50,387.476807
-0.034554,1,387.484807
-56.235379,50,387.9285
-64.218111,50,388.395763
-0.034419,1,388.410271
-0.014403,1,388.42239
-52.541655,50,388.901507
-63.439791,50,389.342602
-62.529798,50,389.803911
-0.030207,1,389.814911
-59.933788,50,390.258023
-56.937661,50,390.716571
-56.760332,50,391.178023
-74.935973,50,391.620009
-55.404558,50,392.06165
-60.098936,50,392.504889
-54.372708,50,392.946485
-54.00991,50,393.385361
-61.196504,50,393.826443
-53.338642,50,394.291081
-53.404675,50,394.726534
-0.029116,1,394.739532
-58.492381,50,395.177166
-55.000819,50,395.632367
-53.529333,50,396.141148
-55.636499,50,396.601944
-54.921779,50,397.045625
-60.172331,50,397.497947
-64.065319,50,397.955281
-53.741014,50,398.396109
-58.284962,50,398.826908
-57.07755,50,399.257104
-58.662539,50,399.685298
-64.422002,50,400.133491
-61.127282,50,400.582796
-61.50928,50,401.025808
-60.065377,50,401.49633
-53.160452,50,401.919179
-60.420164,50,402.364032
-63.440208,50,402.799198
-62.022366,50,403.240714
-55.777461,50,403.722891
-64.342502,50,404.166011
-60.975258,50,404.611944
-57.39799,50,405.058613
-56.878714,50,405.494429
-67.244825,50,405.987538
-53.739402,50,406.409662
-59.807878,50,406.846069
-53.687334,50,407.274209
-60.619397,50,407.697221
-58.269376,50,408.148463
-61.218801,50,408.652487
-59.190337,50,409.105994
-63.065334,50,409.569993
-65.090552,50,410.007101
-56.00532,50,410.452995
-56.995831,50,410.879245
-59.58807,50,411.327833
-67.159966,50,411.798588
-53.530585,50,412.303774
-58.28307,50,412.761607
-62.305787,50,413.239057
-60.017861,50,413.679658
-53.652705,50,414.183403
-58.153528,50,414.63305
-64.418523,50,416.511584
-61.073787,50,416.955007
-63.259557,50,417.414196
-78.124305,50,417.832003
-56.544728,50,418.281294
-54.490396,50,418.744067
-62.332793,50,419.171338
-63.702936,50,419.624229
-60.384472,50,420.061974
-55.930607,50,420.496625
-54.070573,50,420.957392
-53.953758,50,421.391817
-54.678942,50,421.829159
-59.140009,50,422.275325
-0.045069,1,422.287493
-56.729817,50,422.717458
-55.343345,50,423.169874
-0.037739,1,423.178872
-52.809356,50,423.635173
-56.389339,50,424.080391
-0.032528,1,424.094572
-61.839727,50,424.52426
-76.599983,50,424.99708
-62.343383,50,425.454558
-61.465914,50,425.878223
-61.79286,50,426.37272
-55.225098,50,426.818069
-58.028012,50,427.249971
-52.900445,50,427.727417
-65.432073,50,428.178774
-63.664162,50,428.649101
-56.373639,50,429.073518
-61.182257,50,429.565302
-61.488976,50,430.022631
-54.722854,50,430.45956
-62.112291,50,430.890433
-63.045092,50,431.333421
-56.689918,50,431.763364
-62.154034,50,432.216889
-66.623223,50,432.658136
-61.515116,50,433.106426
-57.188316,50,433.564336
-54.681296,50,434.013884
-57.445919,50,434.453355
-58.079584,50,434.877657
-65.097618,50,435.321487
-59.117531,50,435.774869
-0.037076,1,435.786868
-59.912542,50,436.266098
-58.648089,50,436.73617
-55.194279,50,437.197698
-59.949183,50,437.619303
-60.792673,50,438.079111
-59.525437,50,438.530419
-61.106253,50,438.997421
-58.320312,50,439.428353
-62.420204,50,439.861972
-56.532214,50,440.331383
-52.986603,50,440.783787
-54.625553,50,441.242253
-64.590742,50,441.674266
-58.219295,50,442.119973
-59.019408,50,442.567218
-56.811859,50,442.99715
-56.262286,50,443.451075
-54.925628,50,443.873996
-65.959367,50,444.331285
-57.593043,50,444.793459
-54.255017,50,445.234134
-66.736935,50,445.671793
-61.835852,50,446.127208
-52.744609,50,446.614191
-61.703547,50,447.060939
-56.099416,50,447.526829
-56.615102,50,447.989251
-56.399992,50,448.4421
-55.948259,50,448.905684
-54.051008,50,449.378953
-53.147863,50,449.816541
-55.996134,50,450.276995
-64.680998,50,450.74533
-56.802916,50,451.187871
-58.330055,50,451.679865
-58.048479,50,452.119809
-53.889567,50,452.57384
-63.343984,50,453.008357
-54.967204,50,453.444892
-60.719726,50,453.901901
-0.008228,1,453.910903
-65.030763,50,454.354744
-60.139862,50,454.806926
-63.363062,50,455.228547
-60.885187,50,455.650792
-0.028408,1,455.659917
-60.757189,50,456.134337
-59.984362,50,456.603082
-58.885837,50,457.077517
-54.768622,50,457.514276
-62.67592,50,457.95138
-53.564146,50,458.409344
-52.543906,50,458.879467
-63.832918,50,459.367991
-60.102706,50,459.806643
-65.78591,50,460.255214
-59.698637,50,460.707775
-0.026281,1,460.715919
-56.164366,50,461.185508
-60.139219,50,461.64309
-64.27903,50,462.082517
-61.450477,50,462.532678
-56.329694,50,462.990227
-63.637641,50,463.445972
-59.135047,50,463.885098
-58.65265,50,464.336622
-55.223141,50,464.785317
-61.291085,50,465.230047
-53.599348,50,465.669075
-63.910875,50,466.117392
-57.511495,50,466.57679
-65.144944,50,467.051551
-61.11151,50,467.508258
-54.814861,50,467.951653
-64.294599,50,468.407461
-0.017299,1,468.417461
-62.784875,50,468.849956
-58.397389,50,469.308606
-59.46552,50,469.772897
-53.728299,50,470.203982
-54.169041,50,470.628007
-61.512927,50,471.069946
-53.71541,50,471.521526
-65.402126,50,472.007467
-57.994467,50,472.460037
-63.988979,50,472.918061
-62.470613,50,473.37719
-53.087065,50,473.824609
-54.299116,50,474.288695
-76.191268,50,474.719028
-0.034823,1,474.7352
-62.890448,50,475.200699
-62.997891,50,475.682833
-60.312509,50,476.14268
-62.035081,50,476.628764
-55.566692,50,477.119238
-58.68007,50,477.588044
-56.93868,50,478.017576
-56.175814,50,478.460231
-57.233442,50,478.901283
-55.917816,50,479.351771
-58.176183,50,479.797333
-0.003736,1,479.8094
-54.079718,50,480.260924
-53.2922,50,480.750712
-62.66308,50,481.204457
-55.065224,50,481.661902
-62.67522,50,482.112101
-54.525391,50,482.56137
-0.036448,1,482.570373
-54.89818,50,483.032345
-55.159102,50,483.481456
-67.206241,50,483.936489
-59.999216,50,484.406446
-53.0422,50,484.861039
-0.038652,1,484.872038
-64.125679,50,485.330064
-62.594791,50,485.775942
-52.551088,50,486.24689
-60.276063,50,486.706282
-62.828561,50,487.196861
-60.013833,50,487.647645
-60.178047,50,488.115996
-57.124988,50,488.546492
-59.947831,50,488.996052
-65.472254,50,489.435871
-55.626844,50,489.899727
-61.822744,50,490.338504
-57.967737,50,490.762364
-61.878895,50,491.217694
-52.744092,50,491.656985
-53.350286,50,492.095446
-58.063079,50,492.543728
-63.87897,50,492.996469
-57.134449,50,493.456002
-0.037081,1,493.465004
-0.047596,1,493.473114
-62.718377,50,493.917359
-55.559525,50,494.35971
-61.279982,50,494.795775
-63.199353,50,495.232297
-58.986115,50,495.683398
-53.031482,50,496.119149
-58.546101,50,496.555065
-57.480831,50,497.005657
-63.182031,50,497.49711
-57.272104,50,497.960563
-59.433199,50,498.425766
-57.001859,50,498.856493
-56.529279,50,499.318231
-65.069041,50,499.760176
-54.803168,50,500.2107
-55.607037,50,500.652663
-61.016393,50,501.097724
-0.046552,1,501.110723
-63.06583,50,501.555314
-56.039245,50,501.981528
-59.883326,50,502.468287
-79.855647,50,502.936231
-58.958541,50,503.373134
-53.639662,50,503.808813
-62.894371,50,504.23698
-61.382083,50,504.678616
-54.264165,50,505.126863
-66.193961,50,505.557687
-59.156966,50,505.991973
-64.74604,50,506.440176
-0.017355,1,506.448177
-61.730246,50,508.381758
-67.877801,50,508.829404
-59.51702,50,509.280093
-57.943211,50,509.752752
-56.407741,50,510.21191
-59.583562,50,510.673578
-63.049769,50,511.119019
-61.827084,50,511.557202
-0.033186,1,511.570201
-59.711017,50,512.017598
-58.08426,50,512.478567
-59.475097,50,512.917206
-72.33918,50,513.353455
-64.267899,50,513.816628
-54.335669,50,514.252458
-61.590661,50,514.691396
-60.503315,50,515.13518
-64.183684,50,515.584171
-58.900839,50,516.022915
-65.454642,50,516.456947
-57.33278,50,516.886976
-58.936523,50,517.338898
-58.117379,50,517.831305
-58.441404,50,518.282396
-55.99435,50,518.720341
-56.628718,50,519.171399
-59.543545,50,519.649593
-60.919967,50,520.103613
-56.830428,50,520.546763
-67.060461,50,521.003663
-61.197025,50,521.487219
-58.314532,50,521.949548
-52.778861,50,522.39928
-62.272381,50,522.840189
-55.803036,50,523.288694
-67.78104,50,523.726668
-59.155274,50,524.179493
-59.883071,50,524.618732
-57.358278,50,525.068923
-57.766227,50,525.514558
-62.109946,50,525.953374
-60.233591,50,526.423161
-65.433696,50,526.854432
-63.646756,50,527.272811
-66.126493,50,527.766857
-58.710725,50,528.222613
-61.96178,50,528.670462
-55.084471,50,529.105057
-59.823383,50,529.55837
-55.32537,50,530.003654
-53.870671,50,530.459191
-59.3352,50,530.893372
-57.311387,50,531.347433
-54.740373,50,531.829669
-57.366183,50,532.293586
-61.842483,50,532.769816
-65.077415,50,533.207989
-58.218509,50,533.680906
-56.490878,50,534.125087
-60.214057,50,534.580765
-55.353423,50,535.023691
-53.342494,50,535.46358
-75.80818,50,535.910214
-60.531501,50,536.328714
-57.829042,50,536.790194
-70.145307,50,537.231086
-54.85952,50,537.696826
-60.693297,50,538.164482
-62.395379,50,538.604513
-56.111902,50,539.041043
-63.763739,50,539.493241
-55.032228,50,539.941855
-59.431481,50,540.414526
-58.074182,50,540.8725
-54.01285,50,541.325621
-57.100236,50,541.766559
-63.666713,50,542.204103
-59.727544,50,542.665105
-57.871202,50,543.139623
-55.468142,50,543.604171
-61.702634,50,544.047143
-0.048786,1,544.055143
-53.462907,50,544.490028
-62.396959,50,544.945579
-55.532762,50,545.382251
-0.017871,1,545.390252
-60.854538,50,545.861502
-58.257794,50,546.337369
-60.621192,50,546.79084
-57.628387,50,547.252733
-62.076011,50,547.717861
-57.625417,50,548.208619
-58.993794,50,548.676536
-64.661354,50,549.11186
-52.805387,50,549.553422
-58.922684,50,550.012302
-60.582407,50,550.44336
-58.094999,50,550.879481
-0.027098,1,550.892551
-62.151048,50,551.341544
-53.823376,50,551.798104
-62.938046,50,552.236702
-0.034445,1,552.249702
-0.036332,1,552.258702
-76.435449,50,552.709951
-66.152513,50,553.144654
-58.296781,50,553.591008
-59.482227,50,554.032854
-58.194476,50,554.471613
-64.107936,50,554.91978
-60.396124,50,555.376943
-62.891501,50,555.807154
-53.102227,50,556.265235
-64.281234,50,556.743456
-54.899689,50,557.229254
-63.598329,50,557.657426
-62.837398,50,558.18137
-56.759652,50,558.645154
-62.068336,50,559.117573
-58.910182,50,559.568095
-62.555402,50,560.008032
-61.59742,50,560.48099
-55.384893,50,560.970032
-63.797765,50,561.406625
-75.467961,50,561.870093
-59.058164,50,562.343393
-54.439598,50,562.800535
-57.82493,50,563.247344
-59.918049,50,563.69579
-66.149818,50,564.135165
-64.864328,50,564.565605
-58.158512,50,565.021218
-58.457416,50,565.450935
-63.427295,50,565.881436
-55.262383,50,566.33633
-64.305879,50,566.780876
-62.100417,50,567.211966
-55.028288,50,567.681486
-56.368523,50,568.118696
-61.572954,50,568.642338
-59.521222,50,569.09102
-60.29712,50,569.551179
-59.413581,50,570.028174
-63.38999,50,570.466281
-53.223126,50,570.917388
-56.342307,50,571.344041
-68.036228,50,571.788953
-61.236105,50,572.227332
-62.26812,50,572.66642
-66.65681,50,573.099262
-57.749207,50,573.526383
-56.346497,50,573.987453
-0.042891,1,573.99555
-54.965795,50,574.445548
-55.391861,50,574.891617
-53.891858,50,575.353487
-64.856245,50,575.791097
-57.973032,50,576.220915
-58.941597,50,576.715508
-57.908053,50,577.142416
-64.721769,50,577.609073
-59.079366,50,578.042272
-65.570211,50,578.545038
-58.497329,50,579.00287
-59.489162,50,579.462152
-59.645443,50,579.929493
-0.029972,1,579.943495
-0.017504,1,579.952574
-57.997329,50,580.394186
-63.149852,50,580.846316
-61.961467,50,581.305426
-61.68647,50,581.757812
-60.177322,50,582.21938
-60.761762,50,582.660316
-56.985194,50,583.089014
-55.495244,50,583.559938
-54.026228,50,584.003723
-54.236403,50,584.45878
-54.046081,50,584.911779
-63.270465,50,585.348973
-56.165301,50,585.800936
-62.843792,50,586.238906
-62.695806,50,586.708672
-57.403691,50,587.122222
-61.691332,50,587.568367
-59.243254,50,588.013994
-63.739011,50,588.458206
-55.618466,50,588.931902
-0.041602,1,588.943243
-56.477104,50,589.381376
-61.799839,50,589.841709
-54.504203,50,590.310783
-65.668325,50,590.780312
-66.46058,50,591.231298
-52.529565,50,591.679348
-55.611884,50,592.136295
-65.817213,50,592.610825
-0.034468,1,592.622826
-57.743184,50,593.074466
-61.89519,50,593.553468
-63.018748,50,594.019647
-57.553715,50,594.460788
-53.823685,50,594.908891
-63.072833,50,595.349168
-57.968327,50,595.833843
-59.238401,50,596.278622
-60.289456,50,596.724225
-57.079268,50,597.190028
-53.302711,50,597.621943
-58.664159,50,598.060861
-61.689997,50,598.504225
-53.529161,50,600.444455
-59.641115,50,600.899293
-58.23627,50,601.358739
-66.096146,50,601.820272
-62.172148,50,602.244174
-54.90258,50,602.701719
-52.645274,50,603.115119
-60.263878,50,603.557976
-55.716702,50,604.00862
-59.644419,50,604.459031
-61.010868,50,604.940561
-62.172085,50,605.372957
-60.658827,50,605.829741
-55.106388,50,606.260414
-0.02197,1,606.268525
-60.602539,50,606.734362
-58.262407,50,607.186027
-61.521433,50,607.634865
-62.748969,50,608.07617
-0.03002,1,608.090285
-64.339167,50,608.568435
-62.4094,50,609.035917
-55.375405,50,609.485099
-58.428645,50,609.928332
-62.101189,50,610.357038
-65.167472,50,610.833567
-54.969256,50,611.256284
-56.614953,50,611.716031
-61.543807,50,612.15946
-56.339737,50,612.589841
-65.571734,50,613.023468
-72.072026,50,613.463581
-58.457002,50,613.91784
-60.243729,50,614.364347
-63.076019,50,614.831308
-58.505783,50,615.271746
-59.678241,50,615.701372
-54.124144,50,616.18568
-61.501355,50,616.622434
-60.039668,50,617.070812
-59.860536,50,617.520298
-71.825543,50,617.99215
-60.33969,50,618.440965
-55.660233,50,618.932583
-0.035233,1,618.943951
-61.394081,50,619.413682
-55.201978,50,619.864568
-52.840502,50,620.320158
-62.382486,50,620.800759
-59.204911,50,621.24593
-63.449511,50,621.684277
-55.701359,50,622.131786
-60.754982,50,622.607033
-60.397816,50,623.057077
-65.224414,50,623.481381
-56.303732,50,623.930461
-58.748262,50,624.368022
-60.948274,50,624.813172
-66.891952,50,625.26222
-57.091115,50,625.690611
-64.01162,50,626.127486
-0.029759,1,626.136606
-64.919227,50,626.582126
-62.902623,50,627.028204
-0.016128,1,627.038343
-58.23227,50,627.509764
-26.500733,25,627.72437
-57.894581,50,628.217688
-57.263342,50,628.668335
-66.645693,50,629.164842
-62.376739,50,629.604022
-57.413138,50,630.08167
-59.696195,50,630.571615
-58.804373,50,631.021774
-52.599696,50,631.455318
-0.04446,1,631.468417
-54.888525,50,631.94839
-55.414422,50,632.372872
-61.312977,50,632.837195
-62.758919,50,633.308792
-63.382481,50,633.760122
-54.457852,50,634.21187
-55.123059,50,634.674498
-52.814604,50,635.128021
-60.69348,50,635.589848
-72.34415,50,636.039697
-54.276018,50,636.492439
-59.939933,50,636.936547
-67.367154,50,637.356409
-56.545045,50,637.802156
-59.740941,50,638.230916
-57.303154,50,638.678746
-57.889722,50,639.133472
-61.732664,50,639.616939
-66.195283,50,640.073001
-54.64424,50,640.521477
-55.189791,50,640.992735
-58.491576,50,641.456399
-63.297829,50,641.885539
-0.03935,1,641.898536
-54.556853,50,642.365594
-64.642158,50,642.800037
-61.803026,50,643.242819
-60.548625,50,643.682049
-62.881573,50,644.140999
-0.029063,1,644.149148
-58.146767,50,644.591285
-64.209733,50,645.027676
-62.275049,50,645.465833
-56.548112,50,645.917312
-60.534652,50,646.349187
-56.782177,50,646.798608
-57.27584,50,647.225058
-56.503832,50,647.65871
-58.713596,50,648.129434
-54.568046,50,648.560249
-61.905352,50,649.015108
-62.269028,50,649.483422
-61.780076,50,649.916818
-64.030065,50,650.356212
-63.403891,50,650.802743
-61.108627,50,651.280386
-0.006029,1,651.289388
-60.060446,50,651.735836
-66.931841,50,652.190959
-64.934558,50,652.694803
-60.088393,50,653.141587
-62.670216,50,653.592957
-56.468719,50,654.032731
-54.208488,50,654.476094
-61.479371,50,654.948496
-57.572135,50,655.414126
-60.285388,50,655.859025
-57.304939,50,656.333245
-53.444275,50,656.755992
-58.680808,50,657.21225
-0.023973,1,657.221249
-60.97602,50,657.646725
-61.238075,50,658.104898
-65.938905,50,658.552629
-61.653856,50,659.007353
-63.687885,50,659.477056
-52.814073,50,659.944372
-0.027268,1,659.956512
-62.468946,50,660.41142
-0.021529,1,660.423853
-54.076692,50,660.863188
-58.799433,50,661.32107
-63.935384,50,661.756209
-55.459126,50,662.179019
-66.305821,50,662.61835
-57.71606,50,663.081686
-53.059286,50,663.535438
-63.225709,50,664.030549
-75.81648,50,664.48106
-63.081565,50,664.946752
-60.48295,50,665.384923
-56.584371,50,665.831586
-60.543347,50,666.297598
-68.310364,50,666.728781
-63.883322,50,667.234196
-55.162138,50,667.687393
-59.472249,50,668.143972
-52.696432,50,668.621049
-53.532207,50,669.067111
-76.195404,50,669.522861
-0.039026,1,669.534861
-67.039557,50,670.023991
-57.744423,50,670.466499
-62.545323,50,670.925145
-61.014484,50,671.391577
-57.122608,50,671.852274
-55.787134,50,672.290672
-63.723819,50,672.758367
-64.160448,50,673.192841
-63.456944,50,673.6212
-60.206724,50,674.077136
-56.208187,50,674.501874
-62.167403,50,674.944898
-64.942947,50,675.385034
-57.779177,50,675.82903
-60.733645,50,676.286041
-64.703716,50,676.743261
-58.884992,50,677.207855
-59.901815,50,677.650602
-66.953479,50,678.078933
-57.073372,50,678.534132
-60.469961,50,678.994771
-61.834773,50,679.426972
-59.532432,50,679.911015
-14.199329,14,680.033808
-57.776725,50,680.520648
-58.736905,50,680.989974
-52.63618,50,681.440389
-63.930717,50,681.885225
-69.683429,50,682.329498
-61.153109,50,682.788441
-63.347882,50,683.253897
-56.091439,50,683.67356
-0.029902,1,683.68656
-59.320619,50,684.125842
-74.923092,50,684.554663
-58.915469,50,684.99567
-59.58282,50,685.443642
-62.691332,50,685.868541
-59.784384,50,686.306599
-61.429444,50,686.747825
-60.543846,50,687.206312
-62.25354,50,687.651538
-60.903016,50,688.092739
-60.417902,50,688.511748
-69.610184,50,688.975489
-61.819912,50,689.408174
-62.155892,50,689.884189
-54.029006,50,690.356536
-60.485984,50,692.194329
-59.061137,50,692.62677
-0.026743,1,692.63586
-57.094118,50,693.066206
-53.164977,50,693.503892
-52.761639,50,693.943284
-55.680868,50,694.402741
-67.546026,50,694.850402
-53.132616,50,695.315717
-63.702842,50,695.761812
-58.105981,50,696.2079
-52.747127,50,696.648593
-58.092911,50,697.091329
-61.890784,50,697.515944
-64.008214,50,697.971049
-75.195211,50,698.41375
-59.986369,50,698.867083
-58.800339,50,699.310854
-81.292073,50,699.748271
-58.596297,50,700.259734
-61.844071,50,700.702353
-66.229203,50,701.189689
-63.758975,50,701.637065
-57.020258,50,702.099667
-71.538446,50,702.548966
-59.925703,50,703.010441
-64.567211,50,703.4549
-58.723903,50,703.932711
-74.454446,50,704.412896
-57.49551,50,704.876338
-58.772054,50,705.302982
-64.394747,50,705.741693
-0.035261,1,705.754694
-69.500083,50,706.220971
-64.805268,50,706.648697
-59.818251,50,707.087248
-66.523871,50,707.531826
-0.021109,1,707.540826
-60.372781,50,707.988776
-58.960533,50,708.423535
-55.630542,50,708.885447
-70.433874,50,709.341483
-62.718149,50,709.787044
-60.747165,50,710.256774
-0.020269,1,710.269773
-58.797832,50,710.712467
-63.588186,50,711.162965
-69.775741,50,711.652193
-61.537061,50,712.124107
-60.433301,50,712.624269
-55.193242,50,713.055077
-55.254842,50,713.504458
-56.60102,50,713.95585
-54.581574,50,714.404982
-57.754267,50,714.881352
-62.556003,50,715.320941
-55.528429,50,715.770287
-70.859029,50,716.218265
-68.227592,50,716.67092
-55.594085,50,717.129031
-60.512105,50,717.580426
-59.942254,50,718.005579
-67.351151,50,718.439542
-56.285867,50,718.869349
-59.75098,50,719.341488
-55.300898,50,719.780802
-62.883526,50,720.226753
-77.471101,50,720.692173
-63.620691,50,721.144023
-79.253602,50,721.580291
-55.977041,50,722.016801
-65.394884,50,722.457671
-59.011443,50,722.895303
-58.11207,50,723.328711
-56.858104,50,723.777192
-59.914979,50,724.220211
-62.698002,50,724.660081
-53.376802,50,725.091105
-81.740496,50,725.544868
-57.23408,50,725.995993
-69.366293,50,726.48284
-80.688375,50,726.900647
-0.030714,1,726.909711
-57.525676,50,727.374676
-0.03861,1,727.386676
-66.956586,50,727.82176
-71.611192,50,728.284874
-75.420581,50,728.734746
-59.515159,50,729.22008
-70.425065,50,729.653719
-59.94463,50,730.126345
-62.77191,50,730.594522
-66.205713,50,731.051125
-62.546037,50,731.489451
-55.075706,50,731.923573
-59.869623,50,732.364208
-0.014776,1,732.378209
-57.78437,50,732.811476
-57.934666,50,733.244596
-59.753123,50,733.693952
-59.367862,50,734.151466
-0.028361,1,734.162466
-59.799121,50,734.611365
-56.504865,50,735.040019
-55.573171,50,735.517107
-65.603801,50,735.953556
-56.207121,50,736.430316
-53.074546,50,736.852961
-63.184837,50,737.329591
-63.425352,50,737.784744
-59.71274,50,738.223012
-63.084038,50,738.690465
-57.255606,50,739.129208
-62.912528,50,739.573391
-54.354065,50,740.012838
-57.355073,50,740.457062
-54.300249,50,740.961949
-53.358551,50,741.400321
-53.949662,50,741.859954
-75.941367,50,742.307974
-58.769584,50,742.790219
-60.776854,50,743.218241
-0.045142,1,743.229424
-63.577928,50,743.666068
-64.530638,50,744.123788
-63.595417,50,744.577592
-56.257332,50,744.996999
-55.544934,50,745.435976
-62.820211,50,745.872644
-70.160474,50,746.302182
-63.593286,50,746.759351
-66.42486,50,747.184031
-76.843704,50,747.646312
-52.996436,50,748.07534
-61.884873,50,748.500267
-74.120387,50,748.939605
-58.941092,50,749.388786
-61.128493,50,749.838174
-65.514201,50,750.276192
-84.598492,50,750.723555
-73.042421,50,751.214633
-65.340713,50,751.674057
-52.569271,50,752.118824
-57.959067,50,752.58052
-67.272705,50,753.009985
-57.935262,50,753.453352
-65.707293,50,753.883477
-69.484689,50,754.339435
-0.047068,1,754.353512
-53.04252,50,754.784976
-60.887866,50,755.234694
-64.137247,50,755.708903
-57.804398,50,756.156835
-56.241094,50,756.599123
-59.728415,50,757.067385
-61.218608,50,757.497757
-19.290241,19,757.667698
-59.756862,50,758.107703
-62.363021,50,758.549188
-70.480142,50,759.027502
-60.953859,50,759.504152
-62.139607,50,759.963291
-59.896256,50,760.418191
-57.622031,50,760.869196
-55.624219,50,761.368537
-62.674126,50,761.788441
-69.647921,50,762.230918
-69.826444,50,762.6931
-66.103113,50,763.162353
-59.775523,50,763.615523
-58.672264,50,764.056598
-56.324203,50,764.492276
-62.145618,50,764.932009
-68.763041,50,765.369554
-59.139151,50,765.807431
-56.306687,50,766.262312
-58.804678,50,766.712781
-58.960885,50,767.150378
-61.604952,50,767.596458
-54.838352,50,768.026936
-61.60021,50,768.46889
-63.522258,50,768.911944
-67.913862,50,769.371197
-59.510713,50,769.80203
-53.925028,50,770.246383
-66.322142,50,770.680434
-62.507552,50,771.19375
-57.441401,50,771.636901
-56.612667,50,772.095478
-55.367668,50,772.604051
-65.02521,50,773.055058
-58.815567,50,773.522125
-64.44442,50,773.983654
-58.434942,50,774.452807
-59.937839,50,774.911476
-56.611473,50,775.361377
-57.670907,50,775.829871
-59.147801,50,776.287424
-55.671858,50,776.726622
-56.251876,50,777.17629
-58.091976,50,777.606557
-67.293952,50,778.065718
-63.774958,50,778.535431
-65.459439,50,778.971252
-59.258133,50,779.453424
-62.921816,50,779.904649
-55.023501,50,780.35497
-61.630818,50,780.802215
-54.957839,50,781.265009
-86.943763,50,781.737432
-56.045472,50,783.565864
-0.031116,1,783.574931
-0.042264,1,783.588932
-0.046562,1,783.59993
-57.9253,50,784.061891
-63.539181,50,784.504929
-61.433907,50,784.980634
-64.122289,50,785.439704
-64.050965,50,785.878119
-79.384957,50,786.330795
-53.775557,50,786.82888
-57.299629,50,787.321163
-59.021214,50,787.760753
-56.475054,50,788.183256
-84.424404,50,788.653544
-59.043527,50,789.087535
-64.73812,50,789.534751
-57.095822,50,789.98171
-64.327899,50,790.424676
-82.966645,50,790.87015
-57.568257,50,791.332399
-55.53997,50,791.806338
-4.303116,5,791.860338
-65.216683,50,792.29846
-57.671784,50,792.740207
-64.192659,50,793.196127
-66.578322,50,793.659524
-57.612665,50,794.093308
-0.049714,1,794.102307
-60.993093,50,794.542122
-58.380966,50,794.982312
-0.019821,1,794.992311
-63.627115,50,795.449128
-60.066815,50,795.882766
-60.044158,50,796.372172
-52.637402,50,796.82707
-63.991873,50,797.268389
-80.63649,50,797.714432
-56.735542,50,798.139966
-65.741221,50,798.589524
-62.432951,50,799.043522
-63.867006,50,799.492608
-56.444965,50,799.952272
-0.023305,1,799.961273
-63.259296,50,800.426062
-59.761812,50,800.864367
-61.726516,50,801.301728
-59.401738,50,801.797968
-56.527499,50,802.2391
-76.976241,50,802.710259
-60.612066,50,803.151687
-63.943082,50,803.602842
-60.640562,50,804.035646
-54.044543,50,804.482228
-59.590966,50,804.917827
-61.568556,50,805.345594
-54.392393,50,805.801738
-53.206428,50,806.228466
-60.046184,50,806.695279
-59.988364,50,807.118301
-76.57397,50,807.557704
-56.957484,50,808.028058
-55.763964,50,808.480718
-59.02178,50,808.947662
-60.598525,50,809.390526
-79.147208,50,809.848386
-60.654467,50,810.304941
-56.404118,50,810.742447
-58.874246,50,811.183946
-64.117236,50,811.627558
-59.455624,50,812.114583
-57.141337,50,812.565731
-64.753502,50,813.015373
-62.58866,50,813.453476
-61.231443,50,813.885474
-60.416294,50,814.316816
-65.134813,50,814.767332
-55.648887,50,815.200224
-62.96193,50,815.658391
-0.045893,1,815.668591
-65.918313,50,816.10709
-59.468982,50,816.544614
-59.504129,50,817.001805
-56.38597,50,817.434584
-0.033397,1,817.444586
-55.769205,50,817.882717
-56.593896,50,818.318225
-62.032647,50,818.792584
-53.507303,50,819.273173
-63.11774,50,819.762901
-58.424035,50,820.217157
-63.011554,50,820.674379
-67.822075,50,821.13913
-52.782598,50,821.592911
-58.369243,50,822.106588
-61.832836,50,822.561757
-58.30423,50,823.006519
-0.045699,1,823.015703
-84.612828,50,823.47723
-63.813842,50,823.948972
-66.326782,50,824.387832
-52.930149,50,824.8552
-0.047122,1,824.867372
-55.717445,50,825.300303
-56.554927,50,825.73603
-0.044703,1,825.74403
-59.602183,50,826.199456
-84.535592,50,826.63255
-58.929811,50,827.076167
-60.262962,50,827.505763
-54.059715,50,827.938162
-54.110085,50,828.37184
-61.965159,50,828.832989
-57.397403,50,829.272686
-57.103436,50,829.717365
-53.080845,50,830.139673
-0.048865,1,830.148765
-64.673232,50,830.605606
-84.151817,50,831.055483
-58.363106,50,831.515478
-55.183688,50,831.988628
-62.804393,50,832.534185
-60.750798,50,833.007216
-58.608909,50,833.427301
-54.229229,50,833.882123
-56.880758,50,834.335524
-63.884805,50,834.799872
-66.139884,50,835.238029
-53.571542,50,835.710856
-61.118132,50,836.166799
-58.905084,50,836.612676
-84.84503,50,837.04473
-60.527827,50,837.505728
-55.280942,50,837.942772
-63.326283,50,838.406385
-69.025188,50,838.863827
-62.264267,50,839.311042
-53.31724,50,839.749739
-65.294244,50,840.172467
-55.606688,50,840.616294
-0.041277,1,840.628294
-69.583945,50,841.055039
-55.320521,50,841.513489
-63.628437,50,841.969866
-0.008102,1,841.979954
-59.583999,50,842.45363
-59.9799,50,842.892831
-58.235095,50,843.337141
-0.019447,1,843.34614
-0.030162,1,843.356142
-65.321505,50,843.839517
-54.650209,50,844.309328
-57.82496,50,844.764127
-59.367006,50,845.19249
-55.642456,50,845.666424
-60.631037,50,846.094819
-64.940696,50,846.543773
-57.639799,50,846.983509
-78.22304,50,847.43972
-62.005102,50,847.891548
-63.815306,50,848.341033
-57.124966,50,848.786709
-61.852359,50,849.233872
-69.196717,50,849.667454
-76.584021,50,850.103737
-0.030411,1,850.112736
-54.75479,50,850.553931
-65.474814,50,851.014606
-53.281239,50,851.449932
-64.034443,50,851.882443
-63.140653,50,852.353679
-81.043628,50,852.799242
-60.058469,50,853.251035
-57.340115,50,853.677388
-62.32724,50,854.138071
-62.154772,50,854.579905
-0.024164,1,854.590037
-55.053519,50,855.021638
-68.297065,50,855.479797
-60.497256,50,855.926909
-63.334819,50,856.363732
-54.351543,50,856.815362
-58.560462,50,857.243923
-78.241163,50,857.705321
-69.293994,50,858.136874
-61.215996,50,858.573654
-76.429554,50,859.034671
-84.152043,50,859.461721
-0.034103,1,859.470865
-59.401431,50,859.935681
-53.994792,50,860.375186
-57.438207,50,860.818533
-53.09855,50,861.255946
-62.352584,50,861.687924
-64.86482,50,862.187318
-62.752293,50,862.689009
-68.752619,50,863.129447
-85.783233,50,863.570218
-66.427918,50,864.021775
-54.390119,50,864.472136
-59.118199,50,864.908263
-63.976977,50,865.341495
-61.60995,50,865.812883
-58.820192,50,866.244856
-56.177631,50,866.710754
-58.531458,50,867.154079
-63.636842,50,867.618873
-63.502194,50,868.072762
-65.784009,50,868.523766
-79.973497,50,868.971529
-58.511978,50,869.421607
-56.071985,50,869.852384
-53.569197,50,870.29576
-56.512331,50,870.742375
-68.984411,50,871.197705
-65.427627,50,871.676933
-63.395023,50,872.149951
-69.251399,50,872.64051
-55.954155,50,873.08503
-58.275913,50,874.934225
-56.323088,50,875.388944
-83.6219,50,875.818714
-78.73974,50,876.25156
-62.685892,50,876.68891
-78.714914,50,877.147094
-63.210119,50,877.578237
-56.414993,50,878.025973
-60.443559,50,878.448844
-81.232792,50,878.883235
-52.606024,50,879.331055
-0.02167,1,879.344123
-64.937036,50,879.786457
-54.764514,50,880.222648
-61.689155,50,880.692089
-57.432646,50,881.153149
-60.620828,50,881.604772
-57.006836,50,882.040516
-77.269334,50,882.480458
-83.341044,50,882.964762
-55.241551,50,883.393758
-65.880933,50,883.870137
-61.393457,50,884.3186
-64.808263,50,884.77778
-54.535199,50,885.235974
-57.121719,50,885.654193
-78.443749,50,886.100676
-66.139375,50,886.543183
-61.378012,50,886.997848
-59.865759,50,887.427826
-57.009511,50,887.8701
-59.460569,50,888.32104
-71.49006,50,888.756328
-66.492737,50,889.217032
-72.246461,50,889.646779
-61.928079,50,890.08328
-57.96045,50,890.538408
-64.454554,50,890.974612
-61.481193,50,891.411517
-65.296423,50,891.892945
-72.190511,50,892.378884
-67.171692,50,892.859236
-75.853545,50,893.338636
-52.908301,50,893.802371
-56.642862,50,894.236657
-58.214924,50,894.6665
-82.768163,50,895.110604
-59.005485,50,895.558173
-66.459053,50,896.01119
-0.020577,1,896.022192
-66.737382,50,896.482193
-66.233667,50,896.947337
-53.577146,50,897.375217
-57.523895,50,897.814367
-62.2027,50,898.263542
-63.760417,50,898.732894
-4.425434,5,898.780056
-60.230833,50,899.213704
-55.172535,50,899.669604
-60.066134,50,900.10235
-85.018311,50,900.555353
-0.049254,1,900.563586
-26.744108,25,900.802581
-63.140605,50,901.238844
-60.336475,50,901.675691
-0.01322,1,901.68379
-52.504055,50,902.128401
-55.213829,50,902.582528
-56.250929,50,903.056644
-60.533249,50,903.511039
-56.686582,50,903.951324
-63.440078,50,904.402645
-57.687082,50,904.830438
-56.259557,50,905.286353
-64.848769,50,905.719986
-0.027608,1,905.733164
-69.738801,50,906.177463
-0.021022,1,906.187466
-55.216113,50,906.637376
-57.097431,50,907.080744
-83.873948,50,907.526894
-63.557528,50,907.970841
-56.824086,50,908.396133
-87.579956,50,908.867632
-81.100779,50,909.295909
-62.053418,50,909.730904
-62.685243,50,910.163405
-62.664035,50,910.593494
-62.781145,50,911.048469
-55.128663,50,911.481048
-53.689536,50,911.91008
-56.383225,50,912.338278
-67.106435,50,912.764026
-67.485718,50,913.248747
-62.914452,50,913.687674
-61.795479,50,914.144919
-72.632455,50,914.581992
-65.032597,50,915.049118
-59.425753,50,915.510299
-58.159763,50,915.944569
-56.181311,50,916.418406
-61.240632,50,916.874505
-54.784709,50,917.310857
-87.628112,50,917.770262
-58.51491,50,918.21728
-59.147162,50,918.652316
-66.757163,50,919.107575
-62.905372,50,919.562118
-76.544796,50,920.021595
-61.767758,50,920.489876
-56.608647,50,920.925878
-64.837497,50,921.389112
-80.882285,50,921.865934
-59.96048,50,922.307389
-54.743428,50,922.79179
-60.469101,50,923.236258
-58.345519,50,923.716367
-61.075892,50,924.170545
-0.028117,1,924.178696
-54.281362,50,924.611747
-63.674675,50,925.04578
-66.342391,50,925.49517
-66.231494,50,925.9522
-60.489746,50,926.390348
-76.697063,50,926.834086
-52.233709,49,927.254798
-75.019363,50,927.676397
-82.568706,50,928.127047
-68.732788,50,928.571524
-59.4204,50,929.019377
-63.318928,50,929.48649
-62.170562,50,929.93076
-58.844888,50,930.398011
-64.555622,50,930.81995
-53.049301,50,931.28556
-64.915538,50,931.764858
-63.180552,50,932.204808
-78.141491,50,932.664045
-59.078207,50,933.091878
-59.826879,50,933.572917
-65.948022,50,934.020647
-61.552216,50,934.455769
-58.349366,50,934.932396
-57.37568,50,935.365119
-73.180007,50,935.811148
-61.853314,50,936.256945
-82.978017,50,936.684904
-77.585024,50,937.139262
-57.304802,50,937.595505
-64.175653,50,938.042061
-67.30643,50,938.48031
-68.341843,50,938.910413
-68.633408,50,939.359527
-55.139374,50,939.813421
-62.737305,50,940.257535
-62.776088,50,940.699653
-60.764138,50,941.173852
-61.588293,50,941.616245
-63.465245,50,942.052525
-55.602766,50,942.491695
-59.672916,50,942.954198
-56.340986,50,943.39811
-56.139288,50,943.900785
-63.527068,50,944.364864
-73.12768,50,944.812531
-28.321432,27,945.049694
-0.029937,1,945.057693
-66.745537,50,945.488994
-56.217259,50,945.980155
-58.918175,50,946.431756
-62.103856,50,946.85146
-59.206951,50,947.299908
-60.710278,50,947.720236
-56.027575,50,948.159748
-60.660006,50,948.604172
-55.753434,50,949.043114
-76.162064,50,949.496652
-63.144955,50,949.949159
-61.210706,50,950.380847
-78.888234,50,950.822333
-60.719103,50,951.270254
-58.752932,50,951.740332
-60.435319,50,952.190672
-55.004353,50,952.64529
-59.969098,50,953.098435
-52.88762,50,953.540614
-72.630153,50,954.03241
-55.307365,50,954.46877
-66.823391,50,954.896241
-83.435215,50,955.339998
-57.674005,50,955.785316
-57.509901,50,956.263415
-82.906397,50,956.713436
-54.790442,50,957.141163
-81.118307,50,957.571185
-62.596066,50,958.013247
-58.835372,50,958.457281
-62.053633,50,958.878987
-57.605442,50,959.353459
-60.153415,50,959.79796
-60.202726,50,960.237993
-0.011863,1,960.247993
-0.047466,1,960.256994
-54.974851,50,960.700034
-69.73733,50,961.159165
-62.503046,50,961.588098
-75.508732,50,962.02403
-64.991931,50,962.465528
-64.685261,50,962.925183
-80.569786,50,963.385258
-59.942015,50,963.8209
-58.589697,50,964.310171
-56.834143,50,966.074059
-76.074799,50,966.529781
-63.177529,50,966.987885
-64.6009,50,967.437794
-55.039749,50,967.890079
-56.346697,50,968.3322
-62.529242,50,968.770005
-0.04004,1,968.784078
-57.065339,50,969.215192
-53.317758,50,969.65248
-64.376329,50,970.09222
-65.268524,50,970.52042
-58.084752,50,970.954146
-56.144188,50,971.413259
-57.871763,50,971.85265
-0.040255,1,971.865814
-60.390158,50,972.322352
-56.614621,50,972.738622
-65.913468,50,973.190015
-58.638956,50,973.632094
-60.805041,50,974.072712
-61.564374,50,974.542071
-55.989773,50,974.977671
-59.644496,50,975.433819
-75.356198,50,975.890255
-54.546854,50,976.330201
-62.736522,50,976.794738
-57.806486,50,977.251848
-56.71182,50,977.687058
-66.620831,50,978.184875
-60.080353,50,978.621171
-64.518908,50,979.09658
-56.921531,50,979.532285
-59.754066,50,979.98187
-54.8434,50,980.418279
-62.264223,50,980.844123
-54.614305,50,981.291237
-58.503123,50,981.768556
-62.118299,50,982.207836
-79.322686,50,982.683183
-75.387856,50,983.104564
-58.231498,50,983.528393
-0.024364,1,983.539697
-57.528796,50,983.988798
-57.285527,50,984.472805
-59.304484,50,984.934204
-81.192793,50,985.37203
-62.471792,50,985.797372
-69.646999,50,986.253807
-82.275643,50,986.694964
-77.166321,50,987.15404
-70.902286,50,987.601026
-56.840029,50,988.030518
-68.423334,50,988.481925
-68.033282,50,988.913617
-62.216443,50,989.372266
-78.139391,50,989.829434
-59.282956,50,990.300372
-58.022159,50,990.748294
-0.022529,1,990.761293
-62.247207,50,991.219761
-57.578543,50,991.703346
-64.865677,50,992.137897
-68.909056,50,992.585959
-58.120091,50,993.044501
-69.08215,50,993.480612
-0.025146,1,993.488612
-66.038142,50,993.933666
-0.042738,1,993.941663
-53.398228,50,994.412596
-71.413342,50,994.877684
-78.36508,50,995.330509
-55.589867,50,995.779658
-59.45768,50,996.240181
-52.612046,50,996.684429
-57.210157,50,997.126407
-77.204088,50,997.572287
-54.288106,50,998.009288
-60.148914,50,998.449802
-64.810409,50,998.917177
-60.600236,50,999.364895
-62.121485,50,999.827982
-50.890117,48,1000.272725
-76.372521,50,1000.730432
-0.040868,1,1000.738566
-63.979292,50,1001.219151
-57.051603,50,1001.682617
-58.864655,50,1002.142991
-69.687929,50,1002.591014
-54.272242,50,1003.011546
-64.838594,50,1003.459542
-64.586486,50,1003.905935
-68.185451,50,1004.360163
-66.465995,50,1004.868635
-66.228302,50,1005.298726
-65.805179,50,1005.757145
-55.002047,50,1006.19415
-58.683311,50,1006.652977
-63.249538,50,1007.10234
-66.223361,50,1007.538872
-59.816988,50,1007.997322
-81.973851,50,1008.434633
-0.032434,1,1008.443703
-68.323787,50,1008.897123
-54.494558,50,1009.344834
-59.953751,50,1009.763661
-62.784947,50,1010.210117
-56.698264,50,1010.646718
-64.077866,50,1011.113844
-61.45043,50,1011.564759
-61.311128,50,1012.003816
-58.671407,50,1012.489873
-80.005298,50,1012.929865
-60.919499,50,1013.384827
-53.420164,50,1013.852965
-63.223026,50,1014.301416
-63.174285,50,1014.790547
-54.13858,50,1015.233475
-77.610512,50,1015.688216
-62.632494,50,1016.129221
-69.772906,50,1016.573812
-62.845195,50,1017.021038
-60.311791,50,1017.454253
-64.79429,50,1017.899778
-58.078482,50,1018.361815
-52.58447,50,1018.809518
-59.121688,50,1019.250224
-55.215802,50,1019.703376
-80.955139,50,1020.122754
-55.28876,50,1020.566324
-55.129167,50,1021.007486
-79.196654,50,1021.445176
-72.734718,50,1021.884432
-63.838875,50,1022.333942
-63.135169,50,1022.781118
-70.133919,50,1023.246817
-65.659176,50,1023.671872
-60.211413,50,1024.108537
-62.31859,50,1024.561409
-85.651147,50,1025.091328
-59.858994,50,1025.544708
-56.951825,50,1025.984804
-56.587658,50,1026.442755
-62.244598,50,1026.957764
-68.572421,50,1027.423892
-60.918754,50,1027.863556
-62.869723,50,1028.318106
-75.937382,50,1028.766991
-79.936862,50,1029.214997
-63.262716,50,1029.661564
-81.390519,50,1030.080597
-60.536133,50,1030.52929
-59.578268,50,1030.966245
-63.813855,50,1031.433952
-78.200634,50,1031.895187
-61.288168,50,1032.326801
-61.753699,50,1032.748018
-62.475183,50,1033.201368
-64.039954,50,1033.635707
-62.846498,50,1034.085505
-55.666163,50,1034.526589
-78.816507,50,1034.955374
-59.775333,50,1035.447556
-81.450569,50,1035.890592
-63.831136,50,1036.351314
-81.276313,50,1036.796238
-53.115358,50,1037.244122
-0.022775,1,1037.25933
-55.441187,50,1037.712283
-61.115045,50,1038.137626
-58.92683,50,1038.594655
-77.051894,50,1039.033599
-78.522812,50,1039.480695
-62.374929,50,1039.94074
-0.047297,1,1039.949903
-59.523717,50,1040.41825
-0.027296,1,1040.428247
-60.713469,50,1040.878525
-59.874304,50,1041.314921
-61.490764,50,1041.746228
-0.046955,1,1041.755228
-63.03138,50,1042.24046
-60.898142,50,1042.693801
-61.765036,50,1043.149629
-59.563962,50,1043.623514
-53.457532,50,1044.072348
-82.787221,50,1044.535531
-54.902218,50,1044.977048
-66.335174,50,1045.476079
-86.632658,50,1045.92053
-62.419483,50,1046.369909
-66.001415,50,1046.840494
-53.607063,50,1047.280219
-67.19196,50,1047.746407
-56.192064,50,1048.186225
-59.903611,50,1048.654603
-61.401111,50,1049.110234
-58.550824,50,1049.559944
-63.276085,50,1050.003078
-53.629932,50,1050.489268
-75.385314,50,1050.916675
-0.03516,1,1050.926675
-80.682995,50,1051.394678
-66.054751,50,1051.873354
-57.983059,50,1052.300859
-52.502259,50,1052.741777
-59.626648,50,1053.167853
-59.010316,50,1053.639761
-59.182253,50,1054.073358
-0.04675,1,1054.082357
-56.614875,50,1054.522581
-58.651457,50,1054.962283
-0.039569,1,1054.971345
-58.847623,50,1055.452051
-70.605264,50,1055.899984
-61.223919,50,1057.739121
-58.749874,50,1058.174284
-62.214764,50,1058.626079
-64.752684,50,1059.066731
-56.572405,50,1059.538005
-57.741798,50,1060.00251
-62.116878,50,1060.45708
-64.74431,50,1060.887893
-64.290321,50,1061.357893
-57.291672,50,1061.809105
-61.659657,50,1062.250904
-54.724499,50,1062.728912
-54.620918,50,1063.167883
-61.033467,50,1063.590824
-59.661426,50,1064.040931
-53.024766,50,1064.506223
-60.335619,50,1064.946545
-64.469992,50,1065.378388
-58.621562,50,1065.842518
-57.573766,50,1066.304051
-62.197781,50,1066.735613
-63.321112,50,1067.165659
-78.989139,50,1067.622039
-62.464497,50,1068.046892
-0.021197,1,1068.059016
-60.752487,50,1068.494781
-62.85837,50,1068.923049
-61.767585,50,1069.372112
-82.540235,50,1069.813647
-64.681849,50,1070.237187
-61.623569,50,1070.675172
-69.419692,50,1071.132073
-58.360925,50,1071.576724
-0.039771,1,1071.584949
-73.773689,50,1072.051302
-64.522184,50,1072.526613
-77.177568,50,1072.971618
-0.033848,1,1072.979619
-72.838136,50,1073.433702
-82.880954,50,1073.865271
-80.59281,50,1074.329929
-0.04529,1,1074.33907
-79.58928,50,1074.794946
-68.121516,50,1075.22216
-79.01281,50,1075.713832
-73.630993,50,1076.189718
-61.815546,50,1076.656187
-59.26533,50,1077.090131
-58.67568,50,1077.538591
-58.534867,50,1077.984216
-58.145979,50,1078.439799
-58.237791,50,1078.877985
-0.040172,1,1078.890986
-80.835971,50,1079.351766
-57.117034,50,1079.802549
-61.281444,50,1080.258273
-61.991754,50,1080.700958
-61.611306,50,1081.144491
-54.529468,50,1081.597417
-69.170183,50,1082.042363
-65.260322,50,1082.516578
-53.474772,50,1082.945871
-62.884801,50,1083.429732
-76.236803,50,1083.853879
-53.082443,50,1084.292174
-61.101347,50,1084.750105
-58.516294,50,1085.178606
-0.030721,1,1085.18788
-64.342791,50,1085.648239
-59.83633,50,1086.151303
-61.826742,50,1086.603824
-60.064672,50,1087.062828
-54.849944,50,1087.518822
-67.849024,50,1087.948652
-60.870927,50,1088.407712
-63.224795,50,1088.847002
-56.265143,50,1089.299702
-63.470493,50,1089.784179
-57.68567,50,1090.247186
-53.682715,50,1090.68453
-77.022367,50,1091.117948
-55.101419,50,1091.57039
-63.042414,50,1092.00159
-62.684639,50,1092.445801
-0.038523,1,1092.459857
-63.275692,50,1092.909381
-72.796361,50,1093.320035
-56.061637,50,1093.769202
-62.068608,50,1094.20317
-62.727083,50,1094.650872
-60.133793,50,1095.109414
-65.921303,50,1095.551045
-53.875275,50,1096.053727
-52.936289,50,1096.534657
-55.827321,50,1096.982394
-58.903659,50,1097.448245
-59.099271,50,1097.888584
-60.992967,50,1098.371319
-59.028653,50,1098.901874
-55.49882,50,1099.352375
-79.44245,50,1099.827775
-64.088149,50,1100.255398
-57.761522,50,1100.707886
-56.413633,50,1101.185805
-61.414506,50,1101.642303
-56.711449,50,1102.097576
-56.171223,50,1102.558593
-59.660532,50,1102.999168
-63.243636,50,1103.442089
-54.217647,50,1103.903254
-58.037559,50,1104.351168
-60.406265,50,1104.803049
-53.384613,50,1105.242068
-60.090679,50,1105.678188
-63.444662,50,1106.151787
-52.619722,50,1106.62714
-56.674577,50,1107.104584
-59.169284,50,1107.578811
-0.025864,1,1107.587966
-54.856827,50,1108.06914
-57.665101,50,1108.540374
-61.090261,50,1108.998638
-54.593631,50,1109.455004
-59.089087,50,1109.925266
-53.997897,50,1110.362134
-55.673086,50,1110.812171
-73.347103,50,1111.268534
-65.72324,50,1111.721079
-65.096913,50,1112.1897
-60.127161,50,1112.639535
-60.649682,50,1113.078486
-59.150462,50,1113.542752
-60.066615,50,1114.001402
-56.478037,50,1114.439793
-58.269806,50,1114.895665
-58.922501,50,1115.333277
-82.863728,50,1115.78821
-54.207207,50,1116.295022
-56.076267,50,1116.786972
-58.888143,50,1117.229119
-55.903437,50,1117.68921
-0.033314,1,1117.698439
-70.747621,50,1118.132009
-57.854076,50,1118.571624
-54.686201,50,1119.023922
-57.115901,50,1119.481568
-78.763854,50,1119.955355
-62.363064,50,1120.397565
-62.792867,50,1120.851203
-59.184811,50,1121.302868
-59.891228,50,1121.751044
-0.032331,1,1121.759276
-55.975489,50,1122.226647
-59.584981,50,1122.708702
-78.35834,50,1123.133354
-54.682751,50,1123.605719
-8.591263,9,1123.690635
-0.032707,1,1123.698979
-57.475254,50,1124.174809
-69.459515,50,1124.603992
-61.402813,50,1125.051169
-54.782297,50,1125.48497
-53.296794,50,1125.926105
-54.970645,50,1126.393465
-54.636015,50,1126.84811
-0.044236,1,1126.856289
-58.674809,50,1127.297806
-56.365862,50,1127.739759
-0.045089,1,1127.752835
-55.859962,50,1128.212789
-54.97645,50,1128.644866
-0.025435,1,1128.652866
-69.874419,50,1129.104848
-56.330048,50,1129.557108
-64.107144,50,1130.013619
-0.041396,1,1130.022618
-62.84409,50,1130.473009
-60.564274,50,1130.956214
-0.047216,1,1130.964393
-55.58541,50,1131.405816
-62.208173,50,1131.931144
-56.949589,50,1132.3848
-62.707257,50,1132.845593
-63.266398,50,1133.304647
-54.457192,50,1133.75388
-64.813168,50,1134.229921
-74.344284,50,1134.695523
-0.007298,1,1134.703523
-56.884796,50,1135.178015
-54.759285,50,1135.651163
-59.425028,50,1136.096325
-60.448966,50,1136.611562
-67.617787,50,1137.094358
-67.96787,50,1137.533677
-0.024911,1,1137.54368
-60.839899,50,1137.987612
-58.718604,50,1138.436318
-64.531847,50,1138.894866
-80.264053,50,1139.341117
-0.028771,1,1139.350117
-0.022687,1,1139.366205
-63.553078,50,1139.833228
-58.665755,50,1140.273708
-53.103648,50,1140.705228
-65.833857,50,1141.14823
-56.508982,50,1141.595408
-59.057254,50,1142.032307
-59.678785,50,1142.464407
-66.865136,50,1142.916624
-54.592248,50,1143.360044
-75.890748,50,1143.819951
-59.51696,50,1144.270928
-79.850141,50,1144.746468
-84.216564,50,1145.167621
-55.839564,50,1145.644872
-52.57966,50,1146.097891
-66.934354,50,1146.552008
-60.079811,50,1147.082173
-76.73144,50,1147.538079
-62.28715,50,1147.988228
-63.101698,50,1149.878313
-57.125611,50,1150.320937
-64.001446,50,1150.772808
-56.819074,50,1151.224192
-61.622413,50,1151.670847
-57.372905,50,1152.105214
-62.42275,50,1152.546724
-0.039634,1,1152.554823
-62.219441,50,1152.992152
-53.651117,50,1153.436558
-58.6942,50,1153.892036
-59.313071,50,1154.330163
-54.251747,50,1154.805581
-58.33965,50,1155.241642
-58.904132,50,1155.706884
-76.468946,50,1156.167652
-54.690253,50,1156.602925
-59.567697,50,1157.09534
-52.906969,50,1157.540974
-56.634102,50,1157.993961
-83.239838,50,1158.434574
-0.045778,1,1158.442574
-61.46132,50,1158.884804
-55.13492,50,1159.3523
-0.035803,1,1159.369298
-80.738225,50,1159.806599
-61.242296,50,1160.240652
-62.158027,50,1160.685118
-58.471485,50,1161.136763
-62.760438,50,1161.581252
-55.971573,50,1162.053062
-59.857378,50,1162.505604
-62.174188,50,1162.981673
-60.523873,50,1163.422995
-55.068386,50,1163.878585
-59.242772,50,1164.309235
-53.962315,50,1164.769194
-62.251855,50,1165.203782
-62.328972,50,1165.635127
-72.670866,50,1166.086377
-63.767949,50,1166.563551
-63.66466,50,1167.032806
-79.955868,50,1167.53548
-52.656667,50,1167.996073
-62.603056,50,1168.442334
-61.102189,50,1168.887266
-57.800329,50,1169.322383
-53.905501,50,1169.82986
-57.971776,50,1170.273365
-55.046736,50,1170.74195
-71.878448,50,1171.171778
-70.983702,50,1171.614248
-58.543175,50,1172.116662
-61.388701,50,1172.578263
-60.095483,50,1173.054284
-64.413175,50,1173.493535
-59.602676,50,1173.939676
-80.573434,50,1174.381081
-52.827502,50,1174.821081
-56.827697,50,1175.261362
-58.724478,50,1175.711307
-57.023187,50,1176.142766
-62.295315,50,1176.596058
-61.343175,50,1177.039088
-64.434625,50,1177.543698
-78.311484,50,1177.988676
-61.259783,50,1178.40962
-59.830184,50,1178.880178
-70.629512,50,1179.326883
-81.139424,50,1179.764137
-61.755677,50,1180.226926
-59.739675,50,1180.669461
-81.973384,50,1181.136397
-56.042034,50,1181.571965
-62.54525,50,1182.022702
-64.414148,50,1182.471038
-60.467449,50,1182.937032
-60.004981,50,1183.415321
-55.771332,50,1183.869489
-56.179658,50,1184.316928
-68.715957,50,1184.764653
-58.434255,50,1185.223954
-60.630202,50,1185.675518
-57.950245,50,1186.112688
-62.16813,50,1186.549263
-64.652441,50,1187.023924
-69.922263,50,1187.49987
-63.506438,50,1187.954544
-60.006484,50,1188.413658
-59.924002,50,1188.844678
-57.466812,50,1189.302501
-61.551993,50,1189.759125
-58.975289,50,1190.221695
-81.812122,50,1190.659218
-54.433864,50,1191.136428
-61.082835,50,1191.58843
-70.945973,50,1192.042083
-60.093032,50,1192.55576
-65.563641,50,1192.989884
-58.943485,50,1193.451509
-63.0679,50,1193.927546
-80.919714,50,1194.368513
-57.297035,50,1194.890182
-67.815667,50,1195.322049
-66.687611,50,1195.752419
-53.15863,50,1196.218295
-53.802365,50,1196.659586
-59.83064,50,1197.103328
-76.598969,50,1197.578355
-78.910088,50,1198.03119
-59.894247,50,1198.470429
-61.743856,50,1198.903598
-64.370337,50,1199.369439
-62.286646,50,1199.815074
-54.664621,50,1200.256821
-53.064279,50,1200.695
-59.660452,50,1201.13767
-62.837498,50,1201.562362
-58.896492,50,1202.012901
-64.878687,50,1202.453938
-81.422842,50,1202.942455
-63.472706,50,1203.36994
-0.014481,1,1203.380094
-0.026592,1,1203.389094
-60.146172,50,1203.82878
-62.627748,50,1204.277653
-82.899764,50,1204.705233
-54.117283,50,1205.176729
-82.960305,50,1205.636253
-62.021323,50,1206.083815
-61.861446,50,1206.520999
-61.666944,50,1206.947259
-62.997246,50,1207.397691
-64.905725,50,1207.890967
-55.417861,50,1208.34281
-57.766999,50,1208.791921
-57.293401,50,1209.241798
-58.925949,50,1209.696768
-55.582613,50,1210.140826
-57.791799,50,1210.581504
-66.080244,50,1211.043019
-58.02711,50,1211.47178
-62.61348,50,1211.917211
-68.960017,50,1212.360226
-52.529032,50,1212.822616
-61.763785,50,1213.281736
-62.308235,50,1213.730505
-76.664656,50,1214.190992
-0.021102,1,1214.204277
-62.25808,50,1214.659287
-64.184178,50,1215.114196
-56.2891,50,1215.606585
-60.561861,50,1216.076932
-73.530446,50,1216.542198
-85.957694,50,1216.978304
-53.14546,50,1217.432425
-77.395662,50,1217.953172
-62.25715,50,1218.396685
-56.365175,50,1218.852461
-56.113084,50,1219.31418
-54.720752,50,1219.757839
-66.265674,50,1220.200372
-62.400405,50,1220.635548
-62.785569,50,1221.082306
-59.067365,50,1221.53495
-62.541872,50,1221.985862
-61.763008,50,1222.449731
-78.343655,50,1222.900159
-60.379145,50,1223.370722
-79.126667,50,1223.786967
-57.670766,50,1224.229278
-84.948513,50,1224.672211
-57.762454,50,1225.124449
-53.820417,50,1225.555154
-57.107275,50,1226.030859
-57.582016,50,1226.484226
-59.136337,50,1226.978783
-56.154742,50,1227.455523
-62.856482,50,1227.94278
-57.718625,50,1228.41696
-79.931116,50,1228.856218
-65.435083,50,1229.313993
-0.046566,1,1229.322994
-57.66989,50,1229.759468
-0.043461,1,1229.773468
-59.665772,50,1230.253793
-62.104856,50,1230.700076
-63.731581,50,1231.170709
-62.939347,50,1231.629247
-53.324846,50,1232.074079
-78.581669,50,1232.50843
-71.824827,50,1232.956743
-64.431369,50,1233.399959
-62.077502,50,1233.848265
-57.702731,50,1234.304678
-54.629114,50,1234.770222
-62.229837,50,1235.239197
-59.281681,50,1235.675754
-63.097113,50,1236.130761
-57.199854,50,1236.58115
-60.770996,50,1237.042301
-61.461683,50,1237.504864
-60.874202,50,1237.954426
-52.508757,50,1238.425456
-56.314203,50,1238.89571
-54.972072,50,1239.352758
-70.274256,50,1239.846228
-0.011952,1,1239.855229
-65.834583,50,1240.316067
-0.016205,1,1240.325067
-62.792273,50,1242.252283
-57.163514,50,1242.690839
-54.935681,50,1243.154891
-0.031797,1,1243.163986
-84.348338,50,1243.625101
-55.587811,50,1244.085816
-57.066438,50,1244.516877
-55.066683,50,1244.960638
-59.571291,50,1245.407165
-60.204797,50,1245.852308
-57.682154,50,1246.315257
-53.682379,50,1246.744732
-63.545929,50,1247.174773
-62.357524,50,1247.623004
-63.583252,50,1248.086009
-57.044426,50,1248.564036
-57.869799,50,1249.008194
-68.14736,50,1249.442475
-56.767428,50,1249.896441
-60.566482,50,1250.371834
-73.012472,50,1250.795588
-58.386493,50,1251.259376
-0.038843,1,1251.273377
-57.803854,50,1251.705394
-58.26162,50,1252.207318
-61.718629,50,1252.670909
-57.080678,50,1253.128142
-59.560933,50,1253.603793
-61.562152,50,1254.047981
-0.035605,1,1254.057981
-64.169785,50,1254.527967
-75.827176,50,1254.957616
-64.363024,50,1255.413607
-59.306908,50,1255.861388
-0.021358,1,1255.873805
-57.120145,50,1256.310406
-59.830645,50,1256.749007
-70.18424,50,1257.195073
-59.888154,50,1257.623678
-59.459375,50,1258.071818
-76.637713,50,1258.547541
-77.800214,50,1258.990743
-53.302879,50,1259.451118
-54.168509,50,1259.901826
-61.017667,50,1260.349041
-61.826085,50,1260.782391
-55.403336,50,1261.260162
-58.341462,50,1261.693308
-66.599198,50,1262.153756
-61.080032,50,1262.633741
-80.254043,50,1263.089591
-58.896273,50,1263.552853
-62.754806,50,1264.02913
-52.721603,50,1264.46506
-64.56185,50,1264.916118
-81.165404,50,1265.354963
-64.358021,50,1265.810765
-63.803528,50,1266.269666
-82.980536,50,1266.706156
-58.736125,50,1267.140726
-58.788513,50,1267.647224
-55.925792,50,1268.084297
-57.589293,50,1268.585491
-59.590462,50,1269.042581
-85.421305,50,1269.484869
-72.126642,50,1269.91734
-60.202899,50,1270.392904
-55.627722,50,1270.83481
-60.429654,50,1271.298401
-63.872108,50,1271.739225
-0.048367,1,1271.753287
-60.563664,50,1272.214119
-72.589526,50,1272.650919
-56.783968,50,1273.089243
-69.044586,50,1273.533862
-54.658709,50,1273.963875
-57.981329,50,1274.422445
-0.048088,1,1274.432445
-83.066834,50,1274.896228
-57.866419,50,1275.38284
-74.285054,50,1275.813419
-59.844115,50,1276.278324
-0.045506,1,1276.293324
-57.688803,50,1276.776368
-76.344007,50,1277.204519
-63.043624,50,1277.659209
-57.858983,50,1278.128145
-53.234386,50,1278.611707
-82.352551,50,1279.068858
-85.251976,50,1279.518011
-58.935531,50,1279.962654
-59.020771,50,1280.398698
-72.075603,50,1280.826144
-57.540482,50,1281.280909
-76.157798,50,1281.706391
-85.599034,50,1282.158413
-61.405581,50,1282.63632
-56.166887,50,1283.086158
-57.968432,50,1283.52837
-75.091999,50,1283.967649
-54.816722,50,1284.422364
-71.677221,50,1284.856405
-57.693245,50,1285.310173
-62.561746,50,1285.735745
-74.433292,50,1286.180582
-62.801871,50,1286.636459
-52.782428,50,1287.078101
-81.807265,50,1287.542058
-66.166932,50,1287.986329
-74.517793,50,1288.439089
-54.656293,50,1288.929034
-62.106971,50,1289.361755
-69.316031,50,1289.842976
-65.235843,50,1290.294145
-57.119089,50,1290.730957
-61.839939,50,1291.198959
-68.761101,50,1291.658396
-57.852651,50,1292.080587
-58.972319,50,1292.531162
-57.290237,50,1292.963356
-63.401625,50,1293.404489
-54.54958,50,1293.857136
-65.683077,50,1294.290836
-81.354283,50,1294.731696
-60.815819,50,1295.155738
-62.314603,50,1295.614772
-65.022658,50,1296.041021
-62.973418,50,1296.476806
-62.539609,50,1296.918288
-0.036906,1,1296.927571
-0.038479,1,1296.939667
-56.166482,50,1297.388914
-61.720634,50,1297.836741
-59.423202,50,1298.265152
-72.859154,50,1298.694978
-60.121816,50,1299.18636
-0.03704,1,1299.195657
-0.026505,1,1299.203735
-0.028345,1,1299.21589
-61.117761,50,1299.678617
-56.237954,50,1300.132632
-54.376049,50,1300.600322
-3.207531,4,1300.638517
-56.848805,50,1301.088744
-60.090801,50,1301.552104
-76.893056,50,1301.986841
-62.331636,50,1302.449589
-64.843908,50,1302.922124
-84.197692,50,1303.373124
-61.267635,50,1303.838678
-75.255529,50,1304.289706
-81.402708,50,1304.753695
-79.233028,50,1305.184219
-67.360421,50,1305.627754
-85.631983,50,1306.07391
-0.049739,1,1306.08291
-64.368047,50,1306.522873
-64.171402,50,1306.945374
-56.385388,50,1307.39084
-63.662867,50,1307.853333
-61.314392,50,1308.28225
-55.677788,50,1308.719032
-0.029827,1,1308.732215
-0.028843,1,1308.741302
-66.356754,50,1309.220013
-64.019388,50,1309.68185
-54.598119,50,1310.110858
-63.11208,50,1310.561166
-74.627914,50,1310.993139
-72.478333,50,1311.43134
-79.188314,50,1311.868452
-63.049893,50,1312.307817
-78.226316,50,1312.792743
-0.033933,1,1312.801742
-62.912689,50,1313.257467
-64.219392,50,1313.710496
-76.381514,50,1314.151201
-73.509283,50,1314.593915
-63.053593,50,1315.0395
-61.384313,50,1315.488273
-56.878748,50,1315.937397
-57.769914,50,1316.401592
-68.978066,50,1316.838576
-62.43557,50,1317.275613
-61.58329,50,1317.716737
-61.803502,50,1318.179073
-60.135434,50,1318.627485
-62.717586,50,1319.058041
-58.553855,50,1319.586226
-62.344392,50,1320.037282
-0.025017,1,1320.050435
-59.829336,50,1320.496385
-64.647156,50,1320.941307
-52.607388,50,1321.373966
-58.549099,50,1321.820824
-0.043579,1,1321.830823
-61.292607,50,1322.286908
-73.378991,50,1322.718562
-72.341015,50,1323.180669
-55.61533,50,1323.638642
-54.227297,50,1324.065997
-58.959582,50,1324.540579
-60.576514,50,1324.995677
-60.067227,50,1325.44894
-56.708995,50,1325.888765
-58.830798,50,1326.328312
-59.935384,50,1326.800189
-57.186164,50,1327.245052
-0.024077,1,1327.25414
-73.38084,50,1327.70229
-84.886276,50,1328.149821
-59.453757,50,1328.585964
-75.302777,50,1329.0224
-55.568885,50,1329.498173
-73.991425,50,1329.936698
-63.029362,50,1330.361118
-60.705712,50,1330.817653
-64.410023,50,1331.268682
-64.908543,50,1331.708172
-56.840993,50,1332.157528
