#{"t_start": 1775526323.8909862, "env_id": "FetchReach-v4"}
r,l,t
-50.0,50,0.908241
-50.0,50,0.94224
-46.0,50,0.975957
-50.0,50,1.010284
-49.0,50,1.048397
-50.0,50,1.081689
-50.0,50,1.119358
-50.0,50,1.154472
-50.0,50,1.191533
-50.0,50,1.230324
-50.0,50,1.265552
-50.0,50,1.303241
-50.0,50,1.341491
-50.0,50,1.376391
-46.0,50,1.411537
-50.0,50,1.446177
-50.0,50,1.483576
-50.0,50,1.51992
-50.0,50,1.557015
-50.0,50,1.59107
-50.0,50,1.629922
-50.0,50,1.665866
-50.0,50,1.701086
-50.0,50,1.736609
-50.0,50,1.772394
-50.0,50,1.807156
-50.0,50,1.843988
-50.0,50,1.877134
-50.0,50,1.914135
-50.0,50,1.950331
-50.0,50,1.995474
-50.0,50,2.03076
-50.0,50,2.069996
-50.0,50,2.104055
-50.0,50,2.139096
-50.0,50,2.174981
-50.0,50,2.212194
-50.0,50,2.246232
-50.0,50,2.284366
-50.0,50,2.31941
-50.0,50,2.356154
-50.0,50,2.390068
-50.0,50,2.425067
-50.0,50,2.458576
-50.0,50,2.499079
-50.0,50,2.531585
-50.0,50,2.565586
-50.0,50,2.599763
-50.0,50,2.63877
-50.0,50,2.672928
-50.0,50,2.706926
-50.0,50,2.745081
-50.0,50,2.782081
-50.0,50,2.816307
-50.0,50,2.851367
-50.0,50,2.886648
-49.0,50,2.922819
-50.0,50,2.958628
-50.0,50,2.992788
-50.0,50,3.029953
-50.0,50,3.071095
-50.0,50,3.104926
-50.0,50,3.137623
-50.0,50,3.174353
-50.0,50,3.212624
-50.0,50,3.247792
-50.0,50,3.28509
-50.0,50,3.321079
-50.0,50,3.359387
-50.0,50,3.394679
-50.0,50,3.429763
-50.0,50,3.466596
-50.0,50,3.505078
-50.0,50,3.539345
-50.0,50,3.574601
-50.0,50,3.609575
-43.0,50,3.646873
-44.0,50,3.680268
-49.0,50,3.718405
-50.0,50,3.752577
-48.0,50,3.794202
-45.0,50,3.832466
-50.0,50,3.865668
-50.0,50,3.899832
-50.0,50,3.939167
-50.0,50,3.974012
-50.0,50,4.008108
-50.0,50,4.04529
-50.0,50,4.088349
-50.0,50,4.122206
-50.0,50,4.165006
-50.0,50,4.20131
-50.0,50,4.237348
-50.0,50,4.279566
-50.0,50,4.314567
-50.0,50,4.350387
-50.0,50,4.388604
-50.0,50,4.422605
-48.0,50,4.457749
-50.0,50,4.493811
-50.0,50,5.192799
-47.0,50,5.717041
-50.0,50,6.272444
-50.0,50,6.805475
-50.0,50,7.323625
-50.0,50,7.847749
-50.0,50,8.364001
-50.0,50,8.883543
-50.0,50,9.398184
-50.0,50,9.911006
-50.0,50,10.443683
-50.0,50,10.968138
-50.0,50,11.595178
-50.0,50,12.155926
-50.0,50,12.699197
-50.0,50,13.237564
-50.0,50,13.776608
-50.0,50,14.307268
-50.0,50,14.813493
-50.0,50,15.333202
-50.0,50,15.985279
-50.0,50,16.568074
-50.0,50,17.144244
-50.0,50,17.731255
-50.0,50,18.318978
-50.0,50,18.884601
-50.0,50,19.410979
-50.0,50,19.908806
-50.0,50,20.443641
-50.0,50,20.986743
-50.0,50,21.507423
-50.0,50,22.026375
-50.0,50,22.571796
-50.0,50,23.145575
-50.0,50,23.684188
-50.0,50,24.221077
-50.0,50,24.772154
-50.0,50,25.332198
-50.0,50,25.902598
-50.0,50,26.444325
-50.0,50,27.003714
-50.0,50,27.544573
-50.0,50,28.065778
-50.0,50,28.589878
-39.0,50,29.100847
-45.0,50,29.609594
-50.0,50,30.162702
-50.0,50,30.667719
-48.0,50,31.168205
-50.0,50,31.677386
-50.0,50,32.17879
-45.0,50,32.683019
-50.0,50,33.185185
-50.0,50,33.689293
-50.0,50,34.185697
-50.0,50,34.685389
-50.0,50,35.21501
-50.0,50,35.723727
-50.0,50,36.26407
-45.0,50,36.785394
-47.0,50,37.288153
-50.0,50,37.784097
-49.0,50,38.280929
-50.0,50,38.778824
-50.0,50,39.281559
-50.0,50,39.772064
-50.0,50,40.344083
-50.0,50,40.882325
-40.0,50,41.387009
-48.0,50,41.880172
-50.0,50,42.379149
-50.0,50,42.878839
-50.0,50,43.418938
-50.0,50,43.942935
-50.0,50,44.444046
-50.0,50,44.970485
-50.0,50,45.48376
-50.0,50,45.98385
-50.0,50,46.501362
-50.0,50,47.062286
-50.0,50,47.634752
-50.0,50,48.18873
-50.0,50,48.794348
-50.0,50,49.374485
-50.0,50,49.975561
-50.0,50,50.558502
-50.0,50,51.101017
-50.0,50,51.683364
-50.0,50,52.258075
-50.0,50,52.81423
-50.0,50,53.327641
-50.0,50,53.839172
-39.0,50,54.354919
-50.0,50,54.895831
-50.0,50,55.422576
-50.0,50,55.926773
-50.0,50,56.441438
-50.0,50,56.948235
-50.0,50,57.456482
-50.0,50,57.95869
-50.0,50,60.231404
-48.0,50,60.779717
-50.0,50,61.281951
-50.0,50,61.825066
-50.0,50,62.33326
-50.0,50,62.829585
-50.0,50,63.334329
-50.0,50,63.910614
-50.0,50,64.442124
-50.0,50,64.969437
-50.0,50,65.474099
-50.0,50,65.973074
-48.0,50,66.519399
-50.0,50,67.052444
-50.0,50,67.645674
-50.0,50,68.223917
-49.0,50,68.872072
-50.0,50,69.468966
-50.0,50,70.052201
-50.0,50,70.626997
-49.0,50,71.232412
-46.0,50,71.798146
-50.0,50,72.382651
-50.0,50,72.945748
-50.0,50,73.541855
-50.0,50,74.126107
-50.0,50,74.71332
-47.0,50,75.224716
-50.0,50,75.75949
-50.0,50,76.268644
-50.0,50,76.766589
-46.0,50,77.334989
-50.0,50,77.944716
-50.0,50,78.563261
-45.0,50,79.136316
-50.0,50,79.71225
-48.0,50,80.279238
-50.0,50,80.84899
-50.0,50,81.433297
-50.0,50,82.014263
-50.0,50,82.65466
-50.0,50,83.270991
-50.0,50,83.896585
-50.0,50,84.504876
-50.0,50,85.106543
-50.0,50,85.70045
-50.0,50,86.288815
-49.0,50,86.803448
-50.0,50,87.311302
-50.0,50,87.816053
-42.0,50,88.326319
-50.0,50,88.82593
-50.0,50,89.364492
-50.0,50,89.8838
-50.0,50,90.383539
-50.0,50,91.081474
-40.0,50,91.717008
-50.0,50,92.341141
-50.0,50,92.878665
-50.0,50,93.393805
-50.0,50,93.947218
-50.0,50,94.524025
-50.0,50,95.063418
-48.0,50,95.569567
-50.0,50,96.099158
-49.0,50,96.615896
-50.0,50,97.156821
-50.0,50,97.751575
-50.0,50,98.338721
-50.0,50,98.904883
-50.0,50,99.466336
-50.0,50,100.048893
-47.0,50,100.647905
-50.0,50,101.253831
-50.0,50,101.841369
-50.0,50,102.447353
-50.0,50,103.029198
-50.0,50,103.598427
-50.0,50,104.221166
-50.0,50,104.83189
-39.0,50,105.425132
-50.0,50,106.026447
-50.0,50,106.662263
-50.0,50,107.290779
-50.0,50,107.894223
-50.0,50,108.50219
-50.0,50,109.092721
-50.0,50,109.664342
-50.0,50,110.233616
-50.0,50,110.798955
-50.0,50,111.354673
-49.0,50,111.909954
-50.0,50,112.456082
-50.0,50,113.000444
-50.0,50,113.564398
-50.0,50,114.117001
-50.0,50,114.694781
-48.0,50,115.264218
-50.0,50,115.827445
-50.0,50,116.422699
-50.0,50,116.996935
-50.0,50,117.554906
-50.0,50,118.120549
-50.0,50,118.68154
-50.0,50,119.252318
-50.0,50,119.806442
-50.0,50,120.411481
-50.0,50,121.008044
-49.0,50,121.592153
-50.0,50,122.18282
-50.0,50,122.778034
-50.0,50,123.373059
-50.0,50,124.00855
-50.0,50,124.565211
-50.0,50,125.148123
-48.0,50,125.763624
-50.0,50,126.37016
-48.0,50,126.969714
-46.0,50,127.559189
-50.0,50,128.16268
-50.0,50,128.789025
-50.0,50,129.382713
-50.0,50,130.005263
-50.0,50,130.601409
-50.0,50,131.217113
-50.0,50,131.80892
-50.0,50,132.389142
-50.0,50,132.987266
-50.0,50,133.566168
-50.0,50,134.139793
-48.0,50,134.708812
-50.0,50,135.289917
-49.0,50,135.869999
-50.0,50,136.443963
-49.0,50,137.047481
-50.0,50,137.686055
-50.0,50,138.308964
-50.0,50,138.892003
-50.0,50,139.50344
-50.0,50,140.114856
-50.0,50,140.730926
-50.0,50,141.314679
-50.0,50,141.904993
-50.0,50,142.554726
-50.0,50,143.190629
-50.0,50,143.821321
-50.0,50,144.407468
-50.0,50,145.011267
-50.0,50,145.582441
-50.0,50,146.154909
-50.0,50,146.803384
-50.0,50,147.448375
-50.0,50,148.128659
-50.0,50,148.77705
-50.0,50,149.421066
-50.0,50,150.051463
-50.0,50,150.70181
-50.0,50,151.338059
-50.0,50,151.954166
-50.0,50,152.565733
-50.0,50,153.169064
-50.0,50,153.759231
-50.0,50,154.343963
-50.0,50,154.911642
-50.0,50,155.490536
-50.0,50,156.073216
-49.0,50,156.621222
-50.0,50,157.18416
-50.0,50,157.757505
-50.0,50,158.340928
-50.0,50,158.92801
-50.0,50,159.499698
-50.0,50,160.083854
-50.0,50,160.671113
-50.0,50,161.26603
-50.0,50,161.843387
-50.0,50,162.453942
-50.0,50,163.063974
-50.0,50,163.705938
-50.0,50,164.31228
-50.0,50,164.921311
-50.0,50,165.492134
-50.0,50,166.106605
-50.0,50,166.686368
-50.0,50,167.249997
-50.0,50,167.830413
-50.0,50,168.401888
-50.0,50,169.00202
-50.0,50,169.589164
-50.0,50,170.165802
-50.0,50,170.738627
-50.0,50,171.310736
-50.0,50,171.895361
-50.0,50,172.449099
-50.0,50,173.011802
-50.0,50,173.561636
-50.0,50,174.126054
-50.0,50,174.698332
-50.0,50,175.259221
-50.0,50,175.832196
-50.0,50,178.509274
-50.0,50,179.055403
-50.0,50,179.611404
-50.0,50,180.167184
-50.0,50,180.761343
-50.0,50,181.344253
-50.0,50,181.914477
-50.0,50,182.494663
-50.0,50,183.060485
-50.0,50,183.613664
-50.0,50,184.159312
-50.0,50,184.726684
-50.0,50,185.299788
-50.0,50,185.868778
-50.0,50,186.464334
-50.0,50,187.077272
-50.0,50,187.65369
-50.0,50,188.233987
-50.0,50,188.801318
-50.0,50,189.369879
-50.0,50,189.938177
-50.0,50,190.496446
-50.0,50,191.067449
-50.0,50,191.634455
-50.0,50,192.222041
-50.0,50,192.797705
-50.0,50,193.340625
-50.0,50,193.838509
-50.0,50,194.299044
-50.0,50,194.784328
-50.0,50,195.302403
-50.0,50,195.878813
-50.0,50,196.456507
-50.0,50,197.035644
-50.0,50,197.607188
-50.0,50,198.177492
-50.0,50,198.761526
-50.0,50,199.316829
-50.0,50,199.892461
-50.0,50,200.466916
-48.0,50,201.052641
-50.0,50,201.619171
-50.0,50,202.202239
-50.0,50,202.822785
-50.0,50,203.41909
-50.0,50,204.005926
-50.0,50,204.589908
-50.0,50,205.170019
-50.0,50,205.750933
-50.0,50,206.338553
-50.0,50,206.94486
-50.0,50,207.545065
-50.0,50,208.146055
-50.0,50,208.732336
-50.0,50,209.325309
-50.0,50,209.908125
-50.0,50,210.489325
-50.0,50,211.082582
-50.0,50,211.667138
-50.0,50,212.288009
-50.0,50,212.90215
-50.0,50,213.499277
-49.0,50,214.091171
-50.0,50,214.689217
-50.0,50,215.29838
-50.0,50,215.872331
-50.0,50,216.456694
-48.0,50,217.053278
-50.0,50,217.645248
-50.0,50,218.224392
-50.0,50,218.803705
-50.0,50,219.38164
-50.0,50,219.957966
-50.0,50,220.528779
-50.0,50,221.085528
-50.0,50,221.667693
-50.0,50,222.261057
-50.0,50,222.863658
-50.0,50,223.463488
-50.0,50,224.106878
-50.0,50,224.724122
-50.0,50,225.336789
-50.0,50,225.955135
-50.0,50,226.574623
-50.0,50,227.17136
-50.0,50,227.773546
-50.0,50,228.377773
-50.0,50,228.975851
-50.0,50,229.563355
-50.0,50,230.14013
-50.0,50,230.709446
-50.0,50,231.27282
-50.0,50,231.851177
-50.0,50,232.423261
-50.0,50,232.984684
-50.0,50,233.558184
-50.0,50,234.122932
-50.0,50,234.694368
-50.0,50,235.260717
-50.0,50,235.840062
-50.0,50,236.418309
-50.0,50,236.995104
-50.0,50,237.562126
-50.0,50,238.148178
-50.0,50,238.71868
-50.0,50,239.30695
-50.0,50,239.885955
-50.0,50,240.448244
-50.0,50,241.03047
-50.0,50,241.609487
-50.0,50,242.180876
-50.0,50,242.767133
-50.0,50,243.347264
-50.0,50,243.92156
-50.0,50,244.493732
-50.0,50,245.073524
-50.0,50,245.660179
-50.0,50,246.249124
-50.0,50,246.838051
-50.0,50,247.418909
-50.0,50,248.044341
-50.0,50,248.651279
-50.0,50,249.26119
-50.0,50,249.855831
-50.0,50,250.449124
-50.0,50,251.094091
-50.0,50,251.682683
-50.0,50,252.296089
-50.0,50,252.94353
-49.0,50,253.547771
-50.0,50,254.169723
-50.0,50,254.786393
-50.0,50,255.414402
-50.0,50,256.037667
-50.0,50,256.689065
-50.0,50,257.316504
-50.0,50,258.002629
-50.0,50,258.680365
-50.0,50,259.283103
-50.0,50,259.930431
-48.0,50,260.557066
-50.0,50,261.217995
-50.0,50,261.864398
-50.0,50,262.500023
-50.0,50,263.122727
-50.0,50,263.769353
-47.0,50,264.418208
-49.0,50,265.089413
-50.0,50,265.732142
-50.0,50,266.32304
-50.0,50,266.979875
-48.0,50,267.555208
-50.0,50,268.204385
-50.0,50,268.834483
-50.0,50,269.454701
-50.0,50,270.080348
-50.0,50,270.678981
-50.0,50,271.265175
-50.0,50,271.848594
-50.0,50,272.42531
-48.0,50,273.015179
-50.0,50,273.603661
-50.0,50,274.186467
-50.0,50,274.754771
-50.0,50,275.34016
-50.0,50,275.926553
-50.0,50,276.547825
-48.0,50,277.141674
-50.0,50,277.669078
-50.0,50,278.186242
-50.0,50,278.699733
-50.0,50,279.239027
-50.0,50,279.754405
-50.0,50,280.26636
-50.0,50,280.79221
-50.0,50,281.317044
-45.0,50,281.844237
-50.0,50,282.372121
-50.0,50,282.901783
-50.0,50,283.4136
-50.0,50,283.927062
-50.0,50,284.457231
-50.0,50,284.967196
-50.0,50,285.486335
-50.0,50,285.998073
-48.0,50,286.518026
-50.0,50,287.057992
-50.0,50,287.571013
-50.0,50,288.074191
-50.0,50,288.576468
-50.0,50,289.093375
-50.0,50,289.61634
-50.0,50,290.141627
-50.0,50,290.64522
-50.0,50,291.157238
-50.0,50,291.661323
-50.0,50,292.198725
-50.0,50,292.711631
-45.0,50,293.227487
-48.0,50,293.757746
-50.0,50,296.198632
-50.0,50,296.703013
-50.0,50,297.198965
-50.0,50,297.698277
-50.0,50,298.199738
-50.0,50,298.702084
-50.0,50,299.260776
-50.0,50,299.833979
-44.0,50,300.430983
-50.0,50,300.982876
-50.0,50,301.579675
-50.0,50,302.152883
-50.0,50,302.719513
-50.0,50,303.287239
-50.0,50,303.797203
-50.0,50,304.351725
-50.0,50,304.903093
-50.0,50,305.509938
-23.0,50,306.094762
-50.0,50,306.658585
-50.0,50,307.203248
-45.0,50,307.783429
-50.0,50,308.321632
-50.0,50,308.847174
-50.0,50,309.349862
-50.0,50,309.828793
-50.0,50,310.322851
-19.0,50,310.8582
-43.0,50,311.409078
-50.0,50,311.977596
-50.0,50,312.521987
-50.0,50,313.168757
-50.0,50,313.753083
-50.0,50,314.323102
-50.0,50,314.933448
-50.0,50,315.499881
-50.0,50,316.067427
-50.0,50,316.643216
-50.0,50,317.207788
-50.0,50,317.778162
-50.0,50,318.368093
-50.0,50,318.982528
-50.0,50,319.601835
-50.0,50,320.12232
-50.0,50,320.637944
-48.0,50,321.15685
-32.0,50,321.669717
-50.0,50,322.179224
-48.0,50,322.684514
-44.0,50,323.198955
-50.0,50,323.706884
-50.0,50,324.22348
-50.0,50,324.761967
-50.0,50,325.272801
-50.0,50,325.771859
-50.0,50,326.280151
-50.0,50,326.787195
-50.0,50,327.304921
-1.0,50,327.813328
-45.0,50,328.321102
-47.0,50,328.83382
-49.0,50,329.334553
-50.0,50,329.849611
-50.0,50,330.338691
-26.0,50,330.826482
-50.0,50,331.309593
-50.0,50,331.789592
-50.0,50,332.284206
-50.0,50,332.795739
-44.0,50,333.293785
-34.0,50,333.770847
-50.0,50,334.2544
-50.0,50,334.742554
-50.0,50,335.227463
-50.0,50,335.697921
-50.0,50,336.177637
-50.0,50,336.667844
-16.0,50,337.144652
-50.0,50,337.640728
-44.0,50,338.135228
-26.0,50,338.637909
-50.0,50,339.1394
-44.0,50,339.633564
-50.0,50,340.14097
-50.0,50,340.636153
-50.0,50,341.140137
-30.0,50,341.644209
-50.0,50,342.150732
-50.0,50,342.652899
-50.0,50,343.148128
-50.0,50,343.636183
-50.0,50,344.130656
-8.0,50,344.636396
-50.0,50,345.126506
-50.0,50,345.625842
-44.0,50,346.120054
-50.0,50,346.620639
-50.0,50,347.118697
-50.0,50,347.622972
-50.0,50,348.184296
-50.0,50,348.807339
-50.0,50,349.389526
-43.0,50,349.982804
-50.0,50,350.619684
-50.0,50,351.213483
-50.0,50,351.712909
-12.0,50,352.219788
-50.0,50,352.729212
-31.0,50,353.271952
-50.0,50,353.784574
-49.0,50,354.275401
-20.0,50,354.767596
-42.0,50,355.26792
-50.0,50,355.762537
-42.0,50,356.287657
-50.0,50,356.785983
-50.0,50,357.327763
-26.0,50,357.826305
-50.0,50,358.339209
-50.0,50,358.840167
-50.0,50,359.360436
-50.0,50,359.866932
-50.0,50,360.356238
-2.0,50,360.850525
-20.0,50,361.392967
-50.0,50,361.914899
-50.0,50,362.410024
-50.0,50,362.903192
-50.0,50,363.403747
-50.0,50,363.895094
-39.0,50,364.429995
-50.0,50,364.956546
-50.0,50,365.492866
-50.0,50,366.023733
-50.0,50,366.62897
-3.0,50,367.244181
-50.0,50,367.907808
-32.0,50,368.501685
-50.0,50,369.101177
-9.0,50,369.695983
-50.0,50,370.270808
-50.0,50,370.8326
-13.0,50,371.384969
-33.0,50,371.948654
-2.0,50,372.550477
-50.0,50,373.120373
-40.0,50,373.703642
-39.0,50,374.270178
-44.0,50,374.853123
-50.0,50,375.415718
-50.0,50,375.9725
-50.0,50,376.522341
-50.0,50,377.110074
-50.0,50,377.675735
-50.0,50,378.244639
-7.0,50,378.840425
-41.0,50,379.439377
-50.0,50,380.011726
-50.0,50,380.627559
-50.0,50,381.235966
-50.0,50,381.825676
-50.0,50,382.410668
-18.0,50,382.97942
-50.0,50,383.550687
-50.0,50,384.15724
-7.0,50,384.723752
-50.0,50,385.327765
-50.0,50,385.902659
-26.0,50,386.476661
-50.0,50,387.046051
-50.0,50,387.601161
-37.0,50,388.235907
-50.0,50,388.828581
-50.0,50,389.395562
-50.0,50,389.968085
-50.0,50,390.545072
-42.0,50,391.115926
-50.0,50,391.704195
-48.0,50,392.30188
-50.0,50,392.876369
-43.0,50,393.447736
-47.0,50,394.010107
-35.0,50,394.571604
-50.0,50,395.157838
-50.0,50,395.758215
-31.0,50,396.320323
-50.0,50,396.917119
-15.0,50,397.516537
-50.0,50,398.147712
-50.0,50,398.745997
-45.0,50,399.354828
-50.0,50,399.936051
-50.0,50,400.569538
-30.0,50,401.150519
-50.0,50,401.721979
-50.0,50,402.342152
-47.0,50,402.954467
-50.0,50,403.58065
-50.0,50,404.183415
-50.0,50,404.749413
-50.0,50,407.43767
-50.0,50,408.006705
-35.0,50,408.600728
-33.0,50,409.185672
-32.0,50,409.79467
-48.0,50,410.404992
-24.0,50,411.044985
-34.0,50,411.624937
-50.0,50,412.188618
-46.0,50,412.749116
-42.0,50,413.290384
-16.0,50,413.862263
-44.0,50,414.41826
-19.0,50,414.975372
-45.0,50,415.542648
-50.0,50,416.112057
-31.0,50,416.695969
-50.0,50,417.253871
-29.0,50,417.823741
-29.0,50,418.387889
-50.0,50,418.943479
-50.0,50,419.494215
-50.0,50,420.095569
-50.0,50,420.678151
-50.0,50,421.198943
-30.0,50,421.701082
-42.0,50,422.147854
-50.0,50,422.575765
-50.0,50,423.017923
-48.0,50,423.511061
-47.0,50,424.013223
-50.0,50,424.500363
-17.0,50,425.027318
-22.0,50,425.528303
-37.0,50,426.060514
-50.0,50,426.5618
-13.0,50,427.081562
-19.0,50,427.581679
-15.0,50,428.069132
-23.0,50,428.563763
-17.0,50,429.058492
-45.0,50,429.598785
-50.0,50,430.15446
-18.0,50,430.822601
-50.0,50,431.445647
-35.0,50,432.020858
-3.0,50,432.545101
-44.0,50,433.072419
-50.0,50,433.622219
-50.0,50,434.125417
-20.0,50,434.63516
-49.0,50,435.140768
-5.0,50,435.644614
-16.0,50,436.132075
-50.0,50,436.629911
-50.0,50,437.132453
-10.0,50,437.63865
-45.0,50,438.175305
-49.0,50,438.761818
-50.0,50,439.320267
-50.0,50,439.876302
-50.0,50,440.418631
-7.0,50,440.914809
-30.0,50,441.413259
-50.0,50,441.943116
-50.0,50,442.449254
-36.0,50,442.944407
-50.0,50,443.489033
-22.0,50,444.075544
-9.0,50,444.661731
-22.0,50,445.239122
-40.0,50,445.79917
-50.0,50,446.374125
-28.0,50,446.914274
-18.0,50,447.494255
-44.0,50,448.07481
-50.0,50,448.638601
-50.0,50,449.177107
-14.0,50,449.68179
-24.0,50,450.188488
-50.0,50,450.704673
-50.0,50,451.207882
-11.0,50,451.71739
-40.0,50,452.226418
-50.0,50,452.753979
-41.0,50,453.261662
-50.0,50,453.765419
-50.0,50,454.272913
-20.0,50,454.779945
-50.0,50,455.275335
-50.0,50,455.769386
-23.0,50,456.263023
-3.0,50,456.762147
-50.0,50,457.255897
-12.0,50,457.767445
-9.0,50,458.269621
-35.0,50,458.76686
-47.0,50,459.26234
-23.0,50,459.759721
-20.0,50,460.257603
-38.0,50,460.761983
-27.0,50,461.254527
-50.0,50,461.755103
-38.0,50,462.258459
-37.0,50,462.770293
-43.0,50,463.260046
-37.0,50,463.757716
-15.0,50,464.229558
-17.0,50,464.71018
-50.0,50,465.189255
-2.0,50,465.673039
-21.0,50,466.15932
-50.0,50,466.652879
-2.0,50,467.143121
-37.0,50,467.636579
-38.0,50,468.14214
0.0,50,468.631941
-31.0,50,469.121982
-27.0,50,469.610009
-22.0,50,470.097893
-34.0,50,470.590913
-50.0,50,471.096545
-6.0,50,471.595646
-50.0,50,472.094136
-22.0,50,472.592035
-38.0,50,473.106038
-23.0,50,473.613875
-2.0,50,474.110201
-13.0,50,474.611186
-15.0,50,475.109299
-30.0,50,475.613652
-3.0,50,476.105134
-10.0,50,476.613025
-1.0,50,477.10551
-49.0,50,477.604938
-39.0,50,478.122133
-28.0,50,478.616008
-22.0,50,479.107914
-2.0,50,479.598351
-50.0,50,480.09319
-2.0,50,480.589291
-13.0,50,481.083199
-29.0,50,481.57717
-10.0,50,482.067835
-6.0,50,482.575832
-8.0,50,483.0804
-12.0,50,483.575011
0.0,50,484.071796
-14.0,50,484.577363
-13.0,50,485.069977
-5.0,50,485.560374
-50.0,50,486.061978
-25.0,50,486.572671
-2.0,50,487.073979
-13.0,50,487.567064
-28.0,50,488.085559
0.0,50,488.588481
0.0,50,489.078623
-3.0,50,489.579932
-26.0,50,490.07865
-50.0,50,490.579404
-19.0,50,491.095482
-29.0,50,491.591625
-7.0,50,492.079019
-13.0,50,492.590203
-50.0,50,493.104941
-23.0,50,493.609248
-7.0,50,494.103394
-9.0,50,494.597119
-10.0,50,495.092495
-3.0,50,495.59008
-8.0,50,496.07895
-13.0,50,496.580821
-18.0,50,497.070303
-12.0,50,497.560648
-26.0,50,498.053634
-49.0,50,498.56026
-40.0,50,499.057296
-3.0,50,499.555376
-43.0,50,500.041568
-3.0,50,500.532996
-4.0,50,501.027417
-4.0,50,501.524234
-16.0,50,502.021398
-21.0,50,502.518993
-49.0,50,503.014762
-1.0,50,503.520123
-23.0,50,504.020637
-38.0,50,504.51882
-50.0,50,505.012164
-38.0,50,505.50976
-2.0,50,506.00066
-12.0,50,506.498007
-11.0,50,506.993356
-9.0,50,507.491948
-41.0,50,507.99426
-9.0,50,508.503562
-3.0,50,509.00386
-50.0,50,509.51934
-4.0,50,510.121299
-9.0,50,512.495449
-46.0,50,513.052595
-16.0,50,513.618242
-2.0,50,514.172176
-2.0,50,514.740325
-1.0,50,515.261659
-3.0,50,515.766743
0.0,50,516.269005
-6.0,50,516.775789
-22.0,50,517.279047
-37.0,50,517.791789
-41.0,50,518.30075
-4.0,50,518.825124
-6.0,50,519.330844
-7.0,50,519.835283
-6.0,50,520.32702
-2.0,50,520.827224
-2.0,50,521.330475
-3.0,50,521.827361
-1.0,50,522.330484
-7.0,50,522.843914
-4.0,50,523.344865
-2.0,50,523.857191
-21.0,50,524.358881
-5.0,50,524.814027
-3.0,50,525.231709
-34.0,50,525.649587
-6.0,50,526.072248
-1.0,50,526.534353
-1.0,50,527.035594
-5.0,50,527.537177
0.0,50,528.049038
-1.0,50,528.572212
-26.0,50,529.091505
-3.0,50,529.610966
-7.0,50,530.102025
-3.0,50,530.619372
-5.0,50,531.142782
-3.0,50,531.645726
-2.0,50,532.174886
-2.0,50,532.722789
-3.0,50,533.308457
-3.0,50,533.904695
-3.0,50,534.487047
-2.0,50,535.100654
-19.0,50,535.70823
-1.0,50,536.280769
-11.0,50,536.859493
0.0,50,537.444943
-4.0,50,538.020557
-3.0,50,538.582123
-4.0,50,539.160555
-4.0,50,539.746288
-42.0,50,540.320206
-29.0,50,540.89111
-6.0,50,541.539423
0.0,50,542.254097
-10.0,50,542.905905
-3.0,50,543.44692
-35.0,50,543.984274
-4.0,50,544.548082
0.0,50,545.109968
-5.0,50,545.659267
-7.0,50,546.227021
-4.0,50,546.792118
-6.0,50,547.346761
-8.0,50,547.915876
-1.0,50,548.488085
-3.0,50,549.098148
-3.0,50,549.666992
-4.0,50,550.208537
0.0,50,550.70109
-15.0,50,551.223045
-19.0,50,551.739106
-3.0,50,552.252618
0.0,50,552.766969
-1.0,50,553.284864
-11.0,50,553.785093
-1.0,50,554.283709
-13.0,50,554.812122
-7.0,50,555.317108
-10.0,50,555.830568
-9.0,50,556.347264
0.0,50,556.856814
-30.0,50,557.375072
-2.0,50,557.884465
-3.0,50,558.401233
-4.0,50,558.8984
-6.0,50,559.398481
-15.0,50,559.90812
-3.0,50,560.416768
-50.0,50,560.912613
-19.0,50,561.415169
0.0,50,561.911589
-5.0,50,562.41279
-3.0,50,562.917669
-6.0,50,563.434166
-4.0,50,563.967492
-42.0,50,564.473901
-2.0,50,564.980791
-25.0,50,565.498217
-30.0,50,566.000081
-5.0,50,566.500838
-4.0,50,567.017648
-2.0,50,567.52883
0.0,50,568.033931
-5.0,50,568.59215
-4.0,50,569.095343
-6.0,50,569.603207
-4.0,50,570.100032
-18.0,50,570.601956
0.0,50,571.104477
-2.0,50,571.610281
-1.0,50,572.113162
-4.0,50,572.64579
-11.0,50,573.170052
-6.0,50,573.708537
-4.0,50,574.211029
-4.0,50,574.718287
-5.0,50,575.215166
-21.0,50,575.785562
-13.0,50,576.364426
-1.0,50,576.935901
-3.0,50,577.526474
-17.0,50,578.122686
-50.0,50,578.794496
0.0,50,579.396715
-29.0,50,579.987977
-27.0,50,580.581171
-4.0,50,581.169112
-25.0,50,581.764829
-3.0,50,582.362427
-23.0,50,582.882284
-3.0,50,583.39188
-23.0,50,583.904312
-4.0,50,584.419966
-2.0,50,584.940171
-46.0,50,585.4805
-28.0,50,586.028562
-3.0,50,586.525258
-18.0,50,587.045043
-5.0,50,587.559758
-14.0,50,588.054841
-1.0,50,588.542874
-6.0,50,589.050049
-5.0,50,589.5429
-8.0,50,590.040418
-37.0,50,590.545711
-2.0,50,591.067233
-1.0,50,591.576893
-2.0,50,592.082831
-3.0,50,592.576259
-7.0,50,593.086198
-1.0,50,593.592903
-48.0,50,594.096534
-13.0,50,594.611938
-41.0,50,595.150939
-1.0,50,595.649872
-2.0,50,596.140336
-49.0,50,596.639527
-4.0,50,597.136184
-2.0,50,597.625416
-6.0,50,598.122749
-20.0,50,598.615553
-2.0,50,599.116439
-3.0,50,599.593763
-22.0,50,600.068315
-48.0,50,600.548549
-18.0,50,601.033391
-1.0,50,601.501122
-47.0,50,601.982421
-50.0,50,602.463663
-10.0,50,602.944128
-7.0,50,603.424721
0.0,50,603.908919
-1.0,50,604.423032
0.0,50,604.921297
-2.0,50,605.416487
-2.0,50,605.911175
-50.0,50,606.409835
-15.0,50,606.916933
-1.0,50,607.406753
-3.0,50,607.915316
-5.0,50,608.413422
-27.0,50,608.915699
-1.0,50,609.433629
-1.0,50,609.929656
-1.0,50,610.420139
-12.0,50,610.925714
-43.0,50,611.426011
-49.0,50,611.933474
-2.0,50,612.428066
-34.0,50,612.929203
0.0,50,613.424713
-3.0,50,613.926398
-6.0,50,614.446338
-11.0,50,614.957425
-36.0,50,615.456151
-16.0,50,615.947118
-9.0,50,616.443176
-3.0,50,618.690029
-32.0,50,619.202581
-2.0,50,619.724131
-2.0,50,620.227472
-1.0,50,620.728537
-1.0,50,621.235875
-3.0,50,621.743019
-46.0,50,622.248311
-47.0,50,622.75423
-46.0,50,623.250876
-4.0,50,623.745316
0.0,50,624.241703
-17.0,50,624.761258
-33.0,50,625.259142
-4.0,50,625.749813
-2.0,50,626.251454
-3.0,50,626.7507
-1.0,50,627.248468
-1.0,50,627.738593
0.0,50,628.229259
-2.0,50,628.73247
0.0,50,629.23485
-1.0,50,629.74733
-49.0,50,630.247638
-3.0,50,630.73492
-1.0,50,631.166277
-1.0,50,631.609428
-9.0,50,632.038564
0.0,50,632.468212
-2.0,50,632.986256
-1.0,50,633.536222
0.0,50,634.073119
-4.0,50,634.579128
0.0,50,635.108335
-2.0,50,635.606818
-2.0,50,636.106778
-44.0,50,636.610353
-1.0,50,637.104042
-2.0,50,637.621084
-3.0,50,638.179118
0.0,50,638.715104
-5.0,50,639.221797
-47.0,50,639.733676
-11.0,50,640.236883
-2.0,50,640.751213
-39.0,50,641.263708
-3.0,50,641.77465
-3.0,50,642.299019
-4.0,50,642.867927
-23.0,50,643.409204
-1.0,50,643.947401
-33.0,50,644.51414
-6.0,50,645.06905
0.0,50,645.637362
-31.0,50,646.226541
0.0,50,646.777701
-44.0,50,647.340717
-1.0,50,647.894225
-50.0,50,648.438093
0.0,50,648.950248
-3.0,50,649.477561
-2.0,50,649.999782
-1.0,50,650.513425
-3.0,50,651.023547
-1.0,50,651.547927
-9.0,50,652.059484
-11.0,50,652.572644
-3.0,50,653.082649
-25.0,50,653.594704
-2.0,50,654.092787
-2.0,50,654.599215
-38.0,50,655.103693
-2.0,50,655.611533
-46.0,50,656.103376
-47.0,50,656.605347
0.0,50,657.10102
-2.0,50,657.602514
-5.0,50,658.10011
-48.0,50,658.589526
-14.0,50,659.094674
-1.0,50,659.599933
-14.0,50,660.106983
-3.0,50,660.604095
-24.0,50,661.094315
-41.0,50,661.60482
-3.0,50,662.107035
-46.0,50,662.602908
-4.0,50,663.099293
-3.0,50,663.608303
0.0,50,664.080874
-2.0,50,664.559845
-50.0,50,665.036135
-2.0,50,665.54048
-1.0,50,666.026405
-2.0,50,666.518074
-5.0,50,667.015587
-50.0,50,667.512073
-24.0,50,667.993377
-5.0,50,668.481818
-2.0,50,668.95354
-12.0,50,669.44792
-11.0,50,669.929516
-10.0,50,670.433156
-47.0,50,670.93776
-41.0,50,671.441733
-33.0,50,671.961906
-37.0,50,672.463113
-15.0,50,672.968622
-2.0,50,673.471762
-46.0,50,673.968924
-38.0,50,674.464266
-2.0,50,674.969567
0.0,50,675.483215
-1.0,50,675.985134
0.0,50,676.481398
-1.0,50,676.978576
-2.0,50,677.481753
-3.0,50,677.988037
-16.0,50,678.493473
-3.0,50,678.996669
-1.0,50,679.513279
-2.0,50,680.002984
-48.0,50,680.520793
-8.0,50,681.022364
-3.0,50,681.52281
0.0,50,682.028152
-31.0,50,682.526367
-4.0,50,683.030065
-36.0,50,683.539087
-50.0,50,684.041547
-50.0,50,684.548326
-3.0,50,685.045443
-50.0,50,685.559612
-1.0,50,686.055696
-2.0,50,686.562331
-3.0,50,687.073287
-48.0,50,687.585535
-48.0,50,688.09178
-2.0,50,688.609135
-3.0,50,689.130109
0.0,50,689.633299
-1.0,50,690.146109
-3.0,50,690.667093
-49.0,50,691.202243
-18.0,50,691.715367
-48.0,50,692.231575
-41.0,50,692.733484
-3.0,50,693.23668
-2.0,50,693.741533
-2.0,50,694.24367
-2.0,50,694.749971
-1.0,50,695.250756
-43.0,50,695.767834
0.0,50,696.267898
-8.0,50,696.784344
-34.0,50,697.290782
-50.0,50,697.793915
-38.0,50,698.289162
-32.0,50,698.793314
-43.0,50,699.294077
-20.0,50,699.794611
-1.0,50,700.290212
-46.0,50,700.797932
-3.0,50,701.302694
-2.0,50,701.811829
-1.0,50,702.314978
-1.0,50,702.81796
-4.0,50,703.316776
-36.0,50,703.817773
0.0,50,704.316018
-11.0,50,704.810363
-10.0,50,705.308701
-2.0,50,705.811441
-2.0,50,706.312912
-1.0,50,706.812637
-2.0,50,707.308531
-3.0,50,707.809589
-21.0,50,708.316919
-3.0,50,708.943268
-3.0,50,709.513422
-15.0,50,710.079057
-2.0,50,710.635121
-6.0,50,711.240751
-5.0,50,711.814736
-2.0,50,712.437035
-3.0,50,712.993863
-50.0,50,713.57273
-27.0,50,714.139339
-2.0,50,714.680938
-42.0,50,715.200163
-3.0,50,715.709435
-48.0,50,716.227727
-1.0,50,716.740196
-35.0,50,717.252976
-42.0,50,717.774312
-1.0,50,718.282241
-10.0,50,718.791531
-17.0,50,719.298176
-38.0,50,719.801853
-2.0,50,720.314055
-1.0,50,722.586643
-3.0,50,723.086141
-15.0,50,723.590025
-3.0,50,724.085996
-49.0,50,724.592048
-12.0,50,725.087587
-50.0,50,725.58187
-3.0,50,726.078642
-2.0,50,726.590603
-2.0,50,727.101826
-2.0,50,727.607327
-39.0,50,728.112864
-3.0,50,728.619513
-46.0,50,729.108175
-3.0,50,729.616175
-50.0,50,730.113639
-2.0,50,730.610933
-1.0,50,731.084275
-49.0,50,731.585405
-4.0,50,732.074853
-41.0,50,732.567413
-29.0,50,733.053819
-50.0,50,733.531414
-4.0,50,734.019057
-12.0,50,734.450298
-3.0,50,734.869761
-3.0,50,735.29409
-3.0,50,735.716421
-28.0,50,736.199052
-2.0,50,736.712498
-3.0,50,737.212049
-1.0,50,737.716885
-49.0,50,738.219725
-3.0,50,738.721669
-7.0,50,739.226492
-10.0,50,739.730557
-3.0,50,740.232435
-3.0,50,740.726477
-48.0,50,741.22802
-22.0,50,741.74704
-2.0,50,742.268137
-1.0,50,742.776883
-3.0,50,743.278917
-6.0,50,743.786355
-46.0,50,744.302022
-48.0,50,744.806619
-50.0,50,745.316679
-46.0,50,745.830206
-3.0,50,746.35612
0.0,50,746.88784
0.0,50,747.403656
-5.0,50,747.907023
-2.0,50,748.416701
-11.0,50,748.923605
-3.0,50,749.422181
-50.0,50,749.925799
-7.0,50,750.438873
-2.0,50,750.939687
-6.0,50,751.446224
-1.0,50,751.957422
-3.0,50,752.475116
-17.0,50,752.979357
-4.0,50,753.481123
-4.0,50,753.990619
-38.0,50,754.487329
-47.0,50,754.983081
-46.0,50,755.486824
-3.0,50,755.989747
-1.0,50,756.506556
-3.0,50,757.020738
-1.0,50,757.522641
-2.0,50,758.021489
-48.0,50,758.531723
-5.0,50,759.024689
-6.0,50,759.527842
-10.0,50,760.027006
-50.0,50,760.521859
-46.0,50,761.028501
-3.0,50,761.530536
-50.0,50,762.047236
-4.0,50,762.554919
-2.0,50,763.055729
-1.0,50,763.55493
-50.0,50,764.053396
-29.0,50,764.552773
-2.0,50,765.050307
-50.0,50,765.548862
-2.0,50,766.04318
-2.0,50,766.552961
-6.0,50,767.060939
-4.0,50,767.559345
-41.0,50,768.065209
-10.0,50,768.567549
-1.0,50,769.070049
-12.0,50,769.568836
-1.0,50,770.062289
-2.0,50,770.566087
-2.0,50,771.062706
-48.0,50,771.55836
-1.0,50,772.058017
-3.0,50,772.562
-2.0,50,773.066828
-10.0,50,773.562375
-7.0,50,774.058172
-3.0,50,774.599902
-30.0,50,775.16431
0.0,50,775.692748
-50.0,50,776.240339
-3.0,50,776.782947
-3.0,50,777.362551
-49.0,50,777.896492
-6.0,50,778.474353
-3.0,50,779.070338
-17.0,50,779.632064
-4.0,50,780.202768
-3.0,50,780.737774
-1.0,50,781.245048
-12.0,50,781.768065
-1.0,50,782.295648
-49.0,50,782.813451
-46.0,50,783.332796
-6.0,50,783.849305
-50.0,50,784.363618
-3.0,50,784.875173
-50.0,50,785.390458
-48.0,50,785.903137
-2.0,50,786.402764
-3.0,50,786.908416
-45.0,50,787.427348
-50.0,50,787.932959
-3.0,50,788.433757
-50.0,50,788.944429
-21.0,50,789.453507
-21.0,50,789.957085
-13.0,50,790.463487
-14.0,50,790.960567
-41.0,50,791.472095
-2.0,50,791.967473
-4.0,50,792.490494
-1.0,50,792.991202
-21.0,50,793.495649
-50.0,50,793.985794
-15.0,50,794.483284
-1.0,50,794.982358
-46.0,50,795.487341
-2.0,50,795.989593
0.0,50,796.49456
-6.0,50,796.995135
-2.0,50,797.496426
-20.0,50,798.002075
-43.0,50,798.501506
-46.0,50,798.985151
-4.0,50,799.485361
-5.0,50,799.960276
-5.0,50,800.484046
-2.0,50,800.978225
-2.0,50,801.497837
-47.0,50,801.991291
-50.0,50,802.479577
-40.0,50,802.987677
-3.0,50,803.480028
-36.0,50,803.998173
-3.0,50,804.496375
-5.0,50,805.004076
-3.0,50,805.511318
-7.0,50,806.020493
-50.0,50,806.523027
-3.0,50,807.0217
-50.0,50,807.532777
-3.0,50,808.054003
-3.0,50,808.554248
0.0,50,809.052531
-3.0,50,809.561749
-20.0,50,810.068246
-50.0,50,810.568201
-50.0,50,811.070955
-3.0,50,811.576046
0.0,50,812.079651
-50.0,50,812.582568
-8.0,50,813.10954
-46.0,50,813.621105
-4.0,50,814.129907
-5.0,50,814.625799
-50.0,50,815.122507
-4.0,50,815.627794
-48.0,50,816.134002
-49.0,50,816.646401
-4.0,50,817.141368
-11.0,50,817.644182
-19.0,50,818.150035
-8.0,50,818.655833
-9.0,50,819.161796
-14.0,50,819.663611
0.0,50,820.161583
-4.0,50,820.662352
-5.0,50,821.15962
-4.0,50,821.661609
-35.0,50,822.156186
-2.0,50,822.667294
-23.0,50,823.186383
-50.0,50,825.438365
-1.0,50,825.933749
-11.0,50,826.44046
-50.0,50,826.938373
0.0,50,827.447058
-50.0,50,827.948452
-3.0,50,828.461924
-50.0,50,828.967201
-2.0,50,829.464147
-49.0,50,829.969841
-47.0,50,830.461349
-40.0,50,830.956933
-8.0,50,831.456756
-2.0,50,831.95721
-2.0,50,832.459703
-6.0,50,832.960799
-24.0,50,833.472926
-50.0,50,833.976841
-50.0,50,834.472685
-3.0,50,834.96976
-1.0,50,835.465583
-48.0,50,835.960637
-50.0,50,836.463788
-47.0,50,836.962156
-39.0,50,837.430545
-6.0,50,837.85427
-46.0,50,838.28661
-1.0,50,838.724086
-49.0,50,839.183816
-2.0,50,839.686384
-47.0,50,840.196366
0.0,50,840.700325
-43.0,50,841.286805
-50.0,50,841.873023
-50.0,50,842.456602
-36.0,50,843.016195
-5.0,50,843.592206
-17.0,50,844.166347
-38.0,50,844.751263
-5.0,50,845.334357
-4.0,50,845.866472
-2.0,50,846.435857
-30.0,50,846.970049
-3.0,50,847.476293
-6.0,50,848.01125
-2.0,50,848.534634
-3.0,50,849.043929
-4.0,50,849.555372
-5.0,50,850.068437
-48.0,50,850.592115
-2.0,50,851.103951
-50.0,50,851.608515
-25.0,50,852.127363
-6.0,50,852.633392
-5.0,50,853.147602
-15.0,50,853.67848
-20.0,50,854.195047
-19.0,50,854.70631
-11.0,50,855.20682
-2.0,50,855.703196
-16.0,50,856.200629
-50.0,50,856.727676
-5.0,50,857.235068
-4.0,50,857.742152
-1.0,50,858.252667
-37.0,50,858.762799
-5.0,50,859.272523
-3.0,50,859.763824
-50.0,50,860.270485
-3.0,50,860.763746
-4.0,50,861.2697
-2.0,50,861.759513
-2.0,50,862.268351
-10.0,50,862.768822
-4.0,50,863.287535
-3.0,50,863.794362
-9.0,50,864.292195
-44.0,50,864.777786
-27.0,50,865.25984
-1.0,50,865.740605
0.0,50,866.230571
-3.0,50,866.718564
-2.0,50,867.201773
-3.0,50,867.688766
-50.0,50,868.184316
-41.0,50,868.665838
-30.0,50,869.163389
-8.0,50,869.648674
-1.0,50,870.142763
-4.0,50,870.649804
-3.0,50,871.15915
-5.0,50,871.657434
-12.0,50,872.15803
-34.0,50,872.665019
-2.0,50,873.160801
-15.0,50,873.666588
-5.0,50,874.199016
-3.0,50,874.700773
-1.0,50,875.206371
-21.0,50,875.706697
-48.0,50,876.21864
-50.0,50,876.722054
-3.0,50,877.220141
0.0,50,877.71075
-50.0,50,878.220562
-2.0,50,878.729276
-7.0,50,879.24009
-23.0,50,879.738573
-44.0,50,880.247577
-4.0,50,880.750794
-5.0,50,881.247321
-7.0,50,881.744937
-1.0,50,882.245401
-3.0,50,882.742928
-2.0,50,883.256772
-28.0,50,883.762227
-27.0,50,884.276243
-15.0,50,884.765682
-36.0,50,885.276558
0.0,50,885.783294
-2.0,50,886.29005
-3.0,50,886.786921
-3.0,50,887.281554
-4.0,50,887.780605
-47.0,50,888.27765
-9.0,50,888.77804
0.0,50,889.290827
-12.0,50,889.79179
-2.0,50,890.294824
-12.0,50,890.79223
-4.0,50,891.295464
-1.0,50,891.789147
0.0,50,892.292576
-27.0,50,892.787132
-4.0,50,893.289228
-36.0,50,893.792524
-41.0,50,894.304358
-28.0,50,894.80077
-3.0,50,895.309411
0.0,50,895.811695
-21.0,50,896.312935
-50.0,50,896.812059
-6.0,50,897.304452
-21.0,50,897.802959
-7.0,50,898.304048
-10.0,50,898.807128
-3.0,50,899.311424
-17.0,50,899.817921
-20.0,50,900.321293
-48.0,50,900.827691
-17.0,50,901.326689
-2.0,50,901.824676
-46.0,50,902.331157
-21.0,50,902.827842
-2.0,50,903.329855
-6.0,50,903.828646
-15.0,50,904.326209
-12.0,50,904.834325
-6.0,50,905.335397
-16.0,50,905.839404
-40.0,50,906.352314
-12.0,50,906.921833
-5.0,50,907.522149
-30.0,50,908.114047
-4.0,50,908.668061
-18.0,50,909.267823
-50.0,50,909.842492
-50.0,50,910.413049
-26.0,50,911.008448
-27.0,50,911.613253
-5.0,50,912.158973
-4.0,50,912.728935
-5.0,50,913.279978
-2.0,50,913.789124
-41.0,50,914.303242
-44.0,50,914.832515
-21.0,50,915.360626
-1.0,50,915.868891
-5.0,50,916.380558
-2.0,50,916.895953
-16.0,50,917.412794
-34.0,50,917.919683
-50.0,50,918.438385
-12.0,50,918.932769
-4.0,50,919.443863
-8.0,50,919.950469
-15.0,50,920.444125
-9.0,50,920.945628
-39.0,50,921.450916
-50.0,50,921.959154
-50.0,50,922.458695
-2.0,50,922.957518
-13.0,50,923.457122
-13.0,50,923.965228
-8.0,50,924.462283
-43.0,50,924.962774
-2.0,50,925.471181
-3.0,50,925.974145
-4.0,50,926.478773
-27.0,50,926.982233
-19.0,50,929.249269
-3.0,50,929.750426
-3.0,50,930.276946
-2.0,50,930.767491
-27.0,50,931.252356
-6.0,50,931.731219
-11.0,50,932.220007
0.0,50,932.706509
-49.0,50,933.195642
-50.0,50,933.676456
-41.0,50,934.177352
-50.0,50,934.668706
-12.0,50,935.165896
-3.0,50,935.65084
-8.0,50,936.141831
-50.0,50,936.629308
-9.0,50,937.128635
-22.0,50,937.627257
-50.0,50,938.133761
-6.0,50,938.631157
-8.0,50,939.138557
-2.0,50,939.62907
-50.0,50,940.146704
-7.0,50,940.649516
-19.0,50,941.135761
-30.0,50,941.552613
-7.0,50,941.971759
-11.0,50,942.397155
-3.0,50,942.831725
-17.0,50,943.341681
-9.0,50,943.844893
-10.0,50,944.341772
-3.0,50,944.856989
-50.0,50,945.36977
-4.0,50,945.879165
-12.0,50,946.376988
-6.0,50,946.884723
-12.0,50,947.377271
-50.0,50,947.874978
-2.0,50,948.373755
-45.0,50,948.878999
-15.0,50,949.371332
-1.0,50,949.869209
-8.0,50,950.390194
-6.0,50,950.899992
-47.0,50,951.394986
-9.0,50,951.892302
-6.0,50,952.394577
-4.0,50,952.899431
-30.0,50,953.399027
-23.0,50,953.896312
-19.0,50,954.39466
-44.0,50,954.892568
-3.0,50,955.390409
-9.0,50,955.90574
-2.0,50,956.401659
-21.0,50,956.90457
-4.0,50,957.41332
-15.0,50,957.909559
-2.0,50,958.41138
-46.0,50,958.920177
-4.0,50,959.422183
-4.0,50,959.920763
-40.0,50,960.418108
-50.0,50,960.938812
-48.0,50,961.43465
-14.0,50,961.929941
-2.0,50,962.442351
-50.0,50,962.976743
-48.0,50,963.53667
-24.0,50,964.083936
-7.0,50,964.660248
0.0,50,965.231689
-4.0,50,965.823194
-19.0,50,966.374526
-5.0,50,966.9281
-30.0,50,967.485032
-9.0,50,968.039402
-3.0,50,968.549153
-12.0,50,969.029215
-49.0,50,969.521798
-10.0,50,970.018148
-24.0,50,970.540329
-42.0,50,971.063262
-20.0,50,971.591525
-23.0,50,972.102827
-16.0,50,972.621731
-8.0,50,973.140901
-41.0,50,973.660161
-1.0,50,974.208367
-41.0,50,974.727928
-5.0,50,975.263318
-50.0,50,975.808768
-6.0,50,976.351573
-6.0,50,976.88672
-1.0,50,977.425165
-17.0,50,977.975971
-8.0,50,978.514928
-29.0,50,979.055071
-28.0,50,979.592372
-1.0,50,980.111837
-41.0,50,980.619379
-42.0,50,981.145072
-34.0,50,981.652451
-18.0,50,982.171012
-47.0,50,982.682106
-29.0,50,983.197587
-2.0,50,983.71748
-22.0,50,984.242451
-25.0,50,984.745483
0.0,50,985.257341
-2.0,50,985.769878
-15.0,50,986.300838
0.0,50,986.809785
-47.0,50,987.321172
-17.0,50,987.819191
-19.0,50,988.322623
-4.0,50,988.832147
-2.0,50,989.33151
-7.0,50,989.826944
-31.0,50,990.327628
-3.0,50,990.822258
-2.0,50,991.331141
-50.0,50,991.830966
-9.0,50,992.334911
-16.0,50,992.843197
-17.0,50,993.353642
-9.0,50,993.868259
-7.0,50,994.391949
-1.0,50,994.903062
-6.0,50,995.41178
-6.0,50,995.900479
-46.0,50,996.413442
-7.0,50,996.922173
-30.0,50,997.426356
-2.0,50,997.925392
-3.0,50,998.413214
-10.0,50,998.896963
-1.0,50,999.380209
-50.0,50,999.861012
-1.0,50,1000.348626
-33.0,50,1000.835504
-22.0,50,1001.331965
-14.0,50,1001.82169
-50.0,50,1002.310328
-7.0,50,1002.795089
-22.0,50,1003.271833
-5.0,50,1003.760773
-48.0,50,1004.267893
-3.0,50,1004.750079
-6.0,50,1005.253594
-18.0,50,1005.75772
-3.0,50,1006.25967
-3.0,50,1006.767703
-42.0,50,1007.27431
0.0,50,1007.771553
-11.0,50,1008.27901
-1.0,50,1008.780566
-2.0,50,1009.276556
-6.0,50,1009.778314
-3.0,50,1010.288534
-42.0,50,1010.791635
-11.0,50,1011.290481
-2.0,50,1011.799759
-4.0,50,1012.30807
0.0,50,1012.80387
-14.0,50,1013.299123
-4.0,50,1013.797677
-4.0,50,1014.312665
-50.0,50,1014.813423
-1.0,50,1015.315348
-50.0,50,1015.824316
-2.0,50,1016.335599
-1.0,50,1016.84165
-2.0,50,1017.345962
-45.0,50,1017.873155
-6.0,50,1018.398078
-9.0,50,1018.934788
-4.0,50,1019.437841
-3.0,50,1019.955647
-2.0,50,1020.469752
-1.0,50,1020.982402
-2.0,50,1021.495857
-3.0,50,1022.018945
-31.0,50,1022.536811
-3.0,50,1023.036831
-9.0,50,1023.537584
-5.0,50,1024.032905
-10.0,50,1024.535493
-3.0,50,1025.033753
-2.0,50,1025.526952
-2.0,50,1026.022079
-50.0,50,1026.522896
-3.0,50,1027.031775
-4.0,50,1027.53446
-12.0,50,1028.032119
-12.0,50,1028.536329
-6.0,50,1029.039294
-50.0,50,1029.532904
-47.0,50,1030.032359
-45.0,50,1032.308408
-5.0,50,1032.806541
-3.0,50,1033.306768
-4.0,50,1033.806001
-3.0,50,1034.312194
-50.0,50,1034.807408
-3.0,50,1035.306009
-49.0,50,1035.797239
-3.0,50,1036.303152
-3.0,50,1036.793823
-3.0,50,1037.305273
-2.0,50,1037.804557
-4.0,50,1038.311621
-34.0,50,1038.812362
-11.0,50,1039.348667
-2.0,50,1039.901775
-3.0,50,1040.507232
-19.0,50,1041.096345
0.0,50,1041.653051
-2.0,50,1042.218067
-10.0,50,1042.764569
-8.0,50,1043.335158
-16.0,50,1043.941729
-13.0,50,1044.533373
-1.0,50,1045.123122
-46.0,50,1045.624083
-2.0,50,1046.049299
0.0,50,1046.474276
-3.0,50,1046.914258
-45.0,50,1047.39567
-45.0,50,1047.918182
-20.0,50,1048.422395
-12.0,50,1048.929963
-2.0,50,1049.44538
-13.0,50,1049.951771
-14.0,50,1050.460224
-7.0,50,1050.974137
-40.0,50,1051.478488
-2.0,50,1051.97683
-18.0,50,1052.484449
-29.0,50,1052.989473
-2.0,50,1053.496459
-4.0,50,1053.997311
-2.0,50,1054.493206
-46.0,50,1055.003583
-4.0,50,1055.501148
-38.0,50,1055.996782
0.0,50,1056.493253
-4.0,50,1057.005537
-2.0,50,1057.525803
-2.0,50,1058.030669
-4.0,50,1058.534463
-4.0,50,1059.035541
-3.0,50,1059.529145
-4.0,50,1060.027339
-44.0,50,1060.534105
-2.0,50,1061.032731
-2.0,50,1061.536214
-3.0,50,1062.033588
-1.0,50,1062.557108
-2.0,50,1063.068625
-16.0,50,1063.576187
-1.0,50,1064.072453
-17.0,50,1064.578015
-8.0,50,1065.080464
-8.0,50,1065.56172
-7.0,50,1066.057944
-11.0,50,1066.535146
-28.0,50,1067.014534
-44.0,50,1067.506033
-2.0,50,1067.999772
-1.0,50,1068.48839
-3.0,50,1068.980284
-22.0,50,1069.463337
-4.0,50,1069.954465
-11.0,50,1070.439889
-3.0,50,1070.93098
-10.0,50,1071.42959
-3.0,50,1071.937081
-29.0,50,1072.43195
-5.0,50,1072.963167
-5.0,50,1073.466741
-1.0,50,1073.972262
-30.0,50,1074.494653
-36.0,50,1075.033156
0.0,50,1075.556988
-7.0,50,1076.076473
0.0,50,1076.61248
-2.0,50,1077.13477
-7.0,50,1077.683879
-16.0,50,1078.178462
-39.0,50,1078.687324
-2.0,50,1079.18871
-2.0,50,1079.69138
-2.0,50,1080.184898
-5.0,50,1080.693933
-4.0,50,1081.198258
-4.0,50,1081.694934
-50.0,50,1082.198165
-33.0,50,1082.704331
-2.0,50,1083.221149
-46.0,50,1083.731883
-10.0,50,1084.238915
-34.0,50,1084.744535
-2.0,50,1085.241403
0.0,50,1085.737995
-34.0,50,1086.237867
-15.0,50,1086.734098
-6.0,50,1087.232492
-3.0,50,1087.737185
-8.0,50,1088.250943
-3.0,50,1088.767606
-7.0,50,1089.26944
0.0,50,1089.761074
-29.0,50,1090.262252
-1.0,50,1090.760015
-17.0,50,1091.264907
-2.0,50,1091.761714
-46.0,50,1092.26023
-24.0,50,1092.762639
-38.0,50,1093.276138
-2.0,50,1093.782595
-2.0,50,1094.279444
-4.0,50,1094.787133
-3.0,50,1095.294522
-49.0,50,1095.799734
-2.0,50,1096.306088
-24.0,50,1096.811243
-1.0,50,1097.309656
-9.0,50,1097.81117
-9.0,50,1098.326888
-4.0,50,1098.822786
-3.0,50,1099.323329
-50.0,50,1099.819914
0.0,50,1100.311908
-4.0,50,1100.802217
-4.0,50,1101.305369
-3.0,50,1101.807876
-40.0,50,1102.31123
-50.0,50,1102.815498
-2.0,50,1103.324992
0.0,50,1103.824397
-34.0,50,1104.323786
-43.0,50,1104.823846
0.0,50,1105.323534
-30.0,50,1105.87128
-2.0,50,1106.44004
-2.0,50,1107.053645
-46.0,50,1107.603163
-3.0,50,1108.141416
-1.0,50,1108.75316
-1.0,50,1109.322317
-23.0,50,1109.862834
-1.0,50,1110.445731
-14.0,50,1111.000912
-4.0,50,1111.57271
-6.0,50,1112.145865
-7.0,50,1112.660742
-2.0,50,1113.179688
-27.0,50,1113.710386
-26.0,50,1114.23863
-1.0,50,1114.753447
-1.0,50,1115.269948
-2.0,50,1115.786146
-3.0,50,1116.306259
0.0,50,1116.815156
-4.0,50,1117.325191
-16.0,50,1117.829559
-50.0,50,1118.346561
-3.0,50,1118.864645
0.0,50,1119.360611
-6.0,50,1119.870441
-30.0,50,1120.366152
-35.0,50,1120.871063
-18.0,50,1121.368628
-2.0,50,1121.860923
-3.0,50,1122.366427
-3.0,50,1122.870372
-2.0,50,1123.369549
-1.0,50,1123.880132
0.0,50,1124.385611
-16.0,50,1124.88676
-42.0,50,1125.389431
-3.0,50,1125.889219
-13.0,50,1126.397833
-3.0,50,1126.897365
-10.0,50,1127.394363
-2.0,50,1127.900084
-7.0,50,1128.408886
0.0,50,1128.9333
-14.0,50,1129.447265
-2.0,50,1129.958834
-43.0,50,1130.470533
-1.0,50,1130.978428
0.0,50,1131.470865
-4.0,50,1131.959025
-3.0,50,1132.434408
0.0,50,1132.930769
-2.0,50,1133.421498
0.0,50,1133.913636
-30.0,50,1136.129566
-2.0,50,1136.618656
-8.0,50,1137.094294
-2.0,50,1137.585293
-7.0,50,1138.101245
-3.0,50,1138.617914
-1.0,50,1139.144142
-3.0,50,1139.665707
-4.0,50,1140.168783
-4.0,50,1140.678023
-15.0,50,1141.17372
-1.0,50,1141.675175
-5.0,50,1142.175215
0.0,50,1142.679556
-3.0,50,1143.182527
-3.0,50,1143.688735
-37.0,50,1144.216668
-3.0,50,1144.719732
-2.0,50,1145.225916
-3.0,50,1145.726263
-1.0,50,1146.235883
-3.0,50,1146.734125
0.0,50,1147.231309
-2.0,50,1147.722178
-10.0,50,1148.228569
-2.0,50,1148.72649
-2.0,50,1149.233694
-1.0,50,1149.687675
-2.0,50,1150.112002
-4.0,50,1150.531156
-3.0,50,1150.95675
-5.0,50,1151.368937
-2.0,50,1151.768532
-2.0,50,1152.152107
-8.0,50,1152.537476
-3.0,50,1152.926281
-2.0,50,1153.305663
-2.0,50,1153.702477
-2.0,50,1154.119735
-2.0,50,1154.567118
-3.0,50,1154.9848
-5.0,50,1155.377179
-7.0,50,1155.763473
-4.0,50,1156.145382
-15.0,50,1156.532414
-7.0,50,1156.911901
-39.0,50,1157.289371
0.0,50,1157.6703
-1.0,50,1158.071265
-25.0,50,1158.533234
-2.0,50,1159.033976
-10.0,50,1159.536267
-48.0,50,1160.048337
-4.0,50,1160.547036
-2.0,50,1161.047712
-1.0,50,1161.543289
-2.0,50,1162.049038
-3.0,50,1162.547775
0.0,50,1163.052601
-3.0,50,1163.556017
-4.0,50,1164.060829
-25.0,50,1164.575497
-11.0,50,1165.077653
-2.0,50,1165.588864
-43.0,50,1166.084565
0.0,50,1166.587379
-4.0,50,1167.088156
-47.0,50,1167.591446
-11.0,50,1168.098586
-4.0,50,1168.598697
0.0,50,1169.096666
-2.0,50,1169.610047
-2.0,50,1170.116281
-2.0,50,1170.608472
-2.0,50,1171.112577
-2.0,50,1171.608571
-2.0,50,1172.119282
-1.0,50,1172.658905
0.0,50,1173.224856
-46.0,50,1173.790138
-9.0,50,1174.380277
-8.0,50,1174.947206
-3.0,50,1175.505783
-1.0,50,1176.083493
-2.0,50,1176.678449
-5.0,50,1177.245167
-1.0,50,1177.820977
-1.0,50,1178.440561
-50.0,50,1178.952283
-3.0,50,1179.462308
-44.0,50,1179.985797
-1.0,50,1180.492131
-6.0,50,1181.006834
-10.0,50,1181.517768
0.0,50,1182.035671
-4.0,50,1182.553322
-2.0,50,1183.068113
-2.0,50,1183.585432
-2.0,50,1184.085041
-7.0,50,1184.600746
-6.0,50,1185.13417
-5.0,50,1185.650425
-46.0,50,1186.161321
-2.0,50,1186.664244
-1.0,50,1187.183129
-1.0,50,1187.687948
-1.0,50,1188.206735
-5.0,50,1188.712789
-2.0,50,1189.229608
-3.0,50,1189.740978
-2.0,50,1190.252932
-2.0,50,1190.757132
-4.0,50,1191.263238
-2.0,50,1191.770554
-4.0,50,1192.270615
-4.0,50,1192.777386
-2.0,50,1193.292381
-23.0,50,1193.796044
-3.0,50,1194.300317
0.0,50,1194.799332
-23.0,50,1195.33077
0.0,50,1195.844907
-1.0,50,1196.344423
-2.0,50,1196.840633
-3.0,50,1197.351017
-2.0,50,1197.860976
-12.0,50,1198.370807
-49.0,50,1198.886026
-2.0,50,1199.390159
0.0,50,1199.897637
-14.0,50,1200.415425
-1.0,50,1200.921596
-29.0,50,1201.41984
-41.0,50,1201.917072
-2.0,50,1202.415188
-20.0,50,1202.921218
-47.0,50,1203.415779
-14.0,50,1203.907367
0.0,50,1204.394897
-2.0,50,1204.896144
-2.0,50,1205.415996
-1.0,50,1205.922042
-8.0,50,1206.417589
-2.0,50,1206.91628
-5.0,50,1207.423103
-1.0,50,1207.922649
-1.0,50,1208.419733
-3.0,50,1208.880897
-1.0,50,1209.30175
-3.0,50,1209.72819
-5.0,50,1210.152776
-2.0,50,1210.618448
-1.0,50,1211.122851
-2.0,50,1211.626934
-2.0,50,1212.120759
-5.0,50,1212.625256
-48.0,50,1213.136445
-4.0,50,1213.643663
-4.0,50,1214.14475
0.0,50,1214.651609
-6.0,50,1215.17071
-1.0,50,1215.687395
-8.0,50,1216.19665
-7.0,50,1216.693407
-3.0,50,1217.201605
-2.0,50,1217.70251
-3.0,50,1218.204985
-2.0,50,1218.708819
-2.0,50,1219.209237
-5.0,50,1219.709337
-2.0,50,1220.20837
-47.0,50,1220.721683
-10.0,50,1221.232219
-1.0,50,1221.743504
-47.0,50,1222.249237
-49.0,50,1222.762264
-6.0,50,1223.269062
0.0,50,1223.769181
-3.0,50,1224.269747
-1.0,50,1224.768892
-1.0,50,1225.274972
-11.0,50,1225.795843
-3.0,50,1226.302477
-5.0,50,1226.802429
-3.0,50,1227.306022
-18.0,50,1227.808087
-2.0,50,1228.303891
-28.0,50,1228.804523
-28.0,50,1229.303942
-45.0,50,1229.800471
-3.0,50,1230.296889
-2.0,50,1230.810994
0.0,50,1231.310044
-3.0,50,1231.816236
-2.0,50,1232.311933
-4.0,50,1232.808655
-2.0,50,1233.307698
-2.0,50,1233.808373
-4.0,50,1234.311195
-1.0,50,1234.810784
0.0,50,1237.106148
-1.0,50,1237.603955
-5.0,50,1238.108971
-3.0,50,1238.68378
-3.0,50,1239.309985
-4.0,50,1239.9383
-6.0,50,1240.504949
-46.0,50,1241.134163
-15.0,50,1241.762198
-3.0,50,1242.355984
0.0,50,1242.924967
-6.0,50,1243.532946
-1.0,50,1244.1215
-3.0,50,1244.703014
-7.0,50,1245.215388
-1.0,50,1245.723327
-2.0,50,1246.257691
-26.0,50,1246.772691
-2.0,50,1247.283506
-2.0,50,1247.802994
-2.0,50,1248.327584
-27.0,50,1248.846051
-3.0,50,1249.363439
0.0,50,1249.877198
0.0,50,1250.38156
-3.0,50,1250.880134
-3.0,50,1251.398747
-3.0,50,1251.8956
-7.0,50,1252.404826
-1.0,50,1252.904607
-1.0,50,1253.403823
-3.0,50,1253.900491
-2.0,50,1254.404227
-43.0,50,1254.916018
-3.0,50,1255.426008
-28.0,50,1255.929029
-1.0,50,1256.443537
-2.0,50,1256.945158
-2.0,50,1257.453663
-10.0,50,1257.958259
-4.0,50,1258.462374
0.0,50,1258.957181
-3.0,50,1259.461886
0.0,50,1259.955882
-15.0,50,1260.469352
-3.0,50,1260.979818
-29.0,50,1261.484462
-20.0,50,1261.994933
-2.0,50,1262.495293
-43.0,50,1262.989779
-40.0,50,1263.485804
-2.0,50,1263.984527
0.0,50,1264.486119
-2.0,50,1264.986223
-48.0,50,1265.49584
-9.0,50,1266.014904
-13.0,50,1266.52813
-2.0,50,1267.036639
-6.0,50,1267.541984
-1.0,50,1268.040644
-37.0,50,1268.552257
-49.0,50,1269.055482
-3.0,50,1269.543575
-2.0,50,1270.036356
-2.0,50,1270.538857
-2.0,50,1271.039414
-10.0,50,1271.548158
-2.0,50,1272.059892
-6.0,50,1272.563268
-3.0,50,1273.062033
-2.0,50,1273.56545
-22.0,50,1274.065141
0.0,50,1274.57703
-7.0,50,1275.079485
-11.0,50,1275.588806
-2.0,50,1276.090423
-1.0,50,1276.607736
-3.0,50,1277.106632
0.0,50,1277.611202
-6.0,50,1278.112641
-2.0,50,1278.617117
-3.0,50,1279.123923
-2.0,50,1279.628348
0.0,50,1280.128725
-7.0,50,1280.633082
-50.0,50,1281.138387
-2.0,50,1281.655216
-2.0,50,1282.156692
0.0,50,1282.661054
-14.0,50,1283.175348
-1.0,50,1283.673427
-11.0,50,1284.181521
-2.0,50,1284.690222
-1.0,50,1285.186291
-22.0,50,1285.690199
0.0,50,1286.2076
-3.0,50,1286.746469
-2.0,50,1287.25872
-3.0,50,1287.77682
-3.0,50,1288.297683
-1.0,50,1288.802043
-3.0,50,1289.299627
-2.0,50,1289.803498
-48.0,50,1290.304768
-3.0,50,1290.81462
-14.0,50,1291.324256
-1.0,50,1291.836368
-1.0,50,1292.340993
-2.0,50,1292.839279
0.0,50,1293.335111
-32.0,50,1293.830403
-36.0,50,1294.325452
0.0,50,1294.843285
-1.0,50,1295.360543
-9.0,50,1295.867834
-8.0,50,1296.388157
-2.0,50,1296.911838
-1.0,50,1297.440246
-2.0,50,1297.958875
-2.0,50,1298.480337
0.0,50,1298.999865
-12.0,50,1299.505667
-2.0,50,1300.012514
-3.0,50,1300.514532
-2.0,50,1301.020093
-4.0,50,1301.516618
-9.0,50,1302.030064
-3.0,50,1302.534716
-4.0,50,1303.045898
-2.0,50,1303.544692
0.0,50,1304.052198
-3.0,50,1304.55233
-3.0,50,1305.108234
-45.0,50,1305.67384
-4.0,50,1306.2099
-7.0,50,1306.734174
0.0,50,1307.361661
-2.0,50,1307.903795
-5.0,50,1308.500442
-21.0,50,1309.042434
-29.0,50,1309.630175
-2.0,50,1310.176424
0.0,50,1310.730478
-1.0,50,1311.202468
-42.0,50,1311.633495
-3.0,50,1312.075739
-2.0,50,1312.511686
-3.0,50,1312.975439
-1.0,50,1313.486087
0.0,50,1313.992088
-3.0,50,1314.506635
-8.0,50,1315.016806
-1.0,50,1315.53652
-4.0,50,1316.044298
-5.0,50,1316.556156
-3.0,50,1317.067567
-2.0,50,1317.597267
-1.0,50,1318.095606
-1.0,50,1318.604379
-3.0,50,1319.113634
-43.0,50,1319.627859
-2.0,50,1320.136488
-2.0,50,1320.636276
-1.0,50,1321.144181
-2.0,50,1321.640109
-38.0,50,1322.1428
-2.0,50,1322.654571
-8.0,50,1323.158845
-4.0,50,1323.657468
-2.0,50,1324.164624
-4.0,50,1324.669052
-3.0,50,1325.18134
-27.0,50,1325.687655
-3.0,50,1326.192001
-30.0,50,1326.694942
-2.0,50,1327.221736
-1.0,50,1327.757905
-3.0,50,1328.260822
-1.0,50,1328.757661
-1.0,50,1329.266576
-1.0,50,1329.772766
-5.0,50,1330.271663
-2.0,50,1330.772192
-23.0,50,1331.283763
-2.0,50,1331.798349
0.0,50,1332.299588
-1.0,50,1332.815974
0.0,50,1333.319548
-2.0,50,1333.823687
-33.0,50,1334.322113
-3.0,50,1334.819771
-3.0,50,1335.323756
-5.0,50,1335.826333
-3.0,50,1336.323689
-1.0,50,1336.82122
-2.0,50,1337.318858
-3.0,50,1337.836624
-20.0,50,1338.333103
-1.0,50,1338.832591
-1.0,50,1339.318084
-1.0,50,1341.58526
-2.0,50,1342.094064
-2.0,50,1342.606929
-1.0,50,1343.120273
-2.0,50,1343.628468
-1.0,50,1344.131389
-30.0,50,1344.63183
-2.0,50,1345.134169
-29.0,50,1345.644227
-3.0,50,1346.143815
-20.0,50,1346.662235
-1.0,50,1347.166016
-2.0,50,1347.695317
0.0,50,1348.212946
-3.0,50,1348.727366
-3.0,50,1349.252256
0.0,50,1349.787831
-2.0,50,1350.325522
-3.0,50,1350.837167
-1.0,50,1351.366936
-3.0,50,1351.890348
-1.0,50,1352.415378
-4.0,50,1352.963265
-1.0,50,1353.4843
-6.0,50,1354.020573
-2.0,50,1354.550508
-4.0,50,1355.067848
-1.0,50,1355.577548
-4.0,50,1356.091376
-15.0,50,1356.594799
-1.0,50,1357.10559
-2.0,50,1357.62237
0.0,50,1358.151407
-4.0,50,1358.652983
-28.0,50,1359.158059
0.0,50,1359.664218
-2.0,50,1360.176799
-2.0,50,1360.677154
-3.0,50,1361.17905
-1.0,50,1361.687441
-1.0,50,1362.195696
0.0,50,1362.701906
-4.0,50,1363.215893
-3.0,50,1363.715143
0.0,50,1364.222336
-2.0,50,1364.721851
-3.0,50,1365.219462
-7.0,50,1365.720287
-3.0,50,1366.225001
-3.0,50,1366.730501
-2.0,50,1367.234664
-4.0,50,1367.745429
-3.0,50,1368.26425
-14.0,50,1368.763822
-2.0,50,1369.261609
-3.0,50,1369.764818
-2.0,50,1370.271597
-1.0,50,1370.785501
-3.0,50,1371.356633
-2.0,50,1371.930163
-1.0,50,1372.49598
0.0,50,1373.081968
-3.0,50,1373.652457
-1.0,50,1374.227426
-44.0,50,1374.814354
-1.0,50,1375.347337
-1.0,50,1375.890352
-1.0,50,1376.463328
-3.0,50,1377.037267
-2.0,50,1377.553034
-1.0,50,1378.071195
-1.0,50,1378.585925
-18.0,50,1379.106405
-5.0,50,1379.624624
-2.0,50,1380.138451
-10.0,50,1380.650241
0.0,50,1381.173069
-3.0,50,1381.689953
-1.0,50,1382.204026
-2.0,50,1382.704501
-1.0,50,1383.214054
-8.0,50,1383.724668
-3.0,50,1384.230362
-1.0,50,1384.739451
-3.0,50,1385.242718
-2.0,50,1385.749867
-2.0,50,1386.251708
-2.0,50,1386.752118
0.0,50,1387.255375
-3.0,50,1387.753848
-4.0,50,1388.259246
-2.0,50,1388.770575
-2.0,50,1389.274137
-2.0,50,1389.774999
-2.0,50,1390.276932
-1.0,50,1390.779408
-3.0,50,1391.28055
-2.0,50,1391.776942
-1.0,50,1392.279871
0.0,50,1392.777563
0.0,50,1393.288266
-3.0,50,1393.799347
-4.0,50,1394.302949
-2.0,50,1394.802108
-1.0,50,1395.303534
-2.0,50,1395.809408
-2.0,50,1396.316761
-2.0,50,1396.83704
-2.0,50,1397.338991
-3.0,50,1397.852309
-2.0,50,1398.359726
-1.0,50,1398.864798
-3.0,50,1399.374168
-3.0,50,1399.878146
-2.0,50,1400.385711
-7.0,50,1400.885456
-2.0,50,1401.390819
-2.0,50,1401.892392
-2.0,50,1402.390903
-9.0,50,1402.874121
-3.0,50,1403.368577
-2.0,50,1403.881395
-3.0,50,1404.376138
-2.0,50,1404.885916
0.0,50,1405.387808
-29.0,50,1405.891966
-34.0,50,1406.392913
-4.0,50,1406.894286
-1.0,50,1407.413366
-2.0,50,1407.907335
-1.0,50,1408.426898
-1.0,50,1408.947378
-1.0,50,1409.464856
-3.0,50,1409.971464
-2.0,50,1410.487133
-1.0,50,1410.983548
-2.0,50,1411.499701
0.0,50,1412.004014
-6.0,50,1412.507862
-2.0,50,1413.015971
-3.0,50,1413.538754
-3.0,50,1414.029855
-1.0,50,1414.456012
-3.0,50,1414.880931
0.0,50,1415.309356
-1.0,50,1415.744114
0.0,50,1416.258868
-1.0,50,1416.766579
-1.0,50,1417.293584
0.0,50,1417.795122
-3.0,50,1418.289663
0.0,50,1418.802157
-3.0,50,1419.376361
-3.0,50,1419.888949
-19.0,50,1420.394973
-3.0,50,1420.915402
-3.0,50,1421.425455
-3.0,50,1421.928476
-2.0,50,1422.427351
-2.0,50,1422.937992
-2.0,50,1423.446068
0.0,50,1423.952872
-2.0,50,1424.468578
-27.0,50,1424.972181
-2.0,50,1425.480244
0.0,50,1425.983826
-1.0,50,1426.484293
-1.0,50,1426.98452
-1.0,50,1427.486559
-10.0,50,1427.992165
-2.0,50,1428.494556
-3.0,50,1429.014645
-1.0,50,1429.525055
-2.0,50,1430.031339
-2.0,50,1430.528882
-3.0,50,1431.025688
-22.0,50,1431.536347
-1.0,50,1432.03799
-3.0,50,1432.5434
-3.0,50,1433.042905
-2.0,50,1433.547592
-1.0,50,1434.053107
-1.0,50,1434.561475
-3.0,50,1435.058649
-6.0,50,1435.560857
-3.0,50,1436.060538
-3.0,50,1436.57127
-1.0,50,1437.073853
-2.0,50,1437.648163
-2.0,50,1438.245582
-3.0,50,1438.829515
-1.0,50,1439.386922
-1.0,50,1439.938752
-2.0,50,1440.486205
-2.0,50,1441.027354
-3.0,50,1441.591699
-2.0,50,1442.153253
-2.0,50,1442.669759
-2.0,50,1443.232279
0.0,50,1443.742664
-13.0,50,1446.08134
-50.0,50,1446.591318
-2.0,50,1447.110424
-2.0,50,1447.619914
-2.0,50,1448.138418
-1.0,50,1448.640289
-3.0,50,1449.133472
-3.0,50,1449.661797
-2.0,50,1450.181558
-1.0,50,1450.684383
-4.0,50,1451.180315
-2.0,50,1451.682345
-3.0,50,1452.187861
0.0,50,1452.687117
-7.0,50,1453.189339
-2.0,50,1453.692565
-1.0,50,1454.196756
-2.0,50,1454.70718
-1.0,50,1455.20164
-1.0,50,1455.70209
-4.0,50,1456.202961
0.0,50,1456.70957
-3.0,50,1457.224035
-1.0,50,1457.72973
-2.0,50,1458.238721
0.0,50,1458.74091
-2.0,50,1459.234603
-1.0,50,1459.784931
-2.0,50,1460.310223
-24.0,50,1460.833875
-1.0,50,1461.345923
-2.0,50,1461.862689
-2.0,50,1462.394036
-2.0,50,1462.904648
-1.0,50,1463.404992
-2.0,50,1463.92376
-8.0,50,1464.462348
0.0,50,1464.985397
-3.0,50,1465.495153
-3.0,50,1465.993226
-3.0,50,1466.507222
-3.0,50,1467.005892
-1.0,50,1467.50359
-1.0,50,1468.007889
-2.0,50,1468.510792
-2.0,50,1469.013228
-2.0,50,1469.517009
0.0,50,1470.029189
-2.0,50,1470.538308
-3.0,50,1471.034859
-2.0,50,1471.537444
-1.0,50,1472.020257
-5.0,50,1472.522088
-2.0,50,1473.026539
-1.0,50,1473.520073
-1.0,50,1474.011298
-1.0,50,1474.513582
-3.0,50,1475.030803
-1.0,50,1475.533008
-2.0,50,1476.036735
-2.0,50,1476.540727
-4.0,50,1477.050238
-2.0,50,1477.550468
-1.0,50,1478.052718
-2.0,50,1478.552646
-2.0,50,1479.059714
-1.0,50,1479.559051
-4.0,50,1480.064579
-2.0,50,1480.58733
-3.0,50,1481.092832
-2.0,50,1481.595847
-1.0,50,1482.097728
-2.0,50,1482.60941
-4.0,50,1483.113192
-1.0,50,1483.609827
-3.0,50,1484.113207
-6.0,50,1484.622697
-4.0,50,1485.129442
-3.0,50,1485.634095
-2.0,50,1486.143183
-4.0,50,1486.641326
-2.0,50,1487.140248
-11.0,50,1487.645909
-3.0,50,1488.144506
-1.0,50,1488.644446
-2.0,50,1489.142668
-2.0,50,1489.646827
-2.0,50,1490.151959
-3.0,50,1490.671925
-2.0,50,1491.168882
-3.0,50,1491.675245
-2.0,50,1492.171131
0.0,50,1492.677295
-3.0,50,1493.176147
-16.0,50,1493.67594
-5.0,50,1494.179255
-1.0,50,1494.683649
-1.0,50,1495.189589
0.0,50,1495.707672
-2.0,50,1496.215105
-1.0,50,1496.723089
-30.0,50,1497.220623
-1.0,50,1497.724378
-3.0,50,1498.223077
0.0,50,1498.722726
-1.0,50,1499.224303
-2.0,50,1499.731491
-1.0,50,1500.233564
-2.0,50,1500.763409
-3.0,50,1501.270298
-3.0,50,1501.770474
-8.0,50,1502.279938
-6.0,50,1502.789163
-2.0,50,1503.337913
-2.0,50,1503.876024
-1.0,50,1504.445369
-22.0,50,1505.018532
-1.0,50,1505.588599
-1.0,50,1506.16308
-1.0,50,1506.742865
-3.0,50,1507.298976
-1.0,50,1507.875986
-3.0,50,1508.450439
-2.0,50,1508.987905
0.0,50,1509.509969
0.0,50,1510.01963
-3.0,50,1510.530957
-3.0,50,1511.063972
-2.0,50,1511.584497
-2.0,50,1512.102897
-3.0,50,1512.610926
-4.0,50,1513.118536
-1.0,50,1513.633308
-2.0,50,1514.146606
-3.0,50,1514.673417
-3.0,50,1515.176439
-4.0,50,1515.688342
-3.0,50,1516.215209
-2.0,50,1516.641501
-2.0,50,1517.074908
-3.0,50,1517.515617
-2.0,50,1517.955528
-1.0,50,1518.468714
-1.0,50,1518.971985
-2.0,50,1519.4867
-5.0,50,1519.998024
-3.0,50,1520.505452
-1.0,50,1521.018758
-1.0,50,1521.525235
-3.0,50,1522.027687
-3.0,50,1522.536685
-4.0,50,1523.039731
-1.0,50,1523.542138
-2.0,50,1524.040529
-1.0,50,1524.54377
0.0,50,1525.048587
-1.0,50,1525.549834
-2.0,50,1526.065194
-2.0,50,1526.568413
-3.0,50,1527.068167
-3.0,50,1527.58157
-2.0,50,1528.078196
-3.0,50,1528.585711
-1.0,50,1529.087101
-3.0,50,1529.59433
-1.0,50,1530.092166
-1.0,50,1530.594087
-2.0,50,1531.107869
-1.0,50,1531.616549
-2.0,50,1532.127252
-1.0,50,1532.630337
-2.0,50,1533.127082
-2.0,50,1533.629969
-1.0,50,1534.131008
-3.0,50,1534.634771
-2.0,50,1535.141304
-2.0,50,1535.641231
-1.0,50,1536.155796
-1.0,50,1536.655622
-2.0,50,1537.15343
-2.0,50,1537.661263
-3.0,50,1538.155459
-3.0,50,1538.660359
-2.0,50,1539.166003
-2.0,50,1539.680032
0.0,50,1540.184589
-2.0,50,1540.681468
-3.0,50,1541.187549
-4.0,50,1541.705102
0.0,50,1542.209019
-3.0,50,1542.715896
-3.0,50,1543.219618
-2.0,50,1543.731478
0.0,50,1544.232125
-3.0,50,1544.734514
-3.0,50,1545.238399
-6.0,50,1545.745184
-3.0,50,1546.248946
0.0,50,1546.765209
-2.0,50,1547.280013
-3.0,50,1549.583507
-6.0,50,1550.0865
0.0,50,1550.591705
-1.0,50,1551.095911
0.0,50,1551.621665
0.0,50,1552.122164
-7.0,50,1552.627964
-3.0,50,1553.127494
-13.0,50,1553.626966
-4.0,50,1554.125138
-3.0,50,1554.627406
-2.0,50,1555.130213
-1.0,50,1555.640476
-3.0,50,1556.142287
-2.0,50,1556.657448
0.0,50,1557.164312
-2.0,50,1557.66531
-2.0,50,1558.177125
0.0,50,1558.681252
-1.0,50,1559.181243
-3.0,50,1559.684733
-3.0,50,1560.183583
-2.0,50,1560.682365
-2.0,50,1561.178634
-3.0,50,1561.688894
-3.0,50,1562.19275
-2.0,50,1562.689647
-1.0,50,1563.183361
-2.0,50,1563.691886
-1.0,50,1564.186355
-3.0,50,1564.690796
-3.0,50,1565.193325
-2.0,50,1565.703282
-3.0,50,1566.202178
-1.0,50,1566.708014
-1.0,50,1567.22161
-1.0,50,1567.729926
-3.0,50,1568.239626
-2.0,50,1568.746045
-2.0,50,1569.3316
-1.0,50,1569.911955
-9.0,50,1570.498302
-3.0,50,1571.079142
-1.0,50,1571.702366
0.0,50,1572.278407
-1.0,50,1572.837576
-3.0,50,1573.404733
0.0,50,1573.971308
-3.0,50,1574.560635
-1.0,50,1575.13708
-3.0,50,1575.674187
-1.0,50,1576.191739
-2.0,50,1576.705981
-3.0,50,1577.237994
-4.0,50,1577.7642
-1.0,50,1578.285176
-2.0,50,1578.793809
-3.0,50,1579.301153
-3.0,50,1579.817516
-3.0,50,1580.331411
-2.0,50,1580.832749
-3.0,50,1581.34108
-1.0,50,1581.850255
0.0,50,1582.366486
-2.0,50,1582.871952
-3.0,50,1583.382076
-2.0,50,1583.885407
-2.0,50,1584.392426
-1.0,50,1584.897462
-3.0,50,1585.399743
-2.0,50,1585.902036
-1.0,50,1586.40655
-3.0,50,1586.927134
0.0,50,1587.44437
0.0,50,1587.943839
-2.0,50,1588.444077
0.0,50,1588.94878
-1.0,50,1589.446493
-3.0,50,1589.948243
-1.0,50,1590.444556
-3.0,50,1590.946929
-2.0,50,1591.458738
-2.0,50,1591.954505
-1.0,50,1592.476414
-3.0,50,1592.989582
-2.0,50,1593.492015
0.0,50,1593.994131
-2.0,50,1594.502498
-2.0,50,1595.019615
-3.0,50,1595.518521
-1.0,50,1596.022753
-2.0,50,1596.536472
-3.0,50,1597.043648
-2.0,50,1597.552018
-3.0,50,1598.062593
-4.0,50,1598.566952
-2.0,50,1599.07773
-2.0,50,1599.588481
-2.0,50,1600.086047
-3.0,50,1600.585073
0.0,50,1601.09365
-3.0,50,1601.606108
-1.0,50,1602.10147
-4.0,50,1602.62231
-2.0,50,1603.12978
-3.0,50,1603.622491
-2.0,50,1604.122271
0.0,50,1604.617768
-1.0,50,1605.1183
-3.0,50,1605.614661
-3.0,50,1606.111616
-3.0,50,1606.618122
-3.0,50,1607.133808
-2.0,50,1607.659874
-3.0,50,1608.160868
-2.0,50,1608.665269
-3.0,50,1609.166528
-1.0,50,1609.66493
-1.0,50,1610.168276
-3.0,50,1610.674523
-3.0,50,1611.172909
-3.0,50,1611.679883
-1.0,50,1612.185858
-1.0,50,1612.698795
-1.0,50,1613.214782
-2.0,50,1613.725879
-2.0,50,1614.229588
-3.0,50,1614.735575
0.0,50,1615.247818
0.0,50,1615.751665
0.0,50,1616.254392
-2.0,50,1616.756524
0.0,50,1617.270101
-3.0,50,1617.774932
-3.0,50,1618.276365
-3.0,50,1618.774418
-3.0,50,1619.229054
-3.0,50,1619.654442
-13.0,50,1620.083496
0.0,50,1620.50634
-3.0,50,1620.986814
0.0,50,1621.485762
-2.0,50,1621.995211
-1.0,50,1622.497702
-3.0,50,1623.029818
-1.0,50,1623.532892
-20.0,50,1624.026498
-2.0,50,1624.535148
-2.0,50,1625.048205
-2.0,50,1625.56656
-2.0,50,1626.084202
-2.0,50,1626.594299
-1.0,50,1627.119905
-2.0,50,1627.639683
-2.0,50,1628.157708
-2.0,50,1628.668489
-3.0,50,1629.186046
-3.0,50,1629.692707
-3.0,50,1630.199839
-3.0,50,1630.699559
-3.0,50,1631.20651
-3.0,50,1631.708328
-1.0,50,1632.223089
-3.0,50,1632.729026
-1.0,50,1633.246549
0.0,50,1633.750521
-1.0,50,1634.254122
-2.0,50,1634.766516
-1.0,50,1635.277796
-1.0,50,1635.794916
-2.0,50,1636.352764
-1.0,50,1636.903333
-3.0,50,1637.529087
-3.0,50,1638.098899
-3.0,50,1638.642327
0.0,50,1639.190572
0.0,50,1639.792715
-1.0,50,1640.378594
-1.0,50,1640.937226
-2.0,50,1641.52698
0.0,50,1642.040546
-1.0,50,1642.553728
-2.0,50,1643.071307
-2.0,50,1643.583176
-2.0,50,1644.10088
-1.0,50,1644.61477
-2.0,50,1645.133859
-1.0,50,1645.647177
-1.0,50,1646.170819
0.0,50,1646.685635
-1.0,50,1647.191351
-3.0,50,1647.688637
-3.0,50,1648.202998
-2.0,50,1648.718471
-2.0,50,1649.216531
0.0,50,1649.717763
-1.0,50,1650.2242
-1.0,50,1650.729488
-2.0,50,1651.237449
-2.0,50,1651.735835
-2.0,50,1653.995005
-2.0,50,1654.497113
0.0,50,1654.996371
-2.0,50,1655.493872
-2.0,50,1656.010371
-1.0,50,1656.517597
-2.0,50,1657.0207
-2.0,50,1657.526834
-1.0,50,1658.038024
-2.0,50,1658.555936
-3.0,50,1659.070203
-1.0,50,1659.568474
-2.0,50,1660.072606
-1.0,50,1660.569781
0.0,50,1661.069756
-1.0,50,1661.580648
-2.0,50,1662.087582
-3.0,50,1662.589324
-2.0,50,1663.090889
0.0,50,1663.5991
-2.0,50,1664.109859
-1.0,50,1664.61071
-2.0,50,1665.110841
-1.0,50,1665.611132
-2.0,50,1666.117934
0.0,50,1666.620517
-1.0,50,1667.123292
-3.0,50,1667.624976
-3.0,50,1668.122029
-2.0,50,1668.637204
-1.0,50,1669.144153
-2.0,50,1669.640433
-2.0,50,1670.156546
-1.0,50,1670.662991
-2.0,50,1671.15966
-3.0,50,1671.660105
-2.0,50,1672.163958
-1.0,50,1672.670784
0.0,50,1673.162048
-2.0,50,1673.673263
-2.0,50,1674.179829
0.0,50,1674.682445
-2.0,50,1675.186504
-2.0,50,1675.692836
-3.0,50,1676.209543
-2.0,50,1676.72286
-3.0,50,1677.25974
-1.0,50,1677.763855
-1.0,50,1678.269398
-3.0,50,1678.782274
-1.0,50,1679.29494
-3.0,50,1679.819364
-3.0,50,1680.343795
-1.0,50,1680.855151
-1.0,50,1681.369579
-2.0,50,1681.884214
-2.0,50,1682.404328
-2.0,50,1682.921985
0.0,50,1683.436013
0.0,50,1683.972884
-3.0,50,1684.513599
-2.0,50,1685.018901
-2.0,50,1685.522978
-2.0,50,1686.022447
0.0,50,1686.528955
-3.0,50,1687.030675
-2.0,50,1687.5427
-2.0,50,1688.044587
-2.0,50,1688.557816
-20.0,50,1689.077415
-1.0,50,1689.582193
-3.0,50,1690.08968
-3.0,50,1690.602954
-2.0,50,1691.106157
-2.0,50,1691.608334
0.0,50,1692.117228
-1.0,50,1692.622521
-3.0,50,1693.122031
0.0,50,1693.620333
-2.0,50,1694.127701
-2.0,50,1694.636921
-3.0,50,1695.139683
0.0,50,1695.638074
-1.0,50,1696.135794
-1.0,50,1696.639397
0.0,50,1697.137945
-2.0,50,1697.638285
-3.0,50,1698.139067
0.0,50,1698.63806
-2.0,50,1699.153942
-1.0,50,1699.657223
0.0,50,1700.161382
-2.0,50,1700.655124
-3.0,50,1701.192372
-2.0,50,1701.733498
-2.0,50,1702.358912
-3.0,50,1702.902757
0.0,50,1703.467143
-3.0,50,1704.029549
-3.0,50,1704.591862
-2.0,50,1705.164873
-2.0,50,1705.741687
-3.0,50,1706.292819
-1.0,50,1706.882656
-2.0,50,1707.439117
-1.0,50,1707.954612
-2.0,50,1708.475134
-3.0,50,1708.994248
-3.0,50,1709.525023
-3.0,50,1710.036694
-2.0,50,1710.545826
-2.0,50,1711.062786
-4.0,50,1711.592243
-2.0,50,1712.108064
-2.0,50,1712.629103
-2.0,50,1713.128637
-2.0,50,1713.646513
-2.0,50,1714.150902
0.0,50,1714.663895
-2.0,50,1715.162354
-4.0,50,1715.658741
-2.0,50,1716.161521
-2.0,50,1716.673391
0.0,50,1717.1809
0.0,50,1717.686621
-3.0,50,1718.18937
-3.0,50,1718.690718
-1.0,50,1719.193936
-1.0,50,1719.712561
-1.0,50,1720.21681
-1.0,50,1720.720846
-1.0,50,1721.225332
-2.0,50,1721.687243
-3.0,50,1722.109267
-2.0,50,1722.540843
0.0,50,1722.980868
-2.0,50,1723.482387
-1.0,50,1723.979919
-3.0,50,1724.497499
-2.0,50,1724.997874
-2.0,50,1725.505605
-2.0,50,1726.002526
-1.0,50,1726.505576
-2.0,50,1727.022238
-3.0,50,1727.570946
-1.0,50,1728.067054
-6.0,50,1728.562581
-1.0,50,1729.070854
0.0,50,1729.581668
0.0,50,1730.091791
0.0,50,1730.592291
0.0,50,1731.086231
-3.0,50,1731.608107
-1.0,50,1732.112707
-1.0,50,1732.622893
-3.0,50,1733.116401
-1.0,50,1733.617975
-1.0,50,1734.122517
0.0,50,1734.623522
-3.0,50,1735.145422
-3.0,50,1735.65814
-3.0,50,1736.185315
-1.0,50,1736.703307
-2.0,50,1737.234094
-2.0,50,1737.737067
-2.0,50,1738.252081
-2.0,50,1738.743597
0.0,50,1739.250131
-3.0,50,1739.761243
-3.0,50,1740.257924
-2.0,50,1740.752285
-3.0,50,1741.253779
-3.0,50,1741.762249
-2.0,50,1742.247269
0.0,50,1742.758988
-3.0,50,1743.25139
-3.0,50,1743.763633
-2.0,50,1744.270619
-2.0,50,1744.776702
-3.0,50,1745.287244
0.0,50,1745.79529
-2.0,50,1746.298472
-2.0,50,1746.812223
-1.0,50,1747.316593
-1.0,50,1747.8242
-3.0,50,1748.329025
0.0,50,1748.827566
-1.0,50,1749.330537
-1.0,50,1749.83794
-3.0,50,1750.349916
-1.0,50,1750.856322
0.0,50,1751.355045
-2.0,50,1751.857245
-3.0,50,1752.369944
-3.0,50,1752.870241
-2.0,50,1753.36849
-2.0,50,1753.87069
0.0,50,1754.370817
0.0,50,1754.880639
0.0,50,1755.391998
-3.0,50,1757.67211
-1.0,50,1758.178864
0.0,50,1758.68546
-3.0,50,1759.186832
-2.0,50,1759.69605
-2.0,50,1760.20675
-2.0,50,1760.712353
-3.0,50,1761.209231
-1.0,50,1761.717673
-2.0,50,1762.222659
-1.0,50,1762.735599
-2.0,50,1763.24105
-1.0,50,1763.743387
-2.0,50,1764.250575
-1.0,50,1764.751603
-3.0,50,1765.26307
-1.0,50,1765.773181
-2.0,50,1766.273353
-1.0,50,1766.773422
-2.0,50,1767.269395
-23.0,50,1767.841522
-2.0,50,1768.417473
0.0,50,1768.950245
-2.0,50,1769.51127
-3.0,50,1770.089195
-2.0,50,1770.669813
-2.0,50,1771.25167
0.0,50,1771.811038
-2.0,50,1772.389629
-3.0,50,1772.96257
-1.0,50,1773.536517
-2.0,50,1774.050682
-1.0,50,1774.565527
-2.0,50,1775.081007
-1.0,50,1775.596417
0.0,50,1776.117884
-1.0,50,1776.635809
-3.0,50,1777.150561
-2.0,50,1777.674167
-1.0,50,1778.189782
-2.0,50,1778.713226
-1.0,50,1779.213939
-1.0,50,1779.71939
-1.0,50,1780.218861
-2.0,50,1780.729352
-3.0,50,1781.238419
-2.0,50,1781.734104
-2.0,50,1782.244487
-1.0,50,1782.749108
-3.0,50,1783.250189
-3.0,50,1783.756629
0.0,50,1784.250583
-2.0,50,1784.763654
-1.0,50,1785.260214
-3.0,50,1785.769026
-2.0,50,1786.27243
-3.0,50,1786.778419
-1.0,50,1787.286595
-3.0,50,1787.792875
-2.0,50,1788.292707
-3.0,50,1788.797445
-3.0,50,1789.291791
-2.0,50,1789.799538
-2.0,50,1790.314848
0.0,50,1790.833788
-2.0,50,1791.349072
-1.0,50,1791.871633
-3.0,50,1792.382596
-1.0,50,1792.911927
-3.0,50,1793.431489
-2.0,50,1793.936569
-2.0,50,1794.452711
-2.0,50,1794.97432
-1.0,50,1795.487648
-2.0,50,1795.995568
-2.0,50,1796.499006
-2.0,50,1797.011068
-1.0,50,1797.511792
-2.0,50,1798.02196
-1.0,50,1798.519114
-2.0,50,1799.027056
-2.0,50,1799.541283
-2.0,50,1800.046114
-1.0,50,1800.543469
-2.0,50,1801.065777
-1.0,50,1801.562567
-3.0,50,1802.065678
-1.0,50,1802.580814
0.0,50,1803.082237
-1.0,50,1803.589448
-2.0,50,1804.089511
-2.0,50,1804.588838
-3.0,50,1805.105036
-1.0,50,1805.599554
-1.0,50,1806.110347
-2.0,50,1806.608516
-1.0,50,1807.105645
-2.0,50,1807.613311
-2.0,50,1808.119233
-3.0,50,1808.617986
-2.0,50,1809.124148
-3.0,50,1809.625167
-2.0,50,1810.125347
-1.0,50,1810.629382
-2.0,50,1811.141925
-6.0,50,1811.648844
-1.0,50,1812.15375
-3.0,50,1812.665729
-2.0,50,1813.177744
-1.0,50,1813.679309
-1.0,50,1814.188607
-3.0,50,1814.696426
-2.0,50,1815.217483
-2.0,50,1815.725246
0.0,50,1816.248161
-1.0,50,1816.758122
-1.0,50,1817.279227
-1.0,50,1817.782683
-1.0,50,1818.283133
-3.0,50,1818.778902
0.0,50,1819.27742
-3.0,50,1819.79317
-3.0,50,1820.296556
-3.0,50,1820.799846
-1.0,50,1821.310154
-3.0,50,1821.814114
-3.0,50,1822.322892
-2.0,50,1822.83726
-2.0,50,1823.345495
-2.0,50,1823.853145
-3.0,50,1824.335393
-2.0,50,1824.762179
-2.0,50,1825.193941
-2.0,50,1825.616819
-2.0,50,1826.058151
-2.0,50,1826.573844
-1.0,50,1827.075763
-2.0,50,1827.580567
-1.0,50,1828.097589
-1.0,50,1828.598383
-1.0,50,1829.10413
-2.0,50,1829.612574
-2.0,50,1830.112991
-2.0,50,1830.617196
0.0,50,1831.118533
-2.0,50,1831.626879
-1.0,50,1832.129843
-1.0,50,1832.628255
-1.0,50,1833.147136
0.0,50,1833.669845
-2.0,50,1834.232888
-3.0,50,1834.813021
-2.0,50,1835.350802
-2.0,50,1835.919954
0.0,50,1836.482033
-1.0,50,1837.046927
-3.0,50,1837.596952
-2.0,50,1838.174105
0.0,50,1838.735973
0.0,50,1839.295555
-2.0,50,1839.824053
-1.0,50,1840.33359
-2.0,50,1840.847806
-3.0,50,1841.354759
-2.0,50,1841.874068
-1.0,50,1842.388594
-3.0,50,1842.903053
-2.0,50,1843.417289
-3.0,50,1843.93668
0.0,50,1844.454081
-2.0,50,1844.970111
0.0,50,1845.486599
-2.0,50,1846.025995
-2.0,50,1846.564218
-2.0,50,1847.09519
-3.0,50,1847.593887
-3.0,50,1848.130628
0.0,50,1848.646201
-3.0,50,1849.156669
-2.0,50,1849.675486
-2.0,50,1850.2014
-2.0,50,1850.722179
0.0,50,1851.224015
-3.0,50,1851.737766
-1.0,50,1852.246417
-1.0,50,1852.753947
-2.0,50,1853.252036
-1.0,50,1853.751354
-2.0,50,1854.26651
-2.0,50,1854.77825
-2.0,50,1855.290922
0.0,50,1855.79291
-3.0,50,1856.30541
-1.0,50,1856.826702
-3.0,50,1857.350414
-3.0,50,1857.849398
-5.0,50,1858.366425
-2.0,50,1858.881858
-2.0,50,1859.386231
-1.0,50,1859.910859
-1.0,50,1862.2042
-2.0,50,1862.705735
0.0,50,1863.21159
-2.0,50,1863.710669
-2.0,50,1864.220346
-3.0,50,1864.718168
-2.0,50,1865.226466
-3.0,50,1865.722608
-1.0,50,1866.224051
-2.0,50,1866.727065
-3.0,50,1867.249179
-3.0,50,1867.755837
-2.0,50,1868.264951
-2.0,50,1868.762319
0.0,50,1869.267976
-2.0,50,1869.757628
-3.0,50,1870.265968
-2.0,50,1870.762696
-2.0,50,1871.267022
-1.0,50,1871.759885
-2.0,50,1872.281951
-3.0,50,1872.785284
-1.0,50,1873.273772
-2.0,50,1873.77968
-2.0,50,1874.290997
-2.0,50,1874.782395
-3.0,50,1875.282628
-2.0,50,1875.778033
0.0,50,1876.279042
-2.0,50,1876.770777
-1.0,50,1877.282631
-2.0,50,1877.793533
-1.0,50,1878.300472
-2.0,50,1878.807416
0.0,50,1879.317297
-3.0,50,1879.809881
-2.0,50,1880.321482
-3.0,50,1880.815114
0.0,50,1881.317405
-2.0,50,1881.817343
-1.0,50,1882.335595
-3.0,50,1882.849304
-1.0,50,1883.352587
-1.0,50,1883.856773
-2.0,50,1884.360343
-1.0,50,1884.872421
-2.0,50,1885.36657
-2.0,50,1885.860014
-1.0,50,1886.359843
-1.0,50,1886.85954
-2.0,50,1887.367645
-3.0,50,1887.886438
-2.0,50,1888.39831
-3.0,50,1888.900181
-2.0,50,1889.405143
-2.0,50,1889.909827
-3.0,50,1890.425777
-3.0,50,1890.921422
-3.0,50,1891.416081
0.0,50,1891.916237
-2.0,50,1892.415967
-3.0,50,1892.932883
0.0,50,1893.435251
-2.0,50,1893.935427
0.0,50,1894.435214
-2.0,50,1894.939183
-2.0,50,1895.442588
-1.0,50,1895.938785
-3.0,50,1896.440614
-2.0,50,1896.933782
-2.0,50,1897.432132
-2.0,50,1897.94153
-3.0,50,1898.449425
-3.0,50,1898.960806
-1.0,50,1899.478022
0.0,50,1900.081438
0.0,50,1900.687133
-3.0,50,1901.267173
-2.0,50,1901.874229
0.0,50,1902.456998
-1.0,50,1903.055725
-2.0,50,1903.627393
0.0,50,1904.225655
-2.0,50,1904.790087
-3.0,50,1905.403099
0.0,50,1905.984768
-2.0,50,1906.503347
-3.0,50,1907.025347
-2.0,50,1907.55105
-2.0,50,1908.07805
-3.0,50,1908.594319
-2.0,50,1909.121242
0.0,50,1909.639541
-1.0,50,1910.154198
-1.0,50,1910.672283
-2.0,50,1911.1953
-1.0,50,1911.693229
0.0,50,1912.192601
-2.0,50,1912.70037
-2.0,50,1913.20949
-3.0,50,1913.720754
-3.0,50,1914.219681
-1.0,50,1914.715507
-2.0,50,1915.22278
0.0,50,1915.728508
-2.0,50,1916.229097
-1.0,50,1916.727256
-4.0,50,1917.236991
0.0,50,1917.747135
-1.0,50,1918.250729
-3.0,50,1918.757477
-3.0,50,1919.265033
-2.0,50,1919.768703
-3.0,50,1920.27113
-3.0,50,1920.778272
-1.0,50,1921.275168
-3.0,50,1921.77866
-2.0,50,1922.277415
-2.0,50,1922.784348
-2.0,50,1923.301395
-3.0,50,1923.811076
-2.0,50,1924.313473
-2.0,50,1924.823429
-2.0,50,1925.338257
-2.0,50,1925.841979
-3.0,50,1926.341387
0.0,50,1926.807369
-2.0,50,1927.230696
0.0,50,1927.657765
-1.0,50,1928.087706
-1.0,50,1928.542557
-2.0,50,1929.041094
-3.0,50,1929.557279
-2.0,50,1930.059936
-1.0,50,1930.563039
-2.0,50,1931.060572
-2.0,50,1931.573159
-2.0,50,1932.07138
-1.0,50,1932.577127
-2.0,50,1933.082292
-3.0,50,1933.595168
-2.0,50,1934.10218
-1.0,50,1934.608227
-3.0,50,1935.118011
-1.0,50,1935.627653
-2.0,50,1936.128392
-3.0,50,1936.637885
-1.0,50,1937.131721
-2.0,50,1937.640987
-1.0,50,1938.147377
-3.0,50,1938.654308
0.0,50,1939.144754
-1.0,50,1939.646441
-2.0,50,1940.145368
0.0,50,1940.644648
0.0,50,1941.139769
-2.0,50,1941.625259
-2.0,50,1942.134992
-3.0,50,1942.628734
-1.0,50,1943.126011
-1.0,50,1943.634682
-3.0,50,1944.142531
-3.0,50,1944.653527
-2.0,50,1945.17112
0.0,50,1945.683029
-1.0,50,1946.189085
-2.0,50,1946.690819
-2.0,50,1947.194535
-2.0,50,1947.702756
-1.0,50,1948.202964
-2.0,50,1948.711009
0.0,50,1949.222979
-2.0,50,1949.724964
-2.0,50,1950.232194
0.0,50,1950.739694
-3.0,50,1951.250798
-2.0,50,1951.755618
-3.0,50,1952.262362
-1.0,50,1952.762602
-1.0,50,1953.268405
-2.0,50,1953.787198
-3.0,50,1954.292958
-2.0,50,1954.799444
-2.0,50,1955.31
-1.0,50,1955.819839
-1.0,50,1956.339208
-1.0,50,1956.855402
-3.0,50,1957.361275
-1.0,50,1957.882153
-2.0,50,1958.403337
-3.0,50,1958.923308
-3.0,50,1959.452202
-2.0,50,1959.97278
-1.0,50,1960.492602
-1.0,50,1960.992417
-2.0,50,1961.495875
-3.0,50,1962.007081
-2.0,50,1962.509274
0.0,50,1963.003502
-3.0,50,1963.510059
-3.0,50,1965.843048
-1.0,50,1966.447109
-1.0,50,1966.988725
-3.0,50,1967.529195
-2.0,50,1968.131455
-1.0,50,1968.694294
-3.0,50,1969.273173
-2.0,50,1969.813695
-2.0,50,1970.386484
-2.0,50,1970.975905
-1.0,50,1971.587305
-3.0,50,1972.102461
-2.0,50,1972.62832
-3.0,50,1973.148769
-2.0,50,1973.660725
-1.0,50,1974.181966
-3.0,50,1974.695763
-3.0,50,1975.215692
-2.0,50,1975.724881
-1.0,50,1976.25165
-2.0,50,1976.767652
-2.0,50,1977.288118
-2.0,50,1977.786685
-2.0,50,1978.28752
-2.0,50,1978.799942
-1.0,50,1979.313686
-3.0,50,1979.817663
-2.0,50,1980.324656
-2.0,50,1980.836728
0.0,50,1981.341151
-2.0,50,1981.840583
-1.0,50,1982.342728
-1.0,50,1982.844585
-2.0,50,1983.354019
-3.0,50,1983.848654
-2.0,50,1984.3592
-2.0,50,1984.859109
-3.0,50,1985.366433
-1.0,50,1985.862462
-3.0,50,1986.366472
-2.0,50,1986.871956
-3.0,50,1987.374218
-3.0,50,1987.888486
-3.0,50,1988.400032
-2.0,50,1988.907016
-1.0,50,1989.427287
-2.0,50,1989.940652
-1.0,50,1990.445755
-2.0,50,1990.946839
-3.0,50,1991.456933
-3.0,50,1991.969078
-1.0,50,1992.469451
-2.0,50,1992.969554
-2.0,50,1993.476784
-3.0,50,1993.97834
-2.0,50,1994.486775
-3.0,50,1994.991709
-3.0,50,1995.484395
-2.0,50,1995.991342
-2.0,50,1996.484426
0.0,50,1996.992521
-2.0,50,1997.494927
-2.0,50,1997.99764
-3.0,50,1998.514274
-3.0,50,1999.020389
-2.0,50,1999.534971
-3.0,50,2000.040625
0.0,50,2000.549805
-2.0,50,2001.054069
-3.0,50,2001.56161
-2.0,50,2002.059148
-2.0,50,2002.557657
-3.0,50,2003.073673
-2.0,50,2003.574499
-3.0,50,2004.087159
-1.0,50,2004.596696
-1.0,50,2005.095665
-1.0,50,2005.595375
-1.0,50,2006.094771
-2.0,50,2006.600867
-3.0,50,2007.094931
-3.0,50,2007.606107
-3.0,50,2008.103099
0.0,50,2008.611262
-2.0,50,2009.110763
-3.0,50,2009.615087
-3.0,50,2010.117685
0.0,50,2010.626872
-2.0,50,2011.145349
-2.0,50,2011.656379
-1.0,50,2012.165049
-3.0,50,2012.675143
-3.0,50,2013.205021
-2.0,50,2013.721954
-2.0,50,2014.261995
-2.0,50,2014.779672
0.0,50,2015.311863
0.0,50,2015.822721
-3.0,50,2016.3191
-2.0,50,2016.83129
-3.0,50,2017.349936
-2.0,50,2017.86273
-3.0,50,2018.370163
-1.0,50,2018.874322
-2.0,50,2019.386179
-1.0,50,2019.900039
-3.0,50,2020.412523
-3.0,50,2020.921081
-1.0,50,2021.437496
-1.0,50,2021.93597
-2.0,50,2022.442692
-2.0,50,2022.947974
-2.0,50,2023.464183
-1.0,50,2023.963774
-1.0,50,2024.468468
-1.0,50,2024.988158
-3.0,50,2025.504992
-1.0,50,2026.016686
-2.0,50,2026.521443
-2.0,50,2027.023537
-2.0,50,2027.528243
-1.0,50,2028.045498
-2.0,50,2028.542935
-3.0,50,2029.043266
-1.0,50,2029.544901
-1.0,50,2029.976488
-2.0,50,2030.407673
-2.0,50,2030.827259
-3.0,50,2031.263387
-1.0,50,2031.770375
0.0,50,2032.356425
-3.0,50,2032.939671
0.0,50,2033.525919
-2.0,50,2034.106672
-3.0,50,2034.692822
-2.0,50,2035.29
-1.0,50,2035.874713
0.0,50,2036.438176
-1.0,50,2036.992019
0.0,50,2037.540118
-2.0,50,2038.135425
-3.0,50,2038.654872
-2.0,50,2039.165982
-2.0,50,2039.683331
-2.0,50,2040.203995
-2.0,50,2040.718607
-2.0,50,2041.228835
-1.0,50,2041.74242
-3.0,50,2042.266958
-3.0,50,2042.777422
-2.0,50,2043.309951
-2.0,50,2043.81516
-3.0,50,2044.323814
0.0,50,2044.826785
-3.0,50,2045.334072
-1.0,50,2045.83606
-2.0,50,2046.342257
-1.0,50,2046.840634
-1.0,50,2047.338475
-2.0,50,2047.843435
-1.0,50,2048.347012
-2.0,50,2048.855068
-3.0,50,2049.355985
-1.0,50,2049.85889
-2.0,50,2050.371859
-2.0,50,2050.8765
-2.0,50,2051.380753
0.0,50,2051.883381
-2.0,50,2052.394322
-2.0,50,2052.895697
-3.0,50,2053.411032
0.0,50,2053.908514
-2.0,50,2054.415613
-1.0,50,2054.914794
-3.0,50,2055.427361
-3.0,50,2055.936224
-1.0,50,2056.436048
-1.0,50,2056.941739
-3.0,50,2057.436896
-2.0,50,2057.925704
-1.0,50,2058.423501
0.0,50,2058.92786
-3.0,50,2059.435189
-2.0,50,2059.938629
-2.0,50,2060.452097
-2.0,50,2060.949955
0.0,50,2061.461699
-1.0,50,2061.957754
-1.0,50,2062.469192
0.0,50,2062.965763
-2.0,50,2063.469242
-3.0,50,2063.970505
-2.0,50,2064.477783
-2.0,50,2064.983246
0.0,50,2065.49013
-1.0,50,2065.996069
-1.0,50,2066.514601
-1.0,50,2067.021021
-1.0,50,2067.534483
-2.0,50,2068.038522
0.0,50,2070.339691
-1.0,50,2070.851674
-3.0,50,2071.362038
-2.0,50,2071.866464
-2.0,50,2072.373881
0.0,50,2072.86995
-1.0,50,2073.369688
-2.0,50,2073.882363
-1.0,50,2074.37876
-1.0,50,2074.8854
-2.0,50,2075.393941
-2.0,50,2075.903131
-2.0,50,2076.413672
0.0,50,2076.905734
0.0,50,2077.407837
-1.0,50,2077.895732
-2.0,50,2078.406389
0.0,50,2078.920643
0.0,50,2079.424689
-1.0,50,2079.923249
-2.0,50,2080.421673
-1.0,50,2080.948861
-1.0,50,2081.459769
-3.0,50,2081.964909
-2.0,50,2082.479516
-3.0,50,2082.983923
-2.0,50,2083.489271
-3.0,50,2084.004457
-2.0,50,2084.531911
-2.0,50,2085.040801
-1.0,50,2085.556065
-3.0,50,2086.089149
-2.0,50,2086.611764
-3.0,50,2087.127049
-3.0,50,2087.635292
0.0,50,2088.147263
-2.0,50,2088.665105
-1.0,50,2089.172572
-2.0,50,2089.680573
-1.0,50,2090.190813
-2.0,50,2090.706093
-2.0,50,2091.218975
-1.0,50,2091.739566
-3.0,50,2092.260417
-2.0,50,2092.774953
-1.0,50,2093.27955
-2.0,50,2093.786891
0.0,50,2094.298528
-3.0,50,2094.825017
-2.0,50,2095.331927
-3.0,50,2095.84579
-1.0,50,2096.368052
-2.0,50,2096.880376
-3.0,50,2097.381258
-2.0,50,2097.88792
-1.0,50,2098.419282
0.0,50,2098.965035
-2.0,50,2099.5345
-2.0,50,2100.081128
-3.0,50,2100.65187
-2.0,50,2101.235833
-1.0,50,2101.785318
-2.0,50,2102.358738
-2.0,50,2102.93452
-2.0,50,2103.484071
-3.0,50,2104.079898
-1.0,50,2104.621741
-2.0,50,2105.136607
-3.0,50,2105.652263
-3.0,50,2106.171041
-2.0,50,2106.694896
-3.0,50,2107.202506
-1.0,50,2107.7338
-1.0,50,2108.383416
-3.0,50,2108.897602
-3.0,50,2109.411299
-2.0,50,2109.92767
-2.0,50,2110.425774
-2.0,50,2110.929898
-2.0,50,2111.443458
-1.0,50,2111.951029
0.0,50,2112.452892
-2.0,50,2112.95234
-2.0,50,2113.455377
0.0,50,2113.956538
-3.0,50,2114.45682
-1.0,50,2114.960402
-3.0,50,2115.457143
-2.0,50,2115.967434
-2.0,50,2116.478907
0.0,50,2116.982292
-1.0,50,2117.480807
-2.0,50,2117.993815
-1.0,50,2118.500112
-2.0,50,2119.008243
-2.0,50,2119.506907
-3.0,50,2120.02355
-2.0,50,2120.522407
-2.0,50,2121.037404
-1.0,50,2121.589
-1.0,50,2122.105484
0.0,50,2122.62544
0.0,50,2123.142185
0.0,50,2123.653733
-2.0,50,2124.173109
-1.0,50,2124.70848
-2.0,50,2125.224496
0.0,50,2125.734986
-2.0,50,2126.250305
-3.0,50,2126.76637
-2.0,50,2127.268136
-2.0,50,2127.767235
-2.0,50,2128.280512
-3.0,50,2128.786186
-3.0,50,2129.287811
-2.0,50,2129.794443
-2.0,50,2130.290904
-3.0,50,2130.799808
-2.0,50,2131.301473
-1.0,50,2131.829561
-3.0,50,2132.329164
-2.0,50,2132.756734
-3.0,50,2133.184492
-3.0,50,2133.60422
-2.0,50,2134.032018
-1.0,50,2134.533772
-1.0,50,2135.038315
-1.0,50,2135.535006
0.0,50,2136.046844
-1.0,50,2136.558458
-2.0,50,2137.085131
-3.0,50,2137.589892
-1.0,50,2138.11991
-1.0,50,2138.619307
0.0,50,2139.121589
-2.0,50,2139.62158
-2.0,50,2140.129322
-3.0,50,2140.633624
-1.0,50,2141.139296
0.0,50,2141.641163
-1.0,50,2142.155339
-2.0,50,2142.671992
-2.0,50,2143.169148
-2.0,50,2143.6704
-2.0,50,2144.171002
-3.0,50,2144.665256
-1.0,50,2145.159615
-1.0,50,2145.660518
0.0,50,2146.161828
-2.0,50,2146.66381
-1.0,50,2147.184451
-3.0,50,2147.687442
-3.0,50,2148.19668
-3.0,50,2148.696913
-1.0,50,2149.202683
-2.0,50,2149.712577
-2.0,50,2150.22677
-3.0,50,2150.727362
-2.0,50,2151.226503
-1.0,50,2151.731863
-1.0,50,2152.253273
-2.0,50,2152.757388
0.0,50,2153.258725
-2.0,50,2153.767288
-1.0,50,2154.271121
-2.0,50,2154.774877
0.0,50,2155.282787
-2.0,50,2155.785681
-2.0,50,2156.290292
-1.0,50,2156.786558
-2.0,50,2157.305495
-3.0,50,2157.814497
-2.0,50,2158.323711
0.0,50,2158.82945
-2.0,50,2159.337693
-2.0,50,2159.841108
-2.0,50,2160.341866
-2.0,50,2160.850916
-3.0,50,2161.353322
-3.0,50,2161.855892
-3.0,50,2162.372375
-3.0,50,2162.88315
-2.0,50,2163.38098
-3.0,50,2163.878616
-2.0,50,2164.383705
-2.0,50,2164.935032
-3.0,50,2165.510344
-3.0,50,2166.063231
-1.0,50,2166.628247
0.0,50,2167.196915
-1.0,50,2167.745437
-2.0,50,2168.275068
-2.0,50,2168.839621
-2.0,50,2169.436974
0.0,50,2170.006894
-3.0,50,2170.562242
0.0,50,2171.088712
-2.0,50,2171.604867
-1.0,50,2172.121151
0.0,50,2172.643526
-3.0,50,2174.952656
-3.0,50,2175.46472
0.0,50,2175.97471
-1.0,50,2176.506466
-2.0,50,2177.016813
-2.0,50,2177.537501
-2.0,50,2178.052702
-2.0,50,2178.571576
-2.0,50,2179.099247
0.0,50,2179.60919
-2.0,50,2180.135974
-2.0,50,2180.648385
-2.0,50,2181.159213
-3.0,50,2181.655829
0.0,50,2182.164328
0.0,50,2182.673902
-1.0,50,2183.185423
-2.0,50,2183.701941
-2.0,50,2184.202733
-1.0,50,2184.706535
-2.0,50,2185.214303
-1.0,50,2185.71754
-1.0,50,2186.223259
-3.0,50,2186.732441
-2.0,50,2187.240142
-2.0,50,2187.752654
-1.0,50,2188.264689
-3.0,50,2188.763297
-2.0,50,2189.265492
-2.0,50,2189.762818
-1.0,50,2190.260211
-3.0,50,2190.751584
-3.0,50,2191.253102
-2.0,50,2191.762747
-3.0,50,2192.265254
-1.0,50,2192.76384
-2.0,50,2193.280412
-1.0,50,2193.78016
-2.0,50,2194.274819
0.0,50,2194.781181
-1.0,50,2195.286125
-2.0,50,2195.778351
0.0,50,2196.28258
-3.0,50,2196.788103
-2.0,50,2197.291605
-2.0,50,2197.792699
-3.0,50,2198.310219
0.0,50,2198.805792
-2.0,50,2199.310753
-2.0,50,2199.814371
0.0,50,2200.315504
-1.0,50,2200.816377
-2.0,50,2201.319761
0.0,50,2201.825611
-2.0,50,2202.339564
-2.0,50,2202.848724
-2.0,50,2203.364988
-2.0,50,2203.860318
0.0,50,2204.361118
-1.0,50,2204.859793
-3.0,50,2205.372155
-2.0,50,2205.876954
-3.0,50,2206.37642
-1.0,50,2206.874564
-3.0,50,2207.38481
-2.0,50,2207.890113
0.0,50,2208.390399
-3.0,50,2208.886732
-1.0,50,2209.396293
-1.0,50,2209.895943
-3.0,50,2210.405833
-1.0,50,2210.905276
-2.0,50,2211.410918
-1.0,50,2211.907598
-1.0,50,2212.425579
-2.0,50,2212.928332
-2.0,50,2213.441026
-3.0,50,2213.954334
-3.0,50,2214.456653
-2.0,50,2214.95181
-2.0,50,2215.465413
-2.0,50,2215.963179
-2.0,50,2216.463737
-2.0,50,2216.965047
-2.0,50,2217.469881
-1.0,50,2217.979738
-2.0,50,2218.488301
0.0,50,2218.990622
-3.0,50,2219.501357
-1.0,50,2220.002443
-2.0,50,2220.502522
0.0,50,2221.003934
-1.0,50,2221.505031
-2.0,50,2222.007655
-1.0,50,2222.5187
-1.0,50,2223.016277
-2.0,50,2223.531387
-2.0,50,2224.036125
-3.0,50,2224.5404
-3.0,50,2225.040607
-2.0,50,2225.544553
-2.0,50,2226.039497
-2.0,50,2226.539099
-3.0,50,2227.036703
-2.0,50,2227.538502
-2.0,50,2228.046628
-2.0,50,2228.553595
-1.0,50,2229.051427
-2.0,50,2229.555935
-2.0,50,2230.062061
-2.0,50,2230.639387
-1.0,50,2231.184356
-2.0,50,2231.825532
-1.0,50,2232.409612
-3.0,50,2233.014808
-2.0,50,2233.603896
0.0,50,2234.153958
-3.0,50,2234.736323
-2.0,50,2235.245187
-3.0,50,2235.66506
-2.0,50,2236.127826
-2.0,50,2236.555995
-3.0,50,2237.042098
-2.0,50,2237.55869
-2.0,50,2238.083785
-3.0,50,2238.60299
-1.0,50,2239.123721
0.0,50,2239.633687
-2.0,50,2240.143136
-3.0,50,2240.658653
-3.0,50,2241.183403
0.0,50,2241.693106
-2.0,50,2242.204389
-2.0,50,2242.69845
-2.0,50,2243.196005
-3.0,50,2243.692288
-1.0,50,2244.208473
-2.0,50,2244.710321
-3.0,50,2245.211664
-3.0,50,2245.710323
0.0,50,2246.210455
-2.0,50,2246.712926
-3.0,50,2247.211627
-3.0,50,2247.716414
-2.0,50,2248.225412
-3.0,50,2248.724133
0.0,50,2249.240483
-3.0,50,2249.742659
-3.0,50,2250.246126
-2.0,50,2250.74775
-2.0,50,2251.246846
0.0,50,2251.750214
-1.0,50,2252.254171
-2.0,50,2252.751379
-2.0,50,2253.256186
-1.0,50,2253.752482
-3.0,50,2254.291749
-1.0,50,2254.79629
-3.0,50,2255.306789
-3.0,50,2255.813414
-3.0,50,2256.336193
-3.0,50,2256.843297
-2.0,50,2257.367066
-2.0,50,2257.875414
-2.0,50,2258.38979
-2.0,50,2258.889129
0.0,50,2259.403936
-2.0,50,2259.906601
-3.0,50,2260.407685
-1.0,50,2260.912407
-1.0,50,2261.418108
-2.0,50,2261.91401
-1.0,50,2262.423533
-3.0,50,2262.921463
-1.0,50,2263.428549
-2.0,50,2263.929928
-1.0,50,2264.449976
-3.0,50,2264.962244
0.0,50,2265.463375
-1.0,50,2265.964181
-2.0,50,2266.464589
-3.0,50,2266.973628
-2.0,50,2267.469449
-4.0,50,2267.966916
-1.0,50,2268.471827
-2.0,50,2268.971666
-2.0,50,2269.488446
-3.0,50,2269.983731
-2.0,50,2270.488333
-3.0,50,2270.999662
-2.0,50,2271.502216
-3.0,50,2272.006883
-1.0,50,2272.511918
-2.0,50,2273.011987
0.0,50,2273.512912
-3.0,50,2274.005457
0.0,50,2274.524385
-3.0,50,2275.02682
-2.0,50,2275.538651
-3.0,50,2276.040732
-2.0,50,2278.28623
-1.0,50,2278.780746
-1.0,50,2279.279788
-3.0,50,2279.808192
-2.0,50,2280.32365
-3.0,50,2280.824206
-1.0,50,2281.328988
-2.0,50,2281.828152
-2.0,50,2282.337126
-2.0,50,2282.846919
0.0,50,2283.35058
0.0,50,2283.852202
-1.0,50,2284.372692
-3.0,50,2284.88541
-1.0,50,2285.41966
-2.0,50,2285.920064
-2.0,50,2286.441618
0.0,50,2286.950665
-2.0,50,2287.485734
0.0,50,2288.003618
-1.0,50,2288.527874
-2.0,50,2289.04621
-1.0,50,2289.590657
-1.0,50,2290.137744
0.0,50,2290.64538
-2.0,50,2291.153129
-2.0,50,2291.658327
-3.0,50,2292.170455
-2.0,50,2292.683746
-3.0,50,2293.188432
-1.0,50,2293.694556
0.0,50,2294.193886
-3.0,50,2294.721847
-2.0,50,2295.236204
-1.0,50,2295.741692
-1.0,50,2296.265939
-1.0,50,2296.804673
-2.0,50,2297.382048
-2.0,50,2297.96759
-2.0,50,2298.54053
-1.0,50,2299.116407
-2.0,50,2299.71325
-2.0,50,2300.295388
0.0,50,2300.857759
-2.0,50,2301.441846
-3.0,50,2302.0503
-2.0,50,2302.589823
-2.0,50,2303.108566
-1.0,50,2303.631284
-1.0,50,2304.142904
-2.0,50,2304.660339
-2.0,50,2305.188893
-1.0,50,2305.712435
-2.0,50,2306.226536
-2.0,50,2306.751668
-3.0,50,2307.263937
-2.0,50,2307.779041
0.0,50,2308.285618
-2.0,50,2308.796794
-2.0,50,2309.294325
-1.0,50,2309.809085
-2.0,50,2310.333797
-1.0,50,2310.835086
-2.0,50,2311.338501
-2.0,50,2311.846426
-2.0,50,2312.35139
-2.0,50,2312.858918
-3.0,50,2313.357254
-1.0,50,2313.866169
0.0,50,2314.366837
0.0,50,2314.872041
0.0,50,2315.387583
0.0,50,2315.900992
-1.0,50,2316.40048
-3.0,50,2316.9054
-1.0,50,2317.412791
-2.0,50,2317.920712
0.0,50,2318.427242
-2.0,50,2318.925744
-1.0,50,2319.424419
-2.0,50,2319.937205
-2.0,50,2320.455288
-2.0,50,2320.967067
-2.0,50,2321.471944
-3.0,50,2321.97706
0.0,50,2322.475135
-2.0,50,2322.976075
-3.0,50,2323.477159
-2.0,50,2323.984677
-3.0,50,2324.484643
-2.0,50,2324.983838
-1.0,50,2325.499588
-2.0,50,2326.005603
0.0,50,2326.505755
-3.0,50,2327.011167
-3.0,50,2327.506739
-3.0,50,2328.013649
-3.0,50,2328.512966
-1.0,50,2329.013475
-1.0,50,2329.515681
-2.0,50,2330.021014
-3.0,50,2330.541561
-2.0,50,2331.053618
0.0,50,2331.557812
-1.0,50,2332.067428
-2.0,50,2332.570072
-3.0,50,2333.074521
-2.0,50,2333.575794
-1.0,50,2334.07923
-1.0,50,2334.589545
-3.0,50,2335.096206
-2.0,50,2335.619522
-2.0,50,2336.132326
-3.0,50,2336.638711
-3.0,50,2337.143113
-3.0,50,2337.642123
-1.0,50,2338.071039
-3.0,50,2338.498051
-3.0,50,2338.921446
-1.0,50,2339.343484
-1.0,50,2339.848001
-1.0,50,2340.348842
-3.0,50,2340.866606
-1.0,50,2341.383309
-1.0,50,2341.895431
-2.0,50,2342.445225
-1.0,50,2342.960503
-2.0,50,2343.470756
-2.0,50,2343.977431
-1.0,50,2344.493098
0.0,50,2345.0016
-2.0,50,2345.513554
-2.0,50,2346.058846
-1.0,50,2346.580247
-2.0,50,2347.087568
-2.0,50,2347.590873
-1.0,50,2348.101589
-3.0,50,2348.603453
-1.0,50,2349.106404
-3.0,50,2349.616793
-2.0,50,2350.13842
-2.0,50,2350.639891
-1.0,50,2351.166085
-3.0,50,2351.678335
-3.0,50,2352.177597
-1.0,50,2352.674833
-1.0,50,2353.175111
-2.0,50,2353.688221
-2.0,50,2354.195604
-2.0,50,2354.691453
-2.0,50,2355.22063
-3.0,50,2355.73014
-2.0,50,2356.249625
-1.0,50,2356.752668
-3.0,50,2357.253962
-1.0,50,2357.758822
-2.0,50,2358.268003
-2.0,50,2358.778709
0.0,50,2359.27551
-2.0,50,2359.779001
-1.0,50,2360.290431
-2.0,50,2360.797923
-1.0,50,2361.320688
-1.0,50,2361.818729
-2.0,50,2362.328403
-2.0,50,2362.836932
-2.0,50,2363.400031
-2.0,50,2363.977371
-2.0,50,2364.574826
0.0,50,2365.114677
-1.0,50,2367.837489
-2.0,50,2368.421937
-2.0,50,2369.004137
-2.0,50,2369.578911
-2.0,50,2370.132749
0.0,50,2370.669842
-2.0,50,2371.198229
-2.0,50,2371.712567
-2.0,50,2372.225752
-2.0,50,2372.742231
-1.0,50,2373.262957
-2.0,50,2373.780825
0.0,50,2374.298521
-2.0,50,2374.811142
-1.0,50,2375.328482
-1.0,50,2375.84045
-2.0,50,2376.354478
0.0,50,2376.85606
-2.0,50,2377.36341
-2.0,50,2377.873719
-1.0,50,2378.377645
-1.0,50,2378.877883
-2.0,50,2379.381714
-1.0,50,2379.889245
-2.0,50,2380.387363
0.0,50,2380.88698
-2.0,50,2381.392723
-3.0,50,2381.88961
-2.0,50,2382.3894
-1.0,50,2382.893806
-3.0,50,2385.15864
-2.0,50,2385.665019
-1.0,50,2386.169968
-2.0,50,2386.670851
0.0,50,2387.17694
-2.0,50,2387.677109
-2.0,50,2388.199173
-2.0,50,2388.72041
-2.0,50,2389.240349
-2.0,50,2389.747422
-2.0,50,2390.253554
-2.0,50,2390.756823
-2.0,50,2391.273941
-2.0,50,2391.768711
-3.0,50,2392.277218
0.0,50,2392.777588
-2.0,50,2393.286113
0.0,50,2393.794658
0.0,50,2394.294685
-2.0,50,2394.798222
-1.0,50,2395.302598
-1.0,50,2395.797369
0.0,50,2396.305999
-2.0,50,2396.806777
-3.0,50,2397.31295
-1.0,50,2397.813459
-1.0,50,2398.340912
-3.0,50,2398.863957
-1.0,50,2399.39377
-1.0,50,2399.898705
-2.0,50,2400.400606
-2.0,50,2400.919029
-1.0,50,2401.428303
-2.0,50,2401.936005
-1.0,50,2402.447448
-1.0,50,2402.984765
-2.0,50,2403.511123
-3.0,50,2404.035586
-1.0,50,2404.539856
-2.0,50,2405.038614
-2.0,50,2405.550526
-1.0,50,2406.052279
-1.0,50,2406.558779
-2.0,50,2407.067321
-3.0,50,2407.579669
-1.0,50,2408.086356
-3.0,50,2408.60544
-3.0,50,2409.108505
-2.0,50,2409.608633
-2.0,50,2410.105182
-1.0,50,2410.598695
-1.0,50,2411.093082
-1.0,50,2411.595839
-3.0,50,2412.092359
-1.0,50,2412.586174
-2.0,50,2413.084991
-2.0,50,2413.586798
0.0,50,2414.089238
-2.0,50,2414.590568
-3.0,50,2415.08722
-1.0,50,2415.596629
-2.0,50,2416.09344
-2.0,50,2416.600679
-1.0,50,2417.102572
-2.0,50,2417.610181
-2.0,50,2418.119964
-2.0,50,2418.62404
-2.0,50,2419.139221
-1.0,50,2419.647598
-3.0,50,2420.144702
-2.0,50,2420.645194
-2.0,50,2421.139874
0.0,50,2421.646759
-2.0,50,2422.149465
-2.0,50,2422.649217
-2.0,50,2423.159634
-1.0,50,2423.667873
-3.0,50,2424.171118
-1.0,50,2424.671551
-3.0,50,2425.172841
-1.0,50,2425.681478
-2.0,50,2426.188805
-3.0,50,2426.695867
-2.0,50,2427.197269
-1.0,50,2427.703473
-2.0,50,2428.200829
-2.0,50,2428.703228
-3.0,50,2429.211546
-1.0,50,2429.721833
-2.0,50,2430.230425
-2.0,50,2430.744403
-1.0,50,2431.312726
0.0,50,2431.903319
0.0,50,2432.473623
-2.0,50,2433.062829
-2.0,50,2433.623978
-2.0,50,2434.224102
-1.0,50,2434.819963
-1.0,50,2435.408964
-3.0,50,2435.976478
-1.0,50,2436.585309
-3.0,50,2437.154727
-1.0,50,2437.668818
0.0,50,2438.187636
0.0,50,2438.709249
-2.0,50,2439.224147
-2.0,50,2439.745526
-3.0,50,2440.252729
-2.0,50,2440.773877
-3.0,50,2441.289709
-1.0,50,2441.803292
-3.0,50,2442.317436
-1.0,50,2442.80265
-2.0,50,2443.235528
-1.0,50,2443.65616
-1.0,50,2444.083362
0.0,50,2444.537554
-2.0,50,2445.040281
-2.0,50,2445.551873
-3.0,50,2446.068689
-2.0,50,2446.563796
-1.0,50,2447.064382
-2.0,50,2447.576052
0.0,50,2448.078545
0.0,50,2448.604353
-1.0,50,2449.109589
-1.0,50,2449.614207
-1.0,50,2450.127742
0.0,50,2450.639112
-1.0,50,2451.140256
-3.0,50,2451.639423
0.0,50,2452.147745
-1.0,50,2452.656093
-2.0,50,2453.157215
-2.0,50,2453.648555
-3.0,50,2454.169239
-2.0,50,2454.685054
-1.0,50,2455.215564
-3.0,50,2455.746882
-2.0,50,2456.26431
-3.0,50,2456.79908
0.0,50,2457.301045
-2.0,50,2457.814891
0.0,50,2458.329791
-1.0,50,2458.826848
-1.0,50,2459.345876
-1.0,50,2459.864345
-2.0,50,2460.381354
-2.0,50,2460.890655
-2.0,50,2461.400019
-1.0,50,2461.901046
-2.0,50,2462.40904
-3.0,50,2462.918451
-1.0,50,2463.419929
0.0,50,2463.926193
-2.0,50,2464.435596
-2.0,50,2464.959882
-2.0,50,2465.45834
-2.0,50,2465.954824
0.0,50,2466.459522
-2.0,50,2466.957691
-2.0,50,2467.463566
-2.0,50,2467.965027
-3.0,50,2468.475302
-3.0,50,2468.98504
-2.0,50,2469.486734
-1.0,50,2469.996632
-2.0,50,2470.507694
0.0,50,2471.01226
-1.0,50,2471.515696
-2.0,50,2472.025385
-1.0,50,2472.526765
-1.0,50,2473.035064
-2.0,50,2473.540645
-2.0,50,2474.048884
-2.0,50,2474.556651
-1.0,50,2475.063601
-1.0,50,2475.570621
-3.0,50,2476.084875
-3.0,50,2476.580205
-2.0,50,2477.096858
-2.0,50,2477.610902
0.0,50,2478.107562
-1.0,50,2478.609695
-2.0,50,2479.121534
-2.0,50,2479.634266
-1.0,50,2480.141813
-3.0,50,2480.647323
-1.0,50,2481.148767
-2.0,50,2481.642574
-2.0,50,2482.144285
-2.0,50,2482.642782
-1.0,50,2483.154943
-2.0,50,2483.653936
-2.0,50,2484.155085
0.0,50,2484.659258
-3.0,50,2485.163849
-2.0,50,2485.681325
-2.0,50,2486.188526
-2.0,50,2486.690528
-3.0,50,2488.956356
-2.0,50,2489.459528
-2.0,50,2489.961546
-3.0,50,2490.483246
-2.0,50,2490.989314
-3.0,50,2491.495761
-3.0,50,2492.008405
0.0,50,2492.511007
-2.0,50,2493.01385
-2.0,50,2493.524737
-3.0,50,2494.020634
-2.0,50,2494.522313
-2.0,50,2495.021653
-2.0,50,2495.53631
-2.0,50,2496.041794
-2.0,50,2496.544446
-1.0,50,2497.069742
-2.0,50,2497.643386
-2.0,50,2498.205554
-3.0,50,2498.840029
0.0,50,2499.400014
-2.0,50,2500.002754
-2.0,50,2500.541346
-1.0,50,2501.101891
-2.0,50,2501.676592
-2.0,50,2502.250365
-1.0,50,2502.838999
0.0,50,2503.394359
-2.0,50,2503.912844
-2.0,50,2504.413509
-2.0,50,2504.924644
-2.0,50,2505.441628
-2.0,50,2505.975406
-2.0,50,2506.486143
-2.0,50,2506.997753
-2.0,50,2507.518736
-3.0,50,2508.041988
-3.0,50,2508.551812
-2.0,50,2509.064391
-2.0,50,2509.584411
-1.0,50,2510.107701
-1.0,50,2510.636483
-1.0,50,2511.16968
-2.0,50,2511.671881
-2.0,50,2512.197001
-1.0,50,2512.69972
-1.0,50,2513.225987
0.0,50,2513.740453
-1.0,50,2514.266402
-3.0,50,2514.770217
-1.0,50,2515.276939
-2.0,50,2515.782027
-3.0,50,2516.311719
-3.0,50,2516.817849
-2.0,50,2517.320677
-2.0,50,2517.819276
-1.0,50,2518.324591
0.0,50,2518.832969
-2.0,50,2519.324449
-2.0,50,2519.836857
-2.0,50,2520.344321
-3.0,50,2520.844422
0.0,50,2521.369263
-1.0,50,2521.871055
-3.0,50,2522.371819
-2.0,50,2522.869847
-3.0,50,2523.372989
-1.0,50,2523.873131
-2.0,50,2524.380187
-1.0,50,2524.891817
-3.0,50,2525.392654
-1.0,50,2525.892571
0.0,50,2526.4148
-1.0,50,2526.907806
-2.0,50,2527.41674
-2.0,50,2527.919925
-2.0,50,2528.423193
-2.0,50,2528.920972
-2.0,50,2529.427493
-2.0,50,2529.93376
-2.0,50,2530.449396
-3.0,50,2530.947019
-1.0,50,2531.463316
-1.0,50,2531.970342
-1.0,50,2532.481607
0.0,50,2532.98293
-2.0,50,2533.49171
-2.0,50,2533.987623
-3.0,50,2534.497515
-2.0,50,2534.997182
-2.0,50,2535.502773
-2.0,50,2535.99961
-1.0,50,2536.52365
-2.0,50,2537.030712
-2.0,50,2537.533213
-1.0,50,2538.037563
-1.0,50,2538.544071
-2.0,50,2539.043342
-3.0,50,2539.544526
-1.0,50,2540.047362
-3.0,50,2540.548093
0.0,50,2541.050424
-2.0,50,2541.574425
-2.0,50,2542.078929
-2.0,50,2542.583074
-1.0,50,2543.080779
-2.0,50,2543.589239
0.0,50,2544.08323
-2.0,50,2544.582311
-3.0,50,2545.081433
-1.0,50,2545.543891
-1.0,50,2545.96259
0.0,50,2546.396417
-2.0,50,2546.834919
-2.0,50,2547.268768
-1.0,50,2547.76591
-2.0,50,2548.262505
-1.0,50,2548.762048
0.0,50,2549.258107
-2.0,50,2549.761505
-1.0,50,2550.265142
-3.0,50,2550.766751
-3.0,50,2551.263599
-3.0,50,2551.780828
-2.0,50,2552.288444
-2.0,50,2552.79014
-3.0,50,2553.294357
-3.0,50,2553.796968
-2.0,50,2554.301416
-3.0,50,2554.803874
-1.0,50,2555.29862
-2.0,50,2555.803185
-2.0,50,2556.317356
-2.0,50,2556.833968
0.0,50,2557.339437
-1.0,50,2557.841971
-1.0,50,2558.342723
0.0,50,2558.852527
-2.0,50,2559.354985
-1.0,50,2559.860113
0.0,50,2560.367785
-2.0,50,2560.867896
-2.0,50,2561.369572
-1.0,50,2561.886159
-3.0,50,2562.397814
-1.0,50,2562.900558
0.0,50,2563.446479
0.0,50,2564.018399
-1.0,50,2564.609835
0.0,50,2565.183123
-3.0,50,2565.788385
0.0,50,2566.382416
-1.0,50,2567.023493
-2.0,50,2567.633347
-2.0,50,2568.221896
-2.0,50,2568.797507
-3.0,50,2569.418111
-3.0,50,2569.988285
-2.0,50,2570.515553
-1.0,50,2571.028162
0.0,50,2571.553961
-2.0,50,2572.079602
-1.0,50,2572.598858
-2.0,50,2573.106869
0.0,50,2573.625749
-2.0,50,2574.148407
-2.0,50,2574.663249
-3.0,50,2575.190509
-2.0,50,2575.698777
-1.0,50,2576.210088
-1.0,50,2576.724358
-1.0,50,2577.242617
-1.0,50,2577.736039
-1.0,50,2578.243982
-2.0,50,2578.749609
-1.0,50,2579.249644
-2.0,50,2579.752558
-2.0,50,2580.255353
-2.0,50,2580.754171
-2.0,50,2581.254751
-2.0,50,2581.771085
-3.0,50,2582.285253
-1.0,50,2582.796191
-2.0,50,2583.294087
-3.0,50,2583.799889
0.0,50,2584.300736
-3.0,50,2584.805047
-1.0,50,2585.306935
-1.0,50,2585.807391
0.0,50,2586.317317
-3.0,50,2586.822281
-1.0,50,2587.348177
0.0,50,2587.862347
0.0,50,2588.364519
-2.0,50,2588.861901
-2.0,50,2589.361435
-3.0,50,2589.870229
-2.0,50,2590.37345
-1.0,50,2590.87751
-2.0,50,2591.379301
