#{"t_start": 1777815202.6365285, "env_id": "FetchReach-v4"}
r,l,t
-50.0,50,0.947702
-50.0,50,0.987767
-46.0,50,1.022807
-50.0,50,1.060869
-49.0,50,1.100941
-50.0,50,1.140004
-50.0,50,1.179207
-50.0,50,1.217974
-50.0,50,1.259059
-50.0,50,1.296814
-50.0,50,1.332846
-50.0,50,1.374401
-50.0,50,1.41308
-50.0,50,1.449697
-46.0,50,1.486856
-50.0,50,1.522906
-50.0,50,1.566987
-50.0,50,1.603049
-50.0,50,1.641707
-50.0,50,1.677799
-50.0,50,1.71786
-50.0,50,1.755911
-50.0,50,1.793014
-50.0,50,1.83273
-50.0,50,1.872787
-50.0,50,1.912938
-50.0,50,1.950997
-50.0,50,1.989142
-50.0,50,2.030849
-50.0,50,2.066909
-50.0,50,2.10307
-50.0,50,2.144227
-50.0,50,2.185292
-50.0,50,2.222926
-50.0,50,2.260984
-50.0,50,2.29708
-50.0,50,2.338721
-50.0,50,2.376778
-50.0,50,2.414377
-50.0,50,2.451931
-50.0,50,2.492124
-50.0,50,2.529722
-50.0,50,2.568794
-50.0,50,2.617678
-50.0,50,2.658737
-50.0,50,2.695296
-50.0,50,2.732472
-50.0,50,2.770079
-50.0,50,2.809737
-50.0,50,2.845277
-50.0,50,2.882326
-50.0,50,2.918921
-50.0,50,2.959984
-50.0,50,3.000709
-50.0,50,3.036774
-50.0,50,3.075322
-49.0,50,3.114475
-50.0,50,3.151553
-50.0,50,3.186733
-50.0,50,3.230801
-50.0,50,3.271862
-50.0,50,3.305983
-50.0,50,3.341679
-50.0,50,3.377731
-50.0,50,3.415948
-50.0,50,3.454488
-50.0,50,3.491084
-50.0,50,3.528679
-50.0,50,3.569738
-50.0,50,3.60436
-50.0,50,3.640912
-50.0,50,3.677964
-50.0,50,3.716111
-50.0,50,3.752728
-50.0,50,3.788797
-50.0,50,3.822838
-43.0,50,3.864395
-44.0,50,3.900041
-49.0,50,3.938103
-50.0,50,3.974218
-48.0,50,4.014369
-45.0,50,4.049926
-50.0,50,4.111159
-50.0,50,4.194502
-50.0,50,4.252785
-50.0,50,4.292357
-50.0,50,4.334145
-50.0,50,4.372732
-50.0,50,4.417963
-50.0,50,4.453003
-50.0,50,4.48778
-50.0,50,4.526836
-50.0,50,4.564382
-50.0,50,4.599976
-50.0,50,4.637575
-50.0,50,4.672763
-50.0,50,4.712957
-50.0,50,4.74958
-48.0,50,4.785204
-50.0,50,4.829807
-50.0,50,7.454239
-47.0,50,8.171932
-50.0,50,8.785332
-50.0,50,9.435243
-50.0,50,10.019813
-50.0,50,10.60192
-50.0,50,11.188012
-50.0,50,11.76977
-50.0,50,12.325916
-50.0,50,12.883261
-50.0,50,13.461762
-50.0,50,14.041814
-50.0,50,14.627924
-50.0,50,15.212947
-50.0,50,15.777767
-50.0,50,16.340839
-50.0,50,16.912844
-50.0,50,17.536822
-50.0,50,18.130941
-50.0,50,18.717844
-50.0,50,19.301825
-50.0,50,19.887002
-50.0,50,20.458719
-50.0,50,21.035316
-50.0,50,21.644234
-50.0,50,22.312969
-50.0,50,22.944331
-50.0,50,23.511987
-50.0,50,24.116123
-50.0,50,24.688821
-50.0,50,25.286429
-50.0,50,25.865734
-50.0,50,26.503354
-50.0,50,27.130959
-50.0,50,27.7397
-50.0,50,28.307931
-50.0,50,28.932971
-50.0,50,29.509836
-50.0,50,30.065145
-50.0,50,30.629671
-50.0,50,31.225472
-50.0,50,31.820947
-50.0,50,32.425979
-50.0,50,32.966665
-39.0,50,33.499743
-45.0,50,34.088052
-50.0,50,34.58894
-50.0,50,35.106338
-48.0,50,35.627126
-50.0,50,36.166341
-50.0,50,36.68423
-45.0,50,37.222965
-50.0,50,37.744383
-50.0,50,38.264248
-50.0,50,38.771779
-50.0,50,39.290976
-50.0,50,39.827061
-50.0,50,40.364264
-50.0,50,40.87878
-45.0,50,41.392842
-47.0,50,41.941935
-50.0,50,42.463108
-49.0,50,42.999726
-50.0,50,43.532702
-50.0,50,44.118755
-50.0,50,44.625865
-50.0,50,45.152903
-50.0,50,45.662974
-40.0,50,46.180953
-48.0,50,46.692703
-50.0,50,47.202825
-50.0,50,47.718618
-50.0,50,48.237072
-50.0,50,48.770801
-50.0,50,49.281055
-50.0,50,49.81741
-50.0,50,50.329032
-50.0,50,50.859915
-50.0,50,51.389909
-50.0,50,51.999792
-50.0,50,52.639946
-50.0,50,53.19971
-50.0,50,53.820859
-50.0,50,54.387862
-50.0,50,54.959857
-50.0,50,55.52431
-50.0,50,56.097993
-50.0,50,56.660969
-50.0,50,57.228907
-50.0,50,57.78175
-50.0,50,58.337986
-50.0,50,58.92607
-39.0,50,59.500997
-50.0,50,60.139958
-50.0,50,60.742833
-50.0,50,61.330699
-50.0,50,61.901731
-50.0,50,62.520446
-50.0,50,63.141938
-50.0,50,63.711846
-50.0,50,65.756949
-48.0,50,66.309792
-50.0,50,66.90784
-50.0,50,67.471968
-50.0,50,68.079973
-50.0,50,68.64796
-50.0,50,69.216777
-50.0,50,69.793061
-50.0,50,70.364404
-50.0,50,70.929476
-50.0,50,71.484181
-50.0,50,72.054483
-48.0,50,72.890835
-50.0,50,73.500829
-50.0,50,74.116093
-50.0,50,74.699887
-49.0,50,75.272032
-50.0,50,75.83824
-50.0,50,76.419169
-50.0,50,76.985719
-49.0,50,77.570878
-46.0,50,78.166905
-50.0,50,78.744359
-50.0,50,79.360906
-50.0,50,79.99889
-50.0,50,80.992679
-50.0,50,81.579998
-47.0,50,82.141443
-50.0,50,82.888865
-50.0,50,83.610945
-50.0,50,84.194454
-46.0,50,84.820865
-50.0,50,85.44894
-50.0,50,86.087892
-45.0,50,86.735465
-50.0,50,87.460716
-48.0,50,88.184303
-50.0,50,88.935266
-50.0,50,89.681916
-50.0,50,90.46014
-50.0,50,91.21271
-50.0,50,91.953018
-50.0,50,92.688627
-50.0,50,93.371703
-50.0,50,94.088869
-50.0,50,94.774454
-50.0,50,95.54828
-49.0,50,96.30449
-50.0,50,97.031885
-50.0,50,97.716286
-42.0,50,98.405729
-50.0,50,99.12978
-50.0,50,99.807819
-50.0,50,100.488802
-50.0,50,101.190984
-50.0,50,101.905976
-40.0,50,102.59338
-50.0,50,103.294488
-50.0,50,103.998176
-50.0,50,104.666803
-50.0,50,105.344134
-50.0,50,106.029032
-50.0,50,106.737746
-48.0,50,107.421145
-50.0,50,108.139933
-49.0,50,108.823001
-50.0,50,109.50087
-50.0,50,110.222877
-50.0,50,110.912913
-50.0,50,111.626618
-50.0,50,112.32075
-50.0,50,113.020833
-47.0,50,113.73779
-50.0,50,114.496718
-50.0,50,115.196724
-50.0,50,115.881996
-50.0,50,116.563572
-50.0,50,117.281781
-50.0,50,117.980793
-50.0,50,118.729893
-39.0,50,119.422692
-50.0,50,120.154276
-50.0,50,120.847863
-50.0,50,121.619962
-50.0,50,122.391698
-50.0,50,123.131459
-50.0,50,123.90425
-50.0,50,124.687988
-50.0,50,125.519761
-50.0,50,126.342191
-50.0,50,127.156897
-49.0,50,128.078707
-50.0,50,128.867572
-50.0,50,129.746022
-50.0,50,130.769633
-50.0,50,131.602923
-50.0,50,132.410914
-48.0,50,133.15175
-50.0,50,133.929924
-50.0,50,134.674365
-50.0,50,138.135461
-50.0,50,138.907819
-50.0,50,139.687997
-50.0,50,140.460827
-50.0,50,141.227866
-50.0,50,141.991861
-50.0,50,142.751861
-50.0,50,143.541942
-49.0,50,144.291929
-50.0,50,145.002941
-50.0,50,145.796818
-50.0,50,146.58794
-50.0,50,147.336719
-50.0,50,148.147716
-50.0,50,148.909724
-48.0,50,149.674594
-50.0,50,150.444222
-48.0,50,151.178585
-46.0,50,151.941706
-50.0,50,152.682933
-50.0,50,153.414401
-50.0,50,154.16275
-50.0,50,154.951725
-50.0,50,155.722124
-50.0,50,156.504563
-50.0,50,157.279932
-50.0,50,158.072253
-50.0,50,158.832896
-50.0,50,159.654382
-50.0,50,160.446733
-48.0,50,161.119978
-50.0,50,161.764664
-49.0,50,162.388275
-50.0,50,163.017716
-49.0,50,163.742158
-50.0,50,164.495038
-50.0,50,165.259911
-50.0,50,166.021821
-50.0,50,166.788868
-50.0,50,167.552955
-50.0,50,168.382933
-50.0,50,169.150084
-50.0,50,169.928882
-50.0,50,170.759757
-50.0,50,171.5762
-50.0,50,172.307959
-50.0,50,173.058833
-50.0,50,173.859908
-50.0,50,174.640779
-50.0,50,175.40999
-50.0,50,176.187461
-50.0,50,176.950916
-50.0,50,177.756828
-50.0,50,178.559951
-50.0,50,179.360784
-50.0,50,180.159856
-50.0,50,180.931928
-50.0,50,181.710786
-50.0,50,182.478404
-50.0,50,183.215169
-50.0,50,183.946494
-50.0,50,184.666723
-50.0,50,185.422997
-50.0,50,186.156874
-50.0,50,186.890718
-50.0,50,187.622809
-49.0,50,188.382017
-50.0,50,189.136779
-50.0,50,189.88358
-50.0,50,190.661978
-50.0,50,191.415103
-50.0,50,192.136985
-50.0,50,192.893374
-50.0,50,193.642881
-50.0,50,194.369873
-50.0,50,195.115381
-50.0,50,195.850956
-50.0,50,196.578753
-50.0,50,197.327908
-50.0,50,198.057928
-50.0,50,198.792938
-50.0,50,199.527862
-50.0,50,200.256078
-50.0,50,200.962803
-50.0,50,201.720755
-50.0,50,202.46542
-50.0,50,203.202945
-50.0,50,203.955388
-50.0,50,204.687975
-50.0,50,205.452965
-50.0,50,206.185831
-50.0,50,206.938495
-50.0,50,207.707815
-50.0,50,208.431227
-50.0,50,209.171718
-50.0,50,210.032439
-50.0,50,210.802863
-50.0,50,211.557892
-50.0,50,212.363144
-50.0,50,213.084398
-50.0,50,216.285897
-50.0,50,217.039964
-50.0,50,217.796829
-50.0,50,218.530002
-50.0,50,219.295811
-50.0,50,220.035069
-50.0,50,220.77188
-50.0,50,221.506979
-50.0,50,222.284451
-50.0,50,223.059821
-50.0,50,223.795721
-50.0,50,224.535228
-50.0,50,225.279754
-50.0,50,226.053086
-50.0,50,226.810935
-50.0,50,227.540376
-50.0,50,228.307147
-50.0,50,229.026595
-50.0,50,229.761765
-50.0,50,230.481953
-50.0,50,231.211768
-50.0,50,231.937755
-50.0,50,232.670916
-50.0,50,233.43277
-50.0,50,234.214478
-50.0,50,234.976674
-50.0,50,235.752993
-50.0,50,236.498851
-50.0,50,237.27695
-50.0,50,238.070736
-50.0,50,238.684357
-50.0,50,239.319765
-50.0,50,239.935492
-50.0,50,240.564832
-50.0,50,241.305736
-50.0,50,242.032064
-50.0,50,242.769903
-50.0,50,243.494431
-50.0,50,244.22319
-50.0,50,244.962731
-48.0,50,245.701954
-50.0,50,246.442961
-50.0,50,247.188916
-50.0,50,247.944217
-50.0,50,248.66745
-50.0,50,249.407817
-50.0,50,250.132793
-50.0,50,250.864808
-50.0,50,251.58448
-50.0,50,252.302876
-50.0,50,253.027949
-50.0,50,253.763286
-50.0,50,254.488833
-50.0,50,255.206803
-50.0,50,255.955735
-50.0,50,256.758629
-50.0,50,257.520784
-50.0,50,258.272333
-50.0,50,259.001931
-50.0,50,259.755923
-50.0,50,260.49293
-50.0,50,261.259993
-49.0,50,261.988057
-50.0,50,262.712857
-50.0,50,263.457859
-50.0,50,264.171571
-50.0,50,264.899818
-48.0,50,265.656852
-50.0,50,266.390803
-50.0,50,267.122002
-50.0,50,267.85297
-50.0,50,268.589096
-50.0,50,269.328973
-50.0,50,270.090588
-50.0,50,270.845149
-50.0,50,271.588953
-50.0,50,272.361793
-50.0,50,273.12069
-50.0,50,273.862721
-50.0,50,274.61576
-50.0,50,275.371834
-50.0,50,276.109547
-50.0,50,276.834225
-50.0,50,277.592804
-50.0,50,278.336709
-50.0,50,279.067814
-50.0,50,279.806904
-50.0,50,280.525123
-50.0,50,281.257744
-50.0,50,282.009858
-50.0,50,282.755994
-50.0,50,283.489987
-50.0,50,284.242814
-50.0,50,284.998501
-50.0,50,285.742931
-50.0,50,286.47976
-50.0,50,287.209836
-50.0,50,287.95441
-50.0,50,288.704637
-50.0,50,289.452782
-50.0,50,292.876622
-50.0,50,293.656792
-50.0,50,294.421343
-50.0,50,295.175924
-50.0,50,295.910806
-50.0,50,296.649868
-50.0,50,297.361713
-50.0,50,298.112155
-50.0,50,298.834196
-50.0,50,299.55794
-50.0,50,300.28784
-50.0,50,301.035774
-50.0,50,301.787793
-50.0,50,302.547721
-50.0,50,303.297914
-50.0,50,304.08173
-50.0,50,304.862894
-50.0,50,305.630394
-50.0,50,306.380618
-50.0,50,307.119967
-50.0,50,307.841961
-50.0,50,308.586874
-50.0,50,309.320404
-50.0,50,310.067661
-50.0,50,310.801991
-50.0,50,311.539865
-50.0,50,312.322421
-50.0,50,313.10279
-50.0,50,313.899812
-49.0,50,314.631844
-50.0,50,315.29445
-50.0,50,315.961604
-50.0,50,316.651879
-50.0,50,317.409877
-50.0,50,318.12889
-50.0,50,318.890765
-50.0,50,319.642715
-50.0,50,320.38792
-50.0,50,321.152815
-50.0,50,321.885995
-48.0,50,322.648405
-50.0,50,323.422293
-50.0,50,324.202871
-50.0,50,324.966404
-50.0,50,325.728826
-50.0,50,326.478987
-47.0,50,327.235465
-49.0,50,328.002759
-50.0,50,328.78543
-50.0,50,329.54872
-50.0,50,330.374397
-48.0,50,331.466642
-50.0,50,332.284386
-50.0,50,333.159596
-50.0,50,333.935097
-50.0,50,334.781981
-50.0,50,336.580852
-50.0,50,338.266879
-50.0,50,339.902985
-50.0,50,341.362796
-48.0,50,343.294354
-50.0,50,344.876844
-50.0,50,346.518909
-50.0,50,348.081797
-50.0,50,349.700978
-50.0,50,351.256205
-50.0,50,352.860723
-48.0,50,354.591777
-50.0,50,355.770005
-50.0,50,356.452854
-50.0,50,357.373509
-50.0,50,358.43649
-50.0,50,359.583076
-50.0,50,360.915456
-50.0,50,362.197938
-50.0,50,363.475918
-45.0,50,364.759443
-50.0,50,366.127921
-50.0,50,367.438991
-50.0,50,368.773247
-50.0,50,370.021881
-50.0,50,371.122897
-50.0,50,372.846934
-50.0,50,374.031199
-50.0,50,375.247806
-48.0,50,376.380052
-50.0,50,377.394404
-50.0,50,378.607754
-50.0,50,379.607871
-50.0,50,380.6329
-50.0,50,381.553703
-50.0,50,382.43291
-50.0,50,383.079067
-50.0,50,383.795485
-50.0,50,385.015181
-50.0,50,386.194339
-50.0,50,386.956836
-50.0,50,387.667034
-45.0,50,388.317965
-48.0,50,388.992003
-50.0,50,391.869478
-50.0,50,392.757964
-50.0,50,393.665286
-50.0,50,394.659247
-50.0,50,395.54198
-50.0,50,396.487803
-50.0,50,397.399203
-50.0,50,398.392789
-44.0,50,399.398925
-50.0,50,400.321921
-50.0,50,401.306219
-50.0,50,402.274249
-50.0,50,403.281779
-50.0,50,404.432035
-50.0,50,405.446068
-50.0,50,406.462924
-50.0,50,407.556884
-50.0,50,408.728862
-23.0,50,409.840958
-50.0,50,411.027312
-50.0,50,411.785911
-45.0,50,412.475981
-50.0,50,414.6918
-50.0,50,415.482145
-50.0,50,416.310669
-50.0,50,417.012913
-50.0,50,417.690346
-19.0,50,418.400921
-43.0,50,419.039985
-50.0,50,419.688264
-50.0,50,421.568758
-50.0,50,422.259811
-50.0,50,423.135757
-50.0,50,425.292103
-50.0,50,427.358998
-50.0,50,429.727727
-50.0,50,432.100602
-50.0,50,434.214189
-50.0,50,435.942963
-50.0,50,437.448953
-50.0,50,438.908047
-50.0,50,440.268644
-50.0,50,441.837795
-50.0,50,443.678995
-50.0,50,445.382999
-48.0,50,446.864331
-32.0,50,448.487882
-50.0,50,450.255934
-48.0,50,452.318883
-44.0,50,454.0068
-50.0,50,455.586971
-50.0,50,457.398153
-50.0,50,458.848662
-50.0,50,460.220065
-50.0,50,461.637273
-50.0,50,463.024341
-50.0,50,464.536143
-50.0,50,465.882017
-1.0,50,467.353177
-45.0,50,469.088843
-47.0,50,471.162808
-49.0,50,472.787934
-50.0,50,474.694435
-50.0,50,476.635166
-26.0,50,478.491287
-50.0,50,480.120081
-50.0,50,481.943399
-50.0,50,483.699828
-50.0,50,485.352793
-44.0,50,486.741502
-34.0,50,489.247958
-50.0,50,490.564387
-50.0,50,492.451899
-50.0,50,494.637917
-50.0,50,496.488097
-50.0,50,498.362939
-50.0,50,500.091872
-16.0,50,501.402833
-50.0,50,502.646873
-44.0,50,503.934539
-26.0,50,505.778881
-50.0,50,508.210933
-44.0,50,510.342809
-50.0,50,512.389838
-50.0,50,514.800861
-50.0,50,516.739809
-30.0,50,518.327977
-50.0,50,519.921983
-50.0,50,521.832728
-50.0,50,523.662752
-50.0,50,525.76585
-50.0,50,528.455486
-8.0,50,530.96437
-50.0,50,533.289812
-50.0,50,535.231749
-44.0,50,537.0768
-50.0,50,539.546087
-50.0,50,541.639388
-50.0,50,543.576149
-50.0,50,545.657937
-50.0,50,556.06312
-50.0,50,558.4818
-43.0,50,560.502746
-50.0,50,562.85999
-50.0,50,565.885915
-50.0,50,569.116605
-12.0,50,572.098783
-50.0,50,575.304281
-31.0,50,578.631873
-50.0,50,581.76683
-49.0,50,584.678728
-20.0,50,587.808788
-42.0,50,590.72209
-50.0,50,592.314406
-42.0,50,593.806972
-50.0,50,596.067061
-50.0,50,597.862582
-26.0,50,599.600282
-50.0,50,601.004424
-50.0,50,602.41975
-50.0,50,603.730775
-50.0,50,605.129859
-50.0,50,606.338892
-2.0,50,607.796981
-20.0,50,609.460421
-50.0,50,611.221385
-50.0,50,613.166425
-50.0,50,614.827809
-50.0,50,617.00879
-50.0,50,619.225918
-39.0,50,621.178867
-50.0,50,623.680017
-50.0,50,625.422958
-50.0,50,626.739784
-50.0,50,627.942976
-3.0,50,629.033261
-50.0,50,630.187789
-32.0,50,630.998815
-50.0,50,631.820771
-9.0,50,632.614417
-50.0,50,633.419789
-50.0,50,634.204379
-13.0,50,635.021851
-33.0,50,635.807967
-2.0,50,638.135866
-50.0,50,641.316027
-40.0,50,644.759485
-39.0,50,646.745881
-44.0,50,648.368715
-50.0,50,650.038969
-50.0,50,651.676885
-50.0,50,653.331807
-50.0,50,654.986313
-50.0,50,656.632895
-50.0,50,658.259963
-7.0,50,660.010963
-41.0,50,661.551767
-50.0,50,662.323129
-50.0,50,663.683318
-50.0,50,664.979345
-50.0,50,666.549152
-50.0,50,668.027844
-18.0,50,669.356936
-50.0,50,670.667909
-50.0,50,672.314279
-7.0,50,673.861032
-50.0,50,675.632275
-50.0,50,677.159129
-26.0,50,678.525844
-50.0,50,679.670085
-50.0,50,680.758974
-37.0,50,683.475829
-50.0,50,686.771857
-50.0,50,689.613249
-50.0,50,692.752998
-50.0,50,696.019286
-42.0,50,697.669849
-50.0,50,699.83465
-48.0,50,702.058998
-50.0,50,704.106812
-43.0,50,706.542954
-47.0,50,708.359958
-35.0,50,710.666418
-50.0,50,712.557848
-50.0,50,714.672112
-31.0,50,716.826455
-50.0,50,718.823328
-15.0,50,720.917773
-50.0,50,723.321393
-50.0,50,725.671972
-45.0,50,727.74002
-50.0,50,730.615914
-50.0,50,733.700886
-30.0,50,736.65699
-50.0,50,739.71089
-50.0,50,742.607888
-47.0,50,745.326899
-50.0,50,748.060207
-50.0,50,750.558743
-50.0,50,752.902832
-50.0,50,762.375958
-50.0,50,764.930947
-35.0,50,767.582849
-33.0,50,770.172747
-32.0,50,772.361286
-48.0,50,775.356045
-24.0,50,778.608966
-34.0,50,781.865344
-50.0,50,785.160361
-46.0,50,788.416826
-42.0,50,790.699831
-16.0,50,793.295244
-44.0,50,795.586145
-19.0,50,797.146955
-45.0,50,798.63801
-50.0,50,800.18286
-31.0,50,801.734309
-50.0,50,803.484225
-29.0,50,805.119888
-29.0,50,806.800806
-50.0,50,808.35286
-50.0,50,810.16537
-50.0,50,811.862497
-50.0,50,813.85359
-50.0,50,816.095373
-30.0,50,818.095212
-42.0,50,819.712172
-50.0,50,821.450982
-50.0,50,823.122894
-48.0,50,825.066874
-47.0,50,828.172296
-50.0,50,830.851914
-17.0,50,833.965115
-22.0,50,836.949022
-37.0,50,839.996816
-50.0,50,843.236825
-13.0,50,846.449996
-19.0,50,849.718026
-15.0,50,852.904453
-23.0,50,856.074306
-17.0,50,859.106587
-45.0,50,860.969027
-50.0,50,863.225292
-18.0,50,865.20907
-50.0,50,866.571359
-35.0,50,867.712866
-3.0,50,868.877781
-44.0,50,870.338785
-50.0,50,871.191238
-50.0,50,871.982001
-20.0,50,872.767787
-49.0,50,873.570427
-5.0,50,874.390919
-16.0,50,875.249257
-50.0,50,877.08924
-50.0,50,880.926613
-10.0,50,884.261274
-45.0,50,886.274316
-49.0,50,887.957993
-50.0,50,889.589464
-50.0,50,891.215757
-50.0,50,892.793338
-7.0,50,894.417165
-30.0,50,896.018103
-50.0,50,897.635486
-50.0,50,899.257951
-36.0,50,900.862706
-50.0,50,902.442902
-22.0,50,904.007939
-9.0,50,905.580829
-22.0,50,907.147915
-40.0,50,908.746759
-50.0,50,910.309114
-28.0,50,911.884278
-18.0,50,913.418609
-44.0,50,915.005292
-50.0,50,916.571935
-50.0,50,918.157949
-14.0,50,919.722969
-24.0,50,921.321632
-50.0,50,922.936879
-50.0,50,924.536601
-11.0,50,926.137797
-40.0,50,927.739557
-50.0,50,929.315128
-41.0,50,930.833206
-50.0,50,932.39874
-50.0,50,933.962755
-20.0,50,935.572853
-50.0,50,937.190731
-50.0,50,938.786895
-23.0,50,940.376049
-3.0,50,941.970986
-50.0,50,943.524448
-12.0,50,945.119928
-9.0,50,946.699988
-35.0,50,948.259628
-47.0,50,949.869976
-23.0,50,951.469807
-20.0,50,953.072953
-38.0,50,960.191038
-27.0,50,961.753085
-50.0,50,963.324419
-38.0,50,964.896691
-37.0,50,966.488993
-43.0,50,968.136289
-37.0,50,969.793356
-15.0,50,971.4789
-17.0,50,973.149851
-50.0,50,974.785991
-2.0,50,976.456699
-21.0,50,978.137357
-50.0,50,979.806437
-2.0,50,981.463219
-37.0,50,983.212739
-38.0,50,984.907918
0.0,50,985.919761
-31.0,50,987.590168
-27.0,50,988.737156
-22.0,50,989.791454
-34.0,50,990.920013
-50.0,50,991.998744
-6.0,50,994.03786
-50.0,50,995.361208
-22.0,50,996.685251
-38.0,50,997.986556
-23.0,50,999.291809
-2.0,50,1000.615028
-13.0,50,1001.9968
-15.0,50,1003.100049
-30.0,50,1004.158913
-3.0,50,1005.529895
-10.0,50,1008.82298
-1.0,50,1011.957094
-49.0,50,1013.94096
-39.0,50,1016.26089
-28.0,50,1018.415889
-22.0,50,1020.59191
-2.0,50,1022.960395
-50.0,50,1024.999936
-2.0,50,1027.462371
-13.0,50,1029.921951
-29.0,50,1031.727971
-10.0,50,1033.36989
-6.0,50,1035.301194
-8.0,50,1037.408745
-12.0,50,1039.666453
0.0,50,1041.363068
-14.0,50,1043.868441
-13.0,50,1045.438899
-5.0,50,1047.274621
-50.0,50,1049.588829
-25.0,50,1051.381435
-2.0,50,1053.02586
-13.0,50,1054.369702
-28.0,50,1055.920988
0.0,50,1057.362942
0.0,50,1060.172385
-3.0,50,1062.069377
-26.0,50,1063.993071
-50.0,50,1065.760862
-19.0,50,1067.238775
-29.0,50,1068.650691
-7.0,50,1070.156501
-13.0,50,1071.679298
-50.0,50,1073.11501
-23.0,50,1074.502858
-7.0,50,1076.171983
-9.0,50,1078.015149
-10.0,50,1080.918773
-3.0,50,1082.748751
-8.0,50,1084.716785
-13.0,50,1086.530863
-18.0,50,1088.971971
-12.0,50,1089.845347
-26.0,50,1091.615083
-49.0,50,1093.33804
-40.0,50,1094.95888
-3.0,50,1096.45686
-43.0,50,1097.899017
-3.0,50,1099.127821
-4.0,50,1100.416865
-4.0,50,1102.068825
-16.0,50,1103.889942
-21.0,50,1105.94094
-49.0,50,1108.169702
-1.0,50,1111.157701
-23.0,50,1113.802385
-38.0,50,1116.047869
-50.0,50,1118.323435
-38.0,50,1120.852988
-2.0,50,1123.02094
-12.0,50,1125.501231
-11.0,50,1127.643158
-9.0,50,1129.987876
-41.0,50,1132.625808
-9.0,50,1135.404415
-3.0,50,1138.371834
-50.0,50,1141.029854
-4.0,50,1144.272707
-9.0,50,1157.250964
-46.0,50,1159.437771
-16.0,50,1160.886396
-2.0,50,1162.430123
-2.0,50,1163.912323
-1.0,50,1165.41516
-3.0,50,1166.909884
0.0,50,1168.272881
-6.0,50,1169.550242
-22.0,50,1171.028967
-37.0,50,1172.459931
-41.0,50,1174.022376
-4.0,50,1175.63267
-6.0,50,1177.169872
-7.0,50,1178.598977
-6.0,50,1180.350809
-2.0,50,1182.386879
-2.0,50,1184.748198
-3.0,50,1187.795921
-1.0,50,1190.919465
-7.0,50,1193.940032
-4.0,50,1196.790877
-2.0,50,1199.616259
-21.0,50,1202.818389
-5.0,50,1205.899176
-3.0,50,1208.468955
-34.0,50,1211.501292
-6.0,50,1214.650773
-1.0,50,1217.944422
-1.0,50,1220.8707
-5.0,50,1224.058767
0.0,50,1227.284264
-1.0,50,1230.332113
-26.0,50,1233.581697
-3.0,50,1236.809745
-7.0,50,1240.010851
-3.0,50,1243.223001
-5.0,50,1246.405489
-3.0,50,1249.446233
-2.0,50,1252.631312
-2.0,50,1255.887001
-3.0,50,1259.132416
-3.0,50,1262.345273
-3.0,50,1265.488004
-2.0,50,1268.452085
-19.0,50,1271.21093
-1.0,50,1273.876712
-11.0,50,1276.648388
0.0,50,1279.241894
-4.0,50,1281.69002
-3.0,50,1284.234439
-4.0,50,1286.963415
-4.0,50,1290.100837
-42.0,50,1293.344618
-29.0,50,1296.537968
-6.0,50,1299.72801
0.0,50,1302.910832
-10.0,50,1306.114408
-3.0,50,1308.569823
-35.0,50,1310.910865
-4.0,50,1312.914218
0.0,50,1314.826664
-5.0,50,1316.418916
-7.0,50,1317.876932
-4.0,50,1319.89804
-6.0,50,1322.590244
-8.0,50,1325.482234
-1.0,50,1327.790109
-3.0,50,1330.008904
-3.0,50,1332.808903
-4.0,50,1335.204225
0.0,50,1337.623202
-15.0,50,1339.430739
-19.0,50,1341.767977
-3.0,50,1344.094441
0.0,50,1346.092936
-1.0,50,1348.492846
-11.0,50,1350.789056
-1.0,50,1353.130938
-13.0,50,1355.651892
-7.0,50,1358.099956
-10.0,50,1360.467907
-9.0,50,1362.685227
0.0,50,1365.808921
-30.0,50,1368.814306
-2.0,50,1371.868029
-3.0,50,1374.818861
-4.0,50,1378.055906
-6.0,50,1381.3336
-15.0,50,1384.588985
-3.0,50,1387.650972
-50.0,50,1390.821056
-19.0,50,1393.768814
0.0,50,1396.927882
-5.0,50,1399.81635
-3.0,50,1402.331842
-6.0,50,1404.627828
-4.0,50,1407.195363
-42.0,50,1409.952999
-2.0,50,1413.055885
-25.0,50,1423.340228
-30.0,50,1425.058989
-5.0,50,1426.471862
-4.0,50,1427.966927
-2.0,50,1429.527268
0.0,50,1431.334254
-5.0,50,1432.919991
-4.0,50,1435.11915
-6.0,50,1436.532272
-4.0,50,1438.277942
-18.0,50,1439.851887
0.0,50,1441.340748
-2.0,50,1443.185841
-1.0,50,1445.468841
-4.0,50,1448.600837
-11.0,50,1451.651978
-6.0,50,1454.539701
-4.0,50,1457.078921
-4.0,50,1459.037905
-5.0,50,1461.318349
-21.0,50,1463.890855
-13.0,50,1466.520292
-1.0,50,1468.777171
-3.0,50,1471.555288
-17.0,50,1474.517689
-50.0,50,1477.190834
0.0,50,1480.292798
-29.0,50,1482.506876
-27.0,50,1484.975742
-4.0,50,1487.227438
-25.0,50,1489.614281
-3.0,50,1492.50794
-23.0,50,1495.374289
-3.0,50,1498.269813
-23.0,50,1501.409862
-4.0,50,1504.525774
-2.0,50,1507.67299
-46.0,50,1510.846904
-28.0,50,1513.377477
-3.0,50,1515.711
-18.0,50,1517.994459
-5.0,50,1519.885278
-14.0,50,1521.565867
-1.0,50,1523.338964
-6.0,50,1525.421881
-5.0,50,1528.095254
-8.0,50,1530.729829
-37.0,50,1533.70865
-2.0,50,1536.725484
-1.0,50,1539.807861
-2.0,50,1542.371772
-3.0,50,1544.84603
-7.0,50,1547.68597
-1.0,50,1550.146864
-48.0,50,1552.466982
-13.0,50,1553.918218
-41.0,50,1555.353325
-1.0,50,1557.063016
-2.0,50,1560.012856
-49.0,50,1563.190864
-4.0,50,1566.364431
-2.0,50,1569.492503
-6.0,50,1572.604434
-20.0,50,1574.774609
-2.0,50,1577.04176
-3.0,50,1579.261622
-22.0,50,1581.347847
-48.0,50,1583.404385
-18.0,50,1585.385925
-1.0,50,1587.265351
-47.0,50,1589.347703
-50.0,50,1591.982916
-10.0,50,1594.778234
-7.0,50,1597.595105
0.0,50,1600.038735
-1.0,50,1602.149769
0.0,50,1604.807767
-2.0,50,1607.603192
-2.0,50,1609.756924
-50.0,50,1612.045947
-15.0,50,1614.31796
-1.0,50,1617.05082
-3.0,50,1620.132768
-5.0,50,1622.942895
-27.0,50,1625.05995
-1.0,50,1626.680967
-1.0,50,1628.272823
-1.0,50,1629.805971
-12.0,50,1631.272941
-43.0,50,1632.93535
-49.0,50,1634.556956
-2.0,50,1636.000859
-34.0,50,1637.839864
0.0,50,1639.825222
-3.0,50,1642.380103
-6.0,50,1645.332928
-11.0,50,1648.107843
-36.0,50,1650.451829
-16.0,50,1652.200987
-9.0,50,1654.103192
-3.0,50,1662.347971
-32.0,50,1664.241951
-2.0,50,1666.106994
-2.0,50,1668.276412
-1.0,50,1670.689851
-1.0,50,1673.608843
-3.0,50,1676.120788
-46.0,50,1678.870849
-47.0,50,1681.913255
-46.0,50,1685.042798
-4.0,50,1687.950898
0.0,50,1690.805161
-17.0,50,1694.008684
-33.0,50,1697.141931
-4.0,50,1700.215811
-2.0,50,1702.727837
-3.0,50,1705.639847
-1.0,50,1708.328995
-1.0,50,1711.595046
0.0,50,1714.792253
-2.0,50,1717.976847
0.0,50,1721.04915
-1.0,50,1724.265414
-49.0,50,1727.429239
-3.0,50,1730.684471
-1.0,50,1733.78704
-1.0,50,1736.911417
-9.0,50,1740.076678
0.0,50,1743.265447
-2.0,50,1746.42278
-1.0,50,1749.645266
0.0,50,1752.899999
-4.0,50,1756.096839
0.0,50,1759.233013
-2.0,50,1762.388805
-2.0,50,1764.458205
-44.0,50,1766.568899
-1.0,50,1768.170797
-2.0,50,1769.986754
-3.0,50,1771.504318
0.0,50,1772.986419
-5.0,50,1774.308801
-47.0,50,1775.491085
-11.0,50,1777.09429
-2.0,50,1778.653001
-39.0,50,1780.502927
-3.0,50,1782.519429
-3.0,50,1784.255248
-4.0,50,1785.625479
-23.0,50,1786.814256
-1.0,50,1787.863224
-33.0,50,1788.890755
-6.0,50,1790.495937
0.0,50,1792.108844
-31.0,50,1793.611921
0.0,50,1795.032417
-44.0,50,1796.984242
-1.0,50,1798.765475
-50.0,50,1800.850888
0.0,50,1802.932976
-3.0,50,1804.862948
-2.0,50,1806.974493
-1.0,50,1808.890005
-3.0,50,1810.810996
-1.0,50,1812.654216
-9.0,50,1814.607007
-11.0,50,1816.328848
-3.0,50,1818.200907
-25.0,50,1820.406871
-2.0,50,1822.658986
-2.0,50,1824.470402
-38.0,50,1825.969925
-2.0,50,1828.068933
-46.0,50,1830.988834
-47.0,50,1833.304497
0.0,50,1836.170043
-2.0,50,1839.002903
-5.0,50,1842.200814
-48.0,50,1845.119195
-14.0,50,1848.304441
-1.0,50,1851.470042
-14.0,50,1854.526832
-3.0,50,1857.515128
-24.0,50,1860.064472
-41.0,50,1862.824267
-3.0,50,1865.284491
-46.0,50,1867.938896
-4.0,50,1870.96002
-3.0,50,1873.746871
0.0,50,1876.744335
-2.0,50,1879.907995
-50.0,50,1882.403125
-2.0,50,1884.165373
-1.0,50,1885.902835
-2.0,50,1887.456062
-5.0,50,1888.821846
-50.0,50,1890.057821
-24.0,50,1891.374918
-5.0,50,1892.77903
-2.0,50,1894.267823
-12.0,50,1901.731842
-11.0,50,1904.076168
-10.0,50,1906.738972
-47.0,50,1909.144476
-41.0,50,1911.318163
-33.0,50,1913.392942
-37.0,50,1916.062752
-15.0,50,1918.429836
-2.0,50,1920.799281
-46.0,50,1923.485297
-38.0,50,1926.015799
-2.0,50,1929.040738
0.0,50,1931.764286
-1.0,50,1934.18688
0.0,50,1936.833109
-1.0,50,1938.930862
-2.0,50,1941.515435
-3.0,50,1944.158979
-16.0,50,1946.964353
-3.0,50,1949.43803
-1.0,50,1952.20969
-2.0,50,1955.389023
-48.0,50,1958.26997
-8.0,50,1961.232963
-3.0,50,1963.48097
0.0,50,1965.26682
-31.0,50,1967.439907
-4.0,50,1970.446643
-36.0,50,1972.728184
-50.0,50,1975.950813
-50.0,50,1979.130818
-3.0,50,1982.317026
-50.0,50,1985.406997
-1.0,50,1988.228885
-2.0,50,1989.892935
-3.0,50,1991.606437
-48.0,50,1993.849685
-48.0,50,1995.811338
-2.0,50,1997.98797
-3.0,50,1999.592208
0.0,50,2000.891786
-1.0,50,2002.284389
-3.0,50,2003.676637
-49.0,50,2005.284448
-18.0,50,2006.643106
-48.0,50,2007.918838
-41.0,50,2009.331295
-3.0,50,2010.958979
-2.0,50,2012.691954
-2.0,50,2014.290823
-2.0,50,2016.459902
-1.0,50,2019.332445
-43.0,50,2022.450339
0.0,50,2025.790421
-8.0,50,2028.979913
-34.0,50,2031.618878
-50.0,50,2034.877903
-38.0,50,2038.05823
-32.0,50,2041.167895
-43.0,50,2044.424477
-20.0,50,2047.523195
-1.0,50,2050.804224
-46.0,50,2053.945437
-3.0,50,2057.088853
-2.0,50,2060.058859
-1.0,50,2063.1928
-1.0,50,2066.176885
-4.0,50,2069.167696
-36.0,50,2072.217856
0.0,50,2075.015399
-11.0,50,2077.879765
-10.0,50,2080.818936
-2.0,50,2082.941841
-2.0,50,2084.896558
-1.0,50,2086.70539
-2.0,50,2088.644234
-3.0,50,2090.926913
-21.0,50,2093.326974
-3.0,50,2095.612884
-3.0,50,2098.130977
-15.0,50,2101.299247
-2.0,50,2104.095033
-6.0,50,2106.155239
-5.0,50,2108.425261
-2.0,50,2110.91976
-3.0,50,2113.567955
-50.0,50,2116.09682
-27.0,50,2118.850814
-2.0,50,2121.897821
-42.0,50,2125.094365
-3.0,50,2128.270814
-48.0,50,2131.446949
-1.0,50,2134.606165
-35.0,50,2137.746746
-42.0,50,2140.710884
-1.0,50,2143.855746
-10.0,50,2146.920917
-17.0,50,2149.172273
-38.0,50,2150.898224
-2.0,50,2152.727798
-1.0,50,2160.102909
-3.0,50,2161.450849
-15.0,50,2162.790949
-3.0,50,2164.265842
-49.0,50,2166.212919
-12.0,50,2167.791947
-50.0,50,2169.590789
-3.0,50,2170.965319
-2.0,50,2172.501125
-2.0,50,2174.012857
-2.0,50,2175.664466
-39.0,50,2177.196971
-3.0,50,2179.068752
-46.0,50,2180.750812
-3.0,50,2182.262328
-50.0,50,2184.32286
-2.0,50,2186.882395
-1.0,50,2189.906069
-49.0,50,2192.055418
-4.0,50,2194.795398
-41.0,50,2197.723046
-29.0,50,2200.96187
-50.0,50,2203.846052
-4.0,50,2205.134321
-12.0,50,2206.656027
-3.0,50,2208.297985
-3.0,50,2209.998828
-3.0,50,2211.438231
-28.0,50,2212.620366
-2.0,50,2213.683021
-3.0,50,2215.440835
-1.0,50,2216.485957
-49.0,50,2217.323027
-3.0,50,2218.116394
-7.0,50,2218.94593
-10.0,50,2219.809433
-3.0,50,2220.746892
-3.0,50,2222.616261
-48.0,50,2226.97086
-22.0,50,2230.045964
-2.0,50,2232.200849
-1.0,50,2233.936179
-3.0,50,2235.669907
-6.0,50,2237.575877
-46.0,50,2239.352999
-48.0,50,2240.167052
-50.0,50,2242.666138
-46.0,50,2244.020904
-3.0,50,2245.775422
0.0,50,2248.412514
0.0,50,2250.411415
-5.0,50,2252.328313
-2.0,50,2254.456803
-11.0,50,2256.070049
-3.0,50,2257.390988
-50.0,50,2259.895765
-7.0,50,2261.409879
-2.0,50,2263.002803
-6.0,50,2264.709113
-1.0,50,2266.55972
-3.0,50,2268.276886
-17.0,50,2270.980758
-4.0,50,2273.72794
-4.0,50,2276.477959
-38.0,50,2279.654909
-47.0,50,2282.964302
-46.0,50,2286.202874
-3.0,50,2289.254425
-1.0,50,2292.505998
-3.0,50,2295.775357
-1.0,50,2298.762253
-2.0,50,2301.338916
-48.0,50,2303.653132
-5.0,50,2305.762841
-6.0,50,2307.665882
-10.0,50,2309.416391
-50.0,50,2311.87697
-46.0,50,2313.644238
-3.0,50,2315.738262
-50.0,50,2317.597893
-4.0,50,2318.989945
-2.0,50,2320.340776
-1.0,50,2321.490747
-50.0,50,2322.645804
-29.0,50,2323.736902
-2.0,50,2324.866083
-50.0,50,2326.236872
-2.0,50,2327.771342
-2.0,50,2329.606634
-6.0,50,2331.037803
-4.0,50,2332.751936
-41.0,50,2334.219891
-10.0,50,2335.685354
-1.0,50,2337.192978
-12.0,50,2338.692864
-1.0,50,2341.02295
-2.0,50,2343.918681
-2.0,50,2346.980687
-48.0,50,2350.23667
-1.0,50,2353.558937
-3.0,50,2366.539898
-2.0,50,2369.204832
-10.0,50,2371.883022
-7.0,50,2374.184482
-3.0,50,2376.777704
-30.0,50,2379.104239
0.0,50,2381.062966
-50.0,50,2382.56291
-3.0,50,2384.079842
-3.0,50,2385.949018
-49.0,50,2387.661956
-6.0,50,2389.332968
-3.0,50,2390.98693
-17.0,50,2393.551867
-4.0,50,2396.737882
-3.0,50,2399.444288
-1.0,50,2401.189533
-12.0,50,2402.736503
-1.0,50,2404.634452
-49.0,50,2406.760798
-46.0,50,2408.201972
-6.0,50,2409.640666
-50.0,50,2410.977974
-3.0,50,2412.242877
-50.0,50,2413.548773
-48.0,50,2414.946103
-2.0,50,2416.35688
-3.0,50,2417.936729
-45.0,50,2419.890986
-50.0,50,2421.615196
-3.0,50,2423.752724
-50.0,50,2425.339849
-21.0,50,2428.535254
-21.0,50,2431.498933
-13.0,50,2434.515973
-14.0,50,2437.652859
-41.0,50,2440.572866
-2.0,50,2443.332106
-4.0,50,2446.189928
-1.0,50,2448.919436
-21.0,50,2450.886873
-50.0,50,2452.446032
-15.0,50,2454.092984
-1.0,50,2456.236048
-46.0,50,2458.463211
-2.0,50,2460.021499
0.0,50,2462.228307
-6.0,50,2463.902872
-2.0,50,2465.707985
-20.0,50,2467.67784
-43.0,50,2469.369999
-46.0,50,2471.097778
-4.0,50,2472.632797
-5.0,50,2474.432395
-5.0,50,2476.165199
-2.0,50,2478.105892
-2.0,50,2479.782913
-47.0,50,2481.586734
-50.0,50,2483.414494
-40.0,50,2486.178854
-3.0,50,2488.695236
-36.0,50,2491.705757
-3.0,50,2493.824427
-5.0,50,2495.625847
-3.0,50,2498.055099
-7.0,50,2499.745406
-50.0,50,2500.94069
-3.0,50,2502.232498
-50.0,50,2503.431355
-3.0,50,2504.635013
-3.0,50,2505.802046
0.0,50,2507.311205
-3.0,50,2509.875107
-20.0,50,2512.638009
-50.0,50,2515.631991
-50.0,50,2518.480939
-3.0,50,2521.287813
0.0,50,2524.119839
-50.0,50,2527.245003
-8.0,50,2529.768095
-46.0,50,2532.097901
-4.0,50,2534.582929
-5.0,50,2536.053157
-50.0,50,2538.244368
-4.0,50,2540.883021
-48.0,50,2543.430765
-49.0,50,2545.367079
-4.0,50,2547.472916
-11.0,50,2549.909983
-19.0,50,2553.00597
-8.0,50,2555.361786
-9.0,50,2558.402765
-14.0,50,2560.35681
0.0,50,2562.673036
-4.0,50,2565.355771
-5.0,50,2568.149837
-4.0,50,2571.381125
-35.0,50,2574.534482
-2.0,50,2577.488669
-23.0,50,2580.510005
-50.0,50,2593.792029
-1.0,50,2596.128997
-11.0,50,2598.581926
-50.0,50,2601.447879
0.0,50,2604.43191
-50.0,50,2607.622212
-3.0,50,2610.796829
-50.0,50,2614.028797
-2.0,50,2616.814251
-49.0,50,2619.83779
-47.0,50,2622.797904
-40.0,50,2625.728883
-8.0,50,2628.268962
-2.0,50,2630.126844
-2.0,50,2632.441829
-6.0,50,2634.544679
-24.0,50,2635.987905
-50.0,50,2637.240999
-50.0,50,2638.409974
-3.0,50,2639.63677
-1.0,50,2641.065916
-48.0,50,2642.446874
-50.0,50,2644.080343
-47.0,50,2645.359898
-39.0,50,2646.926755
-6.0,50,2648.565364
-46.0,50,2649.989228
-1.0,50,2651.686065
-49.0,50,2653.565977
-2.0,50,2655.239729
-47.0,50,2656.551771
0.0,50,2657.879891
-43.0,50,2659.358987
-50.0,50,2661.350606
-50.0,50,2663.385782
-36.0,50,2666.148897
-5.0,50,2669.14214
-17.0,50,2672.086105
-38.0,50,2674.322664
-5.0,50,2676.536093
-4.0,50,2678.510966
-2.0,50,2680.738681
-30.0,50,2682.938959
-3.0,50,2684.968448
-6.0,50,2686.999911
-2.0,50,2688.78299
-3.0,50,2690.792795
-4.0,50,2692.502532
-5.0,50,2694.410137
-48.0,50,2696.062893
-2.0,50,2697.672084
-50.0,50,2699.451
-25.0,50,2701.624918
-6.0,50,2703.969885
-5.0,50,2706.010455
-15.0,50,2708.28441
-20.0,50,2710.109298
-19.0,50,2712.160884
-11.0,50,2714.669947
-2.0,50,2717.524351
-16.0,50,2720.44461
-50.0,50,2723.440144
-5.0,50,2725.451925
-4.0,50,2727.406915
-1.0,50,2728.951848
-37.0,50,2730.856849
-5.0,50,2732.370823
-3.0,50,2733.675927
-50.0,50,2734.892919
-3.0,50,2736.122937
-4.0,50,2737.310842
-2.0,50,2738.607894
-2.0,50,2739.914319
-10.0,50,2741.356043
-4.0,50,2743.715261
-3.0,50,2746.610926
-9.0,50,2749.29781
-44.0,50,2752.078773
-27.0,50,2754.889832
-1.0,50,2757.886985
0.0,50,2760.922414
-3.0,50,2764.057197
-2.0,50,2766.324315
-3.0,50,2768.172921
-50.0,50,2769.781984
-41.0,50,2771.353107
-30.0,50,2772.824316
-8.0,50,2774.435387
-1.0,50,2776.414361
-4.0,50,2778.412872
-3.0,50,2780.184394
-5.0,50,2781.946851
-12.0,50,2783.964653
-34.0,50,2785.86084
-2.0,50,2788.08989
-15.0,50,2790.638803
-5.0,50,2793.211829
-3.0,50,2795.911001
-1.0,50,2798.741283
-21.0,50,2801.7701
-48.0,50,2811.926806
-50.0,50,2813.507843
-3.0,50,2814.877819
0.0,50,2816.172252
-50.0,50,2817.421766
-2.0,50,2818.829931
-7.0,50,2820.132908
-23.0,50,2821.380204
-44.0,50,2822.784472
-4.0,50,2824.392202
-5.0,50,2825.958076
-7.0,50,2827.534448
-1.0,50,2829.706942
-3.0,50,2832.279747
-2.0,50,2834.392221
-28.0,50,2836.341834
-27.0,50,2839.096652
-15.0,50,2841.662025
-36.0,50,2843.552468
0.0,50,2845.816946
-2.0,50,2847.595347
-3.0,50,2849.53546
-3.0,50,2851.150002
-4.0,50,2853.047995
-47.0,50,2855.225842
-9.0,50,2857.846948
0.0,50,2860.794425
-12.0,50,2863.17341
-2.0,50,2865.142722
-12.0,50,2867.595451
-4.0,50,2870.425382
-1.0,50,2873.535803
0.0,50,2876.079845
-27.0,50,2879.220997
-4.0,50,2882.344434
-36.0,50,2885.404242
-41.0,50,2888.442974
-28.0,50,2890.854373
-3.0,50,2894.044379
0.0,50,2896.618945
-21.0,50,2899.276791
-50.0,50,2902.462025
-6.0,50,2904.466871
-21.0,50,2906.71694
-7.0,50,2908.552749
-10.0,50,2910.447947
-3.0,50,2912.321235
-17.0,50,2913.74683
-20.0,50,2915.209983
-48.0,50,2916.812805
-17.0,50,2918.341716
-2.0,50,2919.845704
-46.0,50,2921.668389
-21.0,50,2923.134226
-2.0,50,2926.248808
-6.0,50,2929.485254
-15.0,50,2932.469941
-12.0,50,2935.147887
-6.0,50,2938.26529
-16.0,50,2941.32885
-40.0,50,2944.388919
-12.0,50,2947.324338
-5.0,50,2950.325365
-30.0,50,2953.021943
-4.0,50,2955.995391
-18.0,50,2958.291759
-50.0,50,2961.179893
-50.0,50,2963.505932
-26.0,50,2966.253001
-27.0,50,2969.557037
-5.0,50,2971.541974
-4.0,50,2973.295923
-5.0,50,2974.789922
-2.0,50,2976.804491
-41.0,50,2978.844227
-44.0,50,2980.238485
-21.0,50,2981.491491
-1.0,50,2982.689976
-5.0,50,2983.832446
-2.0,50,2985.133357
-16.0,50,2986.423118
-34.0,50,2987.939183
-50.0,50,2989.32708
-12.0,50,2990.85883
-4.0,50,2992.170878
-8.0,50,2993.656189
-15.0,50,2995.077939
-9.0,50,2996.767797
-39.0,50,2998.372741
-50.0,50,2999.987022
-50.0,50,3001.696239
-2.0,50,3003.573074
-13.0,50,3005.315992
-13.0,50,3008.000881
-8.0,50,3010.678222
-43.0,50,3013.612893
-2.0,50,3015.487818
-3.0,50,3017.515389
-4.0,50,3019.220996
-27.0,50,3021.048124
-19.0,50,3029.870772
-3.0,50,3032.298928
-3.0,50,3034.818913
-2.0,50,3037.479791
-27.0,50,3040.388843
-6.0,50,3043.270088
-11.0,50,3046.239808
0.0,50,3049.234332
-49.0,50,3051.277997
-50.0,50,3054.182949
-41.0,50,3057.390755
-50.0,50,3059.53296
-12.0,50,3061.536802
-3.0,50,3063.427809
-8.0,50,3065.420747
-50.0,50,3067.149998
-9.0,50,3068.367444
-22.0,50,3069.676224
-50.0,50,3070.929794
-6.0,50,3072.180906
-8.0,50,3073.521969
-2.0,50,3074.901928
-50.0,50,3076.430968
-7.0,50,3078.182186
-19.0,50,3079.808926
-30.0,50,3081.29288
-7.0,50,3083.847864
-11.0,50,3086.438854
-3.0,50,3088.726827
-17.0,50,3091.106192
-9.0,50,3092.961911
-10.0,50,3094.962944
-3.0,50,3097.742976
-50.0,50,3100.037865
-4.0,50,3102.680337
-12.0,50,3105.414313
-6.0,50,3108.50021
-12.0,50,3111.524329
-50.0,50,3114.03432
-2.0,50,3116.386785
-45.0,50,3118.40892
-15.0,50,3120.305948
-1.0,50,3122.036673
-8.0,50,3123.767985
-6.0,50,3125.82987
-47.0,50,3127.676475
-9.0,50,3129.647933
-6.0,50,3131.515789
-4.0,50,3133.750987
-30.0,50,3136.217079
-23.0,50,3138.008871
-19.0,50,3140.029875
-44.0,50,3142.472885
-3.0,50,3145.381508
-9.0,50,3148.211212
-2.0,50,3151.499671
-21.0,50,3154.823127
-4.0,50,3158.056823
-15.0,50,3161.112885
-2.0,50,3164.400836
-46.0,50,3167.578058
-4.0,50,3169.285485
-4.0,50,3170.115912
-40.0,50,3170.936537
-50.0,50,3171.793445
-48.0,50,3172.619789
-14.0,50,3173.434375
-2.0,50,3174.236017
-50.0,50,3174.980023
-48.0,50,3175.703397
-24.0,50,3176.467029
-7.0,50,3177.203284
0.0,50,3177.915102
-4.0,50,3178.610867
-19.0,50,3179.332158
-5.0,50,3180.165394
-30.0,50,3181.540948
-9.0,50,3182.976833
-3.0,50,3183.670941
-12.0,50,3184.636874
-49.0,50,3185.73997
-10.0,50,3187.088865
-24.0,50,3189.52915
-42.0,50,3191.626748
-20.0,50,3193.116894
-23.0,50,3194.841271
-16.0,50,3196.268015
-8.0,50,3198.703449
-41.0,50,3201.302825
-1.0,50,3203.176983
-41.0,50,3204.929445
-5.0,50,3206.140923
-50.0,50,3207.575276
-6.0,50,3210.324344
-6.0,50,3212.706625
-1.0,50,3215.710196
-17.0,50,3217.378796
-8.0,50,3219.887914
-29.0,50,3222.633642
-28.0,50,3225.338942
-1.0,50,3236.79295
-41.0,50,3239.42231
-42.0,50,3242.018842
-34.0,50,3244.126321
-18.0,50,3246.675879
-47.0,50,3249.14811
-29.0,50,3251.422825
-2.0,50,3253.489926
-22.0,50,3255.621874
-25.0,50,3258.608779
0.0,50,3261.77993
-2.0,50,3264.971956
-15.0,50,3267.857841
0.0,50,3270.592
-47.0,50,3273.133567
-17.0,50,3276.252098
-19.0,50,3279.479938
-4.0,50,3282.713023
-2.0,50,3285.657925
-7.0,50,3288.470557
-31.0,50,3291.543403
-3.0,50,3294.258765
-2.0,50,3296.857071
-50.0,50,3299.512677
-9.0,50,3302.315924
-16.0,50,3305.396803
-17.0,50,3308.397864
-9.0,50,3311.550882
-7.0,50,3314.768889
-1.0,50,3317.986788
-6.0,50,3321.183132
-6.0,50,3324.342996
-46.0,50,3327.697811
-7.0,50,3330.936672
-30.0,50,3334.216859
-2.0,50,3337.376837
-3.0,50,3340.141858
-10.0,50,3342.986655
-1.0,50,3345.602998
-50.0,50,3347.883626
-1.0,50,3350.352901
-33.0,50,3352.462523
-22.0,50,3355.412719
-14.0,50,3358.165285
-50.0,50,3360.992784
-7.0,50,3363.812852
-22.0,50,3366.23439
-5.0,50,3368.027945
-48.0,50,3371.057845
-3.0,50,3373.58679
-6.0,50,3375.91739
-18.0,50,3378.604449
-3.0,50,3381.842802
-3.0,50,3385.091128
-42.0,50,3388.134266
0.0,50,3391.242897
-11.0,50,3394.55592
-1.0,50,3397.858924
-2.0,50,3401.080159
-6.0,50,3404.080939
-3.0,50,3407.227963
-42.0,50,3409.665886
-11.0,50,3412.118794
-2.0,50,3414.862783
-4.0,50,3417.566078
0.0,50,3419.288313
-14.0,50,3420.929766
-4.0,50,3422.867808
-4.0,50,3424.866542
-50.0,50,3427.395454
-1.0,50,3429.850428
-50.0,50,3432.321125
-2.0,50,3434.781918
-1.0,50,3437.762928
-2.0,50,3440.870806
-45.0,50,3444.211272
-6.0,50,3447.397854
-9.0,50,3450.494919
-4.0,50,3453.78456
-3.0,50,3457.010403
-2.0,50,3459.884237
-1.0,50,3463.041248
-2.0,50,3466.230834
-3.0,50,3469.520071
-31.0,50,3472.183469
-3.0,50,3474.789614
-9.0,50,3477.735398
-5.0,50,3480.567985
-10.0,50,3482.924441
-3.0,50,3485.158783
-2.0,50,3487.360961
-2.0,50,3489.622502
-50.0,50,3492.205403
-3.0,50,3494.407781
-4.0,50,3497.034532
-12.0,50,3499.066964
-12.0,50,3501.236702
-6.0,50,3503.325256
-50.0,50,3505.376746
-47.0,50,3507.497954
