#{"t_start": 1777821915.0475135, "env_id": "FetchPush-v4"}
r,l,t
-50.0,50,1.053722
-50.0,50,1.10291
-50.0,50,1.145911
-50.0,50,1.193032
-50.0,50,1.243032
-50.0,50,1.29003
-50.0,50,1.342032
-50.0,50,1.39803
-50.0,50,1.453112
-50.0,50,1.499112
-50.0,50,1.550113
-50.0,50,1.595113
-50.0,50,1.643114
-50.0,50,1.690111
-50.0,50,1.735112
-50.0,50,1.789112
-50.0,50,1.838112
-50.0,50,1.883112
-50.0,50,1.931113
0.0,1,1.932112
0.0,1,1.936113
-50.0,50,1.981112
-50.0,50,2.025622
-50.0,50,2.069622
-50.0,50,2.120622
-50.0,50,2.165622
-50.0,50,2.213623
-50.0,50,2.257622
-50.0,50,2.305623
-50.0,50,2.350622
-50.0,50,2.395623
-50.0,50,2.443623
-50.0,50,2.490622
-50.0,50,2.537622
-50.0,50,2.586622
-50.0,50,2.631622
-50.0,50,2.679622
-50.0,50,2.723623
-50.0,50,2.769622
-50.0,50,2.815623
-50.0,50,2.863623
0.0,1,2.864621
-50.0,50,2.905623
-50.0,50,2.951622
-50.0,50,2.999623
-50.0,50,3.045622
-50.0,50,3.089622
-50.0,50,3.133622
-50.0,50,3.181977
-50.0,50,3.225975
-50.0,50,3.268975
-50.0,50,3.315251
-50.0,50,3.368251
-50.0,50,3.42825
-50.0,50,3.47625
-50.0,50,3.52125
-50.0,50,3.57025
-50.0,50,3.614249
-50.0,50,3.66325
-50.0,50,3.705513
-50.0,50,3.756513
-50.0,50,3.801512
-50.0,50,3.848513
-50.0,50,3.891511
-50.0,50,3.938511
-50.0,50,3.999515
-50.0,50,4.046512
-50.0,50,4.133512
-50.0,50,4.220513
0.0,1,4.222512
0.0,1,4.225513
-50.0,50,4.283514
-50.0,50,4.339512
-50.0,50,4.392023
0.0,1,4.394023
0.0,1,4.396022
-50.0,50,4.447025
-50.0,50,4.494023
-50.0,50,4.560023
-50.0,50,4.665023
-50.0,50,4.756198
-50.0,50,4.815199
-50.0,50,4.861197
-50.0,50,4.910197
-50.0,50,4.961198
-50.0,50,5.009197
-50.0,50,5.054198
-50.0,50,5.100621
-50.0,50,5.182621
-50.0,50,5.226619
-50.0,50,5.27262
-50.0,50,5.319621
-50.0,50,5.36962
-50.0,50,5.41962
-50.0,50,5.464619
-50.0,50,5.51862
-50.0,50,5.564622
-50.0,50,5.616251
-50.0,50,5.66425
-50.0,50,5.70648
0.0,1,5.71148
-50.0,50,5.755478
-50.0,50,5.800709
-50.0,50,5.863708
-50.0,50,5.914708
-50.0,50,5.959707
-50.0,50,6.006709
-50.0,50,6.420764
-50.0,50,7.149882
-50.0,50,7.862469
-50.0,50,8.578978
-50.0,50,9.315699
-50.0,50,10.116694
0.0,1,10.132694
-50.0,50,10.912345
-50.0,50,11.718256
-50.0,50,12.608012
-50.0,50,13.48101
-50.0,50,14.307643
-50.0,50,15.098149
0.0,1,15.11815
-50.0,50,16.028833
-50.0,50,16.837825
-50.0,50,17.623874
0.0,1,17.643875
-50.0,50,18.457897
-50.0,50,19.255896
-50.0,50,20.01507
-50.0,50,20.82058
-50.0,50,21.600232
-50.0,50,22.443943
-50.0,50,23.224634
-50.0,50,24.026635
-50.0,50,24.837516
-50.0,50,25.620081
-50.0,50,26.400576
-50.0,50,27.197564
-50.0,50,28.026137
-50.0,50,28.806577
0.0,1,28.822576
-50.0,50,29.725188
-50.0,50,30.531785
-50.0,50,31.291962
-50.0,50,32.071703
-50.0,50,32.975295
-50.0,50,33.752927
-50.0,50,34.496085
-50.0,50,35.261873
-50.0,50,36.125799
-50.0,50,36.924354
-50.0,50,37.671862
-50.0,50,38.456372
-50.0,50,39.264798
-50.0,50,40.153801
-50.0,50,40.912902
0.0,1,40.930903
-50.0,50,41.725902
-50.0,50,42.544193
-50.0,50,43.296826
-50.0,50,44.051404
0.0,1,44.071402
-50.0,50,44.851362
-50.0,50,45.672545
-50.0,50,46.429545
-50.0,50,47.231623
-50.0,50,48.027213
-50.0,50,48.805447
-50.0,50,49.56893
-50.0,50,50.374637
-50.0,50,51.208615
-50.0,50,52.043962
-50.0,50,52.878712
-50.0,50,53.717695
-50.0,50,54.515253
-50.0,50,55.279217
-50.0,50,56.040728
-50.0,50,56.839052
-50.0,50,57.646547
-50.0,50,58.393498
-50.0,50,59.146689
-50.0,50,59.965499
-50.0,50,60.774617
-50.0,50,61.531617
-50.0,50,62.307663
-50.0,50,63.184467
0.0,1,63.206467
-50.0,50,64.025484
-50.0,50,64.780909
-50.0,50,65.578419
-50.0,50,66.369807
-50.0,50,67.119066
-50.0,50,67.877466
-50.0,50,68.672979
-50.0,50,69.470298
-50.0,50,70.247486
-50.0,50,71.004489
-50.0,50,71.782111
-50.0,50,72.756863
-50.0,50,73.506727
-50.0,50,74.269906
-50.0,50,75.057081
-50.0,50,75.867758
0.0,1,75.889758
-50.0,50,76.7246
-50.0,50,77.560886
-50.0,50,78.32582
-50.0,50,79.088444
-50.0,50,79.839218
-50.0,50,80.659309
-50.0,50,81.489818
-50.0,50,82.268817
-50.0,50,83.065711
-50.0,50,83.937787
0.0,1,83.955788
-50.0,50,84.844787
-50.0,50,85.629799
-50.0,50,88.984984
-50.0,50,89.780177
-50.0,50,90.627485
0.0,1,90.644485
-50.0,50,91.416507
-50.0,50,92.346176
-50.0,50,93.113435
-50.0,50,93.888941
-50.0,50,94.747863
-50.0,50,95.584495
-50.0,50,96.349807
-50.0,50,97.169069
-50.0,50,98.008693
-50.0,50,98.796126
-50.0,50,99.577627
-50.0,50,100.3514
-50.0,50,101.149401
-50.0,50,102.026478
0.0,1,102.043478
0.0,1,102.059478
-50.0,50,102.839987
-50.0,50,103.680921
-50.0,50,104.444376
-50.0,50,105.226506
-50.0,50,106.053956
-50.0,50,106.851955
-50.0,50,107.607957
-50.0,50,108.419757
-50.0,50,109.203106
-50.0,50,110.007297
-50.0,50,110.765803
0.0,1,110.781803
-50.0,50,111.559407
-50.0,50,112.359397
-50.0,50,113.186196
-50.0,50,114.007331
-50.0,50,114.800993
-50.0,50,115.594731
-50.0,50,116.344013
-50.0,50,117.120734
-50.0,50,117.972127
-50.0,50,118.846994
-50.0,50,119.618997
-50.0,50,120.420642
-50.0,50,121.242511
-50.0,50,122.057031
-50.0,50,122.809886
-50.0,50,123.564301
0.0,1,123.58358
-50.0,50,124.383579
-50.0,50,125.167264
-50.0,50,125.935146
-50.0,50,126.710525
-50.0,50,127.566699
-50.0,50,128.353313
-50.0,50,129.118074
-50.0,50,129.885337
-50.0,50,130.685106
-50.0,50,131.524107
-50.0,50,132.302865
-50.0,50,133.093291
-50.0,50,133.86929
-50.0,50,134.640152
-50.0,50,135.424659
-50.0,50,136.191659
-50.0,50,136.95847
-50.0,50,137.721246
-50.0,50,138.492663
-50.0,50,139.278405
-50.0,50,140.13026
-50.0,50,140.903222
-50.0,50,141.647884
-50.0,50,142.407794
-50.0,50,143.183162
-50.0,50,143.947273
-50.0,50,144.726947
-50.0,50,145.50441
-50.0,50,146.274282
-50.0,50,147.033141
-50.0,50,147.837704
-50.0,50,148.611619
-50.0,50,149.381128
-50.0,50,150.17564
-50.0,50,150.987908
-50.0,50,151.764881
-50.0,50,152.541014
0.0,1,152.56952
-50.0,50,153.328046
-50.0,50,154.130839
-50.0,50,154.925733
-50.0,50,155.7743
-50.0,50,156.571329
0.0,1,156.592331
-50.0,50,157.392182
-50.0,50,158.264293
-50.0,50,159.0358
-50.0,50,159.837508
-50.0,50,160.666424
-50.0,50,161.431707
-50.0,50,162.193217
-50.0,50,162.985304
-50.0,50,163.778895
-50.0,50,164.58508
-50.0,50,165.363082
-50.0,50,166.14421
-50.0,50,166.939719
-50.0,50,167.733435
-50.0,50,168.474437
-50.0,50,169.182083
-50.0,50,169.87562
-50.0,50,170.569475
-50.0,50,171.293053
-50.0,50,172.132256
-50.0,50,172.934755
-50.0,50,173.717855
-50.0,50,174.523937
-50.0,50,175.32912
-50.0,50,176.092726
-50.0,50,176.877493
-50.0,50,177.656001
-50.0,50,178.499735
-50.0,50,179.286779
-50.0,50,180.035446
-50.0,50,180.813424
-50.0,50,181.644876
-50.0,50,182.454762
-50.0,50,183.203835
0.0,1,183.220833
-50.0,50,184.025833
-50.0,50,184.906345
-50.0,50,185.744947
-50.0,50,186.561156
-50.0,50,187.406156
-50.0,50,188.185876
-50.0,50,188.958617
-50.0,50,189.755165
-50.0,50,190.54022
-50.0,50,191.297852
-50.0,50,192.086139
-50.0,50,192.866601
-50.0,50,193.655393
-50.0,50,194.50993
-50.0,50,195.298597
-50.0,50,196.091677
-50.0,50,196.88753
-50.0,50,197.662075
-50.0,50,198.460697
-50.0,50,199.24885
-50.0,50,200.032068
0.0,1,200.052069
-50.0,50,200.888579
-50.0,50,201.655166
-50.0,50,202.437255
-50.0,50,203.236725
-50.0,50,204.054619
-50.0,50,204.847947
-50.0,50,205.64202
-50.0,50,206.424834
-50.0,50,207.244835
-50.0,50,208.046485
-50.0,50,208.827367
-50.0,50,209.609701
-50.0,50,210.392206
-50.0,50,211.235716
-50.0,50,212.043598
-50.0,50,212.861598
-50.0,50,213.637106
-50.0,50,214.419839
-50.0,50,215.203838
-50.0,50,215.981561
-50.0,50,216.811007
-50.0,50,217.596096
-50.0,50,218.375144
-50.0,50,219.220731
-50.0,50,220.097522
-50.0,50,220.958002
-50.0,50,221.762655
-50.0,50,222.577612
-50.0,50,223.430851
-50.0,50,224.215093
-50.0,50,224.996704
-50.0,50,225.787705
-50.0,50,226.565498
-50.0,50,227.396761
-50.0,50,228.198187
-50.0,50,228.974199
-50.0,50,229.740505
-50.0,50,230.524072
-50.0,50,231.317848
0.0,1,231.335848
-50.0,50,232.106625
-50.0,50,232.915001
-50.0,50,233.710982
-50.0,50,234.4972
-50.0,50,235.277527
-50.0,50,236.069501
-50.0,50,236.86506
-50.0,50,237.619969
-50.0,50,238.396832
0.0,1,238.411831
-50.0,50,239.302722
0.0,1,239.319721
-50.0,50,240.102872
-50.0,50,240.880872
-50.0,50,241.702945
-50.0,50,242.494737
-50.0,50,243.26791
-50.0,50,244.052031
-50.0,50,244.857538
-50.0,50,245.667539
-50.0,50,246.464577
-50.0,50,247.237312
-50.0,50,250.683495
-50.0,50,251.380507
-50.0,50,252.093097
-50.0,50,252.861609
-50.0,50,253.652096
-50.0,50,254.452051
0.0,1,254.478052
-50.0,50,255.26456
-50.0,50,256.130561
-50.0,50,256.933191
-50.0,50,257.73609
-50.0,50,258.540649
-50.0,50,259.311649
-35.0,36,259.873422
-50.0,50,260.642606
0.0,1,260.656607
0.0,1,260.676606
-50.0,50,261.451125
0.0,1,261.469124
-50.0,50,262.254447
0.0,1,262.274587
-50.0,50,263.056913
-50.0,50,263.829124
-50.0,50,264.618863
-50.0,50,265.394961
0.0,1,265.410947
-50.0,50,266.222885
-50.0,50,267.015186
-50.0,50,267.847021
-50.0,50,268.663625
-50.0,50,269.472389
-50.0,50,270.318657
-50.0,50,271.098658
-50.0,50,271.995081
-50.0,50,272.798752
-50.0,50,273.654555
-50.0,50,274.467206
-50.0,50,275.228991
-50.0,50,276.002689
-50.0,50,276.803001
0.0,1,276.823002
-50.0,50,277.610837
-50.0,50,278.383706
-50.0,50,279.180706
-50.0,50,279.970349
-50.0,50,280.753156
-50.0,50,281.52888
-50.0,50,282.30693
-50.0,50,283.131748
-50.0,50,283.943743
-50.0,50,284.705864
-50.0,50,285.47337
-50.0,50,286.258819
-50.0,50,287.051965
-50.0,50,287.847888
-50.0,50,288.615533
-50.0,50,289.435637
-50.0,50,290.219562
-50.0,50,291.073072
-50.0,50,291.855411
-50.0,50,292.650255
-50.0,50,293.445702
-50.0,50,294.205157
-50.0,50,294.99192
-50.0,50,295.757342
-50.0,50,296.568466
-50.0,50,297.367544
-50.0,50,298.13224
-50.0,50,298.91624
-50.0,50,299.730987
-50.0,50,300.503743
-50.0,50,301.251745
-50.0,50,302.026254
-50.0,50,302.809761
-50.0,50,303.59876
-50.0,50,304.379807
-50.0,50,305.159829
-50.0,50,305.947828
-50.0,50,306.697171
0.0,1,306.71317
-50.0,50,307.487714
-50.0,50,308.239002
-50.0,50,309.02579
-50.0,50,309.798476
-50.0,50,310.581646
-50.0,50,311.339265
-50.0,50,312.110428
-50.0,50,312.880651
-50.0,50,313.645253
-50.0,50,314.428569
-50.0,50,315.188569
-50.0,50,315.951931
-50.0,50,316.700662
-50.0,50,317.47485
0.0,1,317.48985
-50.0,50,318.255728
-50.0,50,319.028809
-50.0,50,319.800972
-50.0,50,320.570059
-50.0,50,321.336108
-50.0,50,322.215107
-50.0,50,322.987616
-50.0,50,323.799614
-50.0,50,324.559613
-50.0,50,325.368858
-50.0,50,326.150366
-50.0,50,326.974865
-50.0,50,327.862969
-50.0,50,328.629812
-50.0,50,329.540769
-50.0,50,330.31594
-50.0,50,331.060522
-50.0,50,331.776214
-50.0,50,332.471789
-50.0,50,333.172685
-50.0,50,333.910184
-50.0,50,334.78589
-50.0,50,335.57959
-50.0,50,336.35059
-50.0,50,337.140787
-50.0,50,337.97498
-50.0,50,338.748608
-50.0,50,339.506752
-50.0,50,340.284261
0.0,1,340.305261
-50.0,50,341.078059
-50.0,50,341.83389
-50.0,50,342.637621
-50.0,50,343.484883
-50.0,50,344.36802
-50.0,50,345.166154
-50.0,50,345.941818
-50.0,50,346.7243
-50.0,50,347.52081
-50.0,50,348.456623
-50.0,50,349.254478
-50.0,50,350.098046
-50.0,50,350.87569
-50.0,50,351.662371
-50.0,50,352.414173
-50.0,50,353.195937
-50.0,50,354.038824
-50.0,50,354.805031
-50.0,50,355.578539
-50.0,50,356.367527
-50.0,50,357.140527
-50.0,50,357.908247
-50.0,50,358.683934
-50.0,50,359.474173
-50.0,50,360.249086
-50.0,50,361.021022
-50.0,50,361.815351
-50.0,50,362.608954
-50.0,50,363.385878
-50.0,50,364.168148
-50.0,50,364.932117
-50.0,50,365.746964
-50.0,50,366.68961
-50.0,50,367.531609
-50.0,50,368.412122
-50.0,50,369.233631
-50.0,50,370.044796
-50.0,50,370.816649
-50.0,50,371.611477
-50.0,50,372.548445
-50.0,50,373.449711
-50.0,50,374.317369
0.0,1,374.33437
-50.0,50,375.165023
-50.0,50,375.963025
-50.0,50,376.788098
-50.0,50,377.651689
-50.0,50,378.488314
-50.0,50,379.459948
-50.0,50,380.23449
-50.0,50,381.024833
-50.0,50,381.818341
-50.0,50,382.707759
-50.0,50,383.495731
-50.0,50,384.274564
-50.0,50,385.056107
-50.0,50,385.835731
-50.0,50,386.625015
0.0,1,386.643016
-50.0,50,387.445194
-50.0,50,388.204116
-50.0,50,388.977623
-50.0,50,389.751622
-50.0,50,390.550364
-50.0,50,391.36546
-50.0,50,392.172972
-50.0,50,392.98595
-50.0,50,393.797109
-50.0,50,394.619466
0.0,1,394.635464
-50.0,50,395.457019
-50.0,50,396.261641
-50.0,50,397.011473
-50.0,50,397.806872
-50.0,50,398.589378
-50.0,50,399.406123
-50.0,50,400.221123
-50.0,50,401.001057
-50.0,50,401.800837
-50.0,50,402.638417
-50.0,50,403.414514
-50.0,50,404.222192
-50.0,50,405.017337
-50.0,50,405.800205
-50.0,50,406.651666
-50.0,50,407.4726
-50.0,50,408.333945
-50.0,50,409.1943
-50.0,50,412.675344
-50.0,50,413.441397
-50.0,50,414.185524
-50.0,50,414.911571
-50.0,50,415.611462
-50.0,50,416.339695
-50.0,50,417.20975
-50.0,50,417.846259
-50.0,50,418.467366
-50.0,50,419.105999
-50.0,50,419.739998
-50.0,50,420.386506
-50.0,50,421.007505
-50.0,50,421.632324
-50.0,50,422.274322
-50.0,50,423.03083
-50.0,50,423.672019
-50.0,50,424.330294
-50.0,50,425.036805
-50.0,50,425.687804
-50.0,50,426.351313
-50.0,50,427.019414
-50.0,50,427.662417
-50.0,50,428.343874
-50.0,50,429.045874
-50.0,50,429.726382
-50.0,50,430.370382
-50.0,50,431.016148
-50.0,50,431.674657
-50.0,50,432.35045
-50.0,50,432.999959
-50.0,50,433.65396
-50.0,50,434.431472
-50.0,50,435.085982
-50.0,50,435.752982
-50.0,50,436.463489
-50.0,50,437.142492
-50.0,50,437.798198
-50.0,50,438.476743
-50.0,50,439.148251
-50.0,50,439.827759
-50.0,50,440.493762
0.0,1,440.510758
-50.0,50,441.279275
-50.0,50,441.921275
-50.0,50,442.570783
-50.0,50,443.225292
-50.0,50,443.924293
-50.0,50,444.6328
-50.0,50,445.2968
-50.0,50,445.943313
-50.0,50,446.593311
-50.0,50,447.276818
-50.0,50,447.932328
0.0,1,447.946327
-50.0,50,448.596328
-50.0,50,449.272839
-50.0,50,449.947838
-50.0,50,450.648619
0.0,1,450.665731
-50.0,50,451.533153
-50.0,50,452.238153
-50.0,50,452.922811
-50.0,50,453.58425
-50.0,50,454.240985
-50.0,50,454.870053
-50.0,50,455.49818
-50.0,50,456.160325
-50.0,50,456.787325
-50.0,50,457.412178
0.0,1,457.431178
-50.0,50,458.074427
-50.0,50,458.785873
-50.0,50,459.540383
-50.0,50,460.266785
-50.0,50,460.96046
-50.0,50,461.627115
-50.0,50,462.298919
-50.0,50,463.056428
-50.0,50,463.752648
-50.0,50,464.410454
-50.0,50,465.064869
-50.0,50,465.775487
0.0,1,465.792486
-50.0,50,466.387486
-50.0,50,466.953997
-50.0,50,467.451998
-50.0,50,467.97251
0.0,1,467.983512
-50.0,50,468.461512
-50.0,50,468.946019
-50.0,50,469.518178
-50.0,50,470.08799
-50.0,50,470.554989
-50.0,50,471.015989
-50.0,50,471.512496
-50.0,50,471.998498
-50.0,50,472.535006
-50.0,50,473.009007
-50.0,50,473.487516
-50.0,50,473.977517
-50.0,50,474.484516
-50.0,50,474.998026
-50.0,50,475.514025
-50.0,50,476.013538
-50.0,50,476.508537
-50.0,50,477.015045
-50.0,50,477.508047
-50.0,50,478.000552
-50.0,50,478.494552
-50.0,50,478.992553
-50.0,50,479.488061
-50.0,50,479.990059
-50.0,50,480.496569
-50.0,50,480.979571
-50.0,50,481.441079
-50.0,50,481.897078
-50.0,50,482.353078
-50.0,50,482.842586
-50.0,50,483.368586
-50.0,50,483.844093
0.0,1,483.855096
-50.0,50,484.359095
0.0,1,484.374094
-50.0,50,484.848602
-50.0,50,485.390601
-50.0,50,485.841604
-50.0,50,486.33311
-50.0,50,486.792111
-50.0,50,487.273932
-50.0,50,487.744068
-50.0,50,488.229172
-50.0,50,488.710763
-50.0,50,489.180761
-50.0,50,489.64032
-50.0,50,490.13432
-50.0,50,490.627827
-50.0,50,491.088827
-50.0,50,491.54883
-50.0,50,492.037598
-50.0,50,492.496597
-50.0,50,492.957157
-50.0,50,493.43636
-50.0,50,493.883469
-50.0,50,494.353038
-50.0,50,494.812259
-50.0,50,495.27432
-50.0,50,495.756058
-50.0,50,496.250057
0.0,1,496.262058
-50.0,50,496.737838
-50.0,50,497.229208
-50.0,50,497.701716
-50.0,50,498.162292
-50.0,50,498.607291
0.0,1,498.620291
0.0,1,498.629292
-50.0,50,499.127923
-50.0,50,499.590101
0.0,1,499.602101
-50.0,50,500.163898
-50.0,50,500.650304
-50.0,50,501.155921
-50.0,50,501.64642
-50.0,50,502.105505
-50.0,50,502.579157
-50.0,50,503.052278
0.0,1,503.06533
-50.0,50,503.542035
-50.0,50,504.019314
-50.0,50,504.480452
-50.0,50,504.954965
-50.0,50,505.418963
-50.0,50,505.878653
-50.0,50,506.331882
-50.0,50,506.789943
-50.0,50,507.284569
-50.0,50,507.72784
-50.0,50,508.216488
-50.0,50,508.704751
-50.0,50,509.190919
-50.0,50,509.649987
-50.0,50,510.121081
-50.0,50,510.644594
-50.0,50,511.115592
-50.0,50,511.609179
-50.0,50,512.065378
-50.0,50,512.558262
0.0,1,512.569262
-50.0,50,513.041459
-50.0,50,513.515459
-50.0,50,513.991259
-50.0,50,514.468733
-50.0,50,514.92541
-50.0,50,515.397579
-50.0,50,515.864685
-50.0,50,516.331643
-50.0,50,516.794797
-50.0,50,517.262641
-50.0,50,517.750006
-50.0,50,518.215006
-50.0,50,518.669813
-50.0,50,519.134995
0.0,1,519.148995
-50.0,50,519.596832
-50.0,50,520.0433
0.0,1,520.053301
-50.0,50,520.595302
-50.0,50,521.101074
-50.0,50,521.560072
-50.0,50,522.03358
0.0,1,522.048579
-50.0,50,522.519579
-50.0,50,522.982086
-50.0,50,523.455484
-50.0,50,523.941693
-50.0,50,524.416202
-50.0,50,526.372664
-50.0,50,526.83055
-50.0,50,527.301669
-50.0,50,527.837644
-50.0,50,528.349644
-50.0,50,528.801235
-50.0,50,529.292773
-50.0,50,529.746158
-50.0,50,530.212883
-50.0,50,530.693173
-50.0,50,531.20068
-50.0,50,531.662995
0.0,1,531.672995
-50.0,50,532.148065
-50.0,50,532.657975
-50.0,50,533.122197
-50.0,50,533.632082
-50.0,50,534.10126
-50.0,50,534.600889
-50.0,50,535.044322
-50.0,50,535.543501
-50.0,50,536.008007
-50.0,50,536.483326
-50.0,50,536.966199
-50.0,50,537.439688
-50.0,50,537.920295
-50.0,50,538.391829
-50.0,50,538.854518
-50.0,50,539.335088
-50.0,50,539.787086
-50.0,50,540.254594
-50.0,50,540.737144
-50.0,50,541.218144
-50.0,50,541.665966
-50.0,50,542.117179
-50.0,50,542.592687
-50.0,50,543.049912
-50.0,50,543.507089
-50.0,50,544.000596
-50.0,50,544.491981
-50.0,50,544.945817
-50.0,50,545.412865
-50.0,50,545.883865
-50.0,50,546.368474
-50.0,50,546.842475
-50.0,50,547.328622
-50.0,50,547.814621
-50.0,50,548.283623
-50.0,50,548.819437
-50.0,50,549.310671
-50.0,50,549.780591
-50.0,50,550.258918
-50.0,50,550.701424
-50.0,50,551.196737
-50.0,50,551.653946
0.0,1,551.662947
-50.0,50,552.131733
-50.0,50,552.596241
-50.0,50,553.071944
-50.0,50,553.523248
-50.0,50,553.980249
-50.0,50,554.441
-50.0,50,554.90311
0.0,1,554.912111
-50.0,50,555.38169
-50.0,50,555.898881
-50.0,50,556.363114
-50.0,50,556.829621
-50.0,50,557.304621
-50.0,50,557.770231
-50.0,50,558.254504
-50.0,50,558.719084
-50.0,50,559.179521
-50.0,50,559.66446
-50.0,50,560.14508
-50.0,50,560.629529
-50.0,50,561.133327
-50.0,50,561.657646
-50.0,50,562.12834
-50.0,50,562.613819
-50.0,50,563.072055
-50.0,50,563.534902
-50.0,50,563.988008
-50.0,50,564.438007
0.0,1,564.449007
-50.0,50,564.926564
-50.0,50,565.384563
-50.0,50,565.839369
-50.0,50,566.30037
-50.0,50,566.757369
-50.0,50,567.2663
-50.0,50,567.746623
-50.0,50,568.21913
-50.0,50,568.6623
-50.0,50,569.122786
-50.0,50,569.587533
-50.0,50,570.059792
-50.0,50,570.529667
-50.0,50,570.999667
-50.0,50,571.516589
-50.0,50,572.007839
-50.0,50,572.477903
-50.0,50,572.9561
-50.0,50,573.446098
-50.0,50,573.920333
-50.0,50,574.396863
-50.0,50,574.874721
-50.0,50,575.341014
-50.0,50,575.789218
-50.0,50,576.252345
-50.0,50,576.709344
-50.0,50,577.183852
-50.0,50,577.645251
-50.0,50,578.090426
-50.0,50,578.564933
-50.0,50,579.013019
-50.0,50,579.493911
-50.0,50,579.957486
-50.0,50,580.429486
-50.0,50,580.879304
-50.0,50,581.396865
-50.0,50,581.91038
-50.0,50,582.403707
-50.0,50,582.879764
-50.0,50,583.406911
-50.0,50,583.867156
-50.0,50,584.356925
-50.0,50,584.820925
-50.0,50,585.297668
-50.0,50,585.754193
-50.0,50,586.220193
-50.0,50,586.704967
-50.0,50,587.173967
-50.0,50,587.639283
-50.0,50,588.116284
-50.0,50,588.583547
-50.0,50,589.04529
-50.0,50,589.53129
-50.0,50,589.992873
-50.0,50,590.463945
-50.0,50,590.900249
-50.0,50,591.369444
-50.0,50,591.876576
0.0,1,591.885577
-50.0,50,592.351261
-50.0,50,592.820729
0.0,1,592.834732
0.0,1,592.844729
-50.0,50,593.316241
-50.0,50,593.789485
-50.0,50,594.26081
0.0,1,594.273812
-50.0,50,594.752538
-50.0,50,595.201672
-50.0,50,595.691421
-50.0,50,596.155832
-50.0,50,596.62001
-50.0,50,597.093148
-50.0,50,597.569148
-50.0,50,598.091781
-50.0,50,598.564051
-50.0,50,599.029051
-50.0,50,599.503893
0.0,1,599.512893
-50.0,50,599.981168
-50.0,50,600.468579
-50.0,50,600.950579
-50.0,50,601.42345
-50.0,50,601.909671
-50.0,50,602.389671
-50.0,50,602.859556
-50.0,50,603.318844
-50.0,50,603.769351
-50.0,50,604.214714
-50.0,50,604.669714
-50.0,50,605.135402
-50.0,50,605.586958
-50.0,50,606.079199
-50.0,50,606.564309
-50.0,50,607.016911
-50.0,50,607.505817
-50.0,50,607.9949
-50.0,50,608.482473
-50.0,50,608.971554
-50.0,50,609.450156
-50.0,50,609.926363
-50.0,50,610.395362
-50.0,50,610.861195
-50.0,50,611.401278
-50.0,50,611.888789
-50.0,50,612.370995
-50.0,50,612.825814
-50.0,50,613.299815
-50.0,50,613.770814
-50.0,50,614.227482
-50.0,50,614.672611
-50.0,50,615.136697
-50.0,50,615.599353
-50.0,50,616.059811
-50.0,50,616.524671
-50.0,50,616.973861
-50.0,50,617.424426
-50.0,50,617.891884
-50.0,50,618.354069
-50.0,50,618.841793
-50.0,50,619.318172
-50.0,50,619.804686
-50.0,50,620.285019
-50.0,50,622.198218
-50.0,50,622.692192
-50.0,50,623.170314
-50.0,50,623.643072
-50.0,50,624.086665
-50.0,50,624.553532
-50.0,50,625.022593
-50.0,50,625.462593
-50.0,50,625.923683
-50.0,50,626.385684
-50.0,50,626.849715
-50.0,50,627.347799
-50.0,50,627.802889
-50.0,50,628.260937
0.0,1,628.27594
-50.0,50,628.753937
-50.0,50,629.284619
0.0,1,629.293619
-50.0,50,629.839993
-50.0,50,630.331501
0.0,1,630.341501
-50.0,50,630.859071
-50.0,50,631.386816
-50.0,50,631.856043
-50.0,50,632.352325
-50.0,50,632.873282
-50.0,50,633.42058
-50.0,50,633.932522
-50.0,50,634.496525
-50.0,50,635.033088
-50.0,50,635.544282
-50.0,50,636.054863
-50.0,50,636.578864
-50.0,50,637.103423
-50.0,50,637.598021
-50.0,50,638.076582
-50.0,50,638.549088
-50.0,50,639.033152
-50.0,50,639.549871
-50.0,50,640.034871
-50.0,50,640.506504
-50.0,50,640.989846
-50.0,50,641.460136
-50.0,50,641.95172
-50.0,50,642.479592
-50.0,50,643.012303
-50.0,50,643.509305
0.0,1,643.518303
-50.0,50,644.012044
-50.0,50,644.484254
-50.0,50,644.988134
-50.0,50,645.504375
-50.0,50,646.030736
-50.0,50,646.543244
-50.0,50,647.044495
-50.0,50,647.548336
-50.0,50,648.064609
-50.0,50,648.53412
-50.0,50,649.001445
-50.0,50,649.456721
-50.0,50,649.989459
-50.0,50,650.466903
-50.0,50,650.988715
-50.0,50,651.47107
-50.0,50,651.939731
-50.0,50,652.445247
-50.0,50,652.948756
-50.0,50,653.395939
-50.0,50,653.873077
-50.0,50,654.345704
-50.0,50,654.853833
-50.0,50,655.333492
-50.0,50,655.823494
-50.0,50,656.300492
-50.0,50,656.804476
-50.0,50,657.343719
-50.0,50,657.848232
-50.0,50,658.335676
-50.0,50,658.834735
-50.0,50,659.312735
-50.0,50,659.785736
-50.0,50,660.238581
-50.0,50,660.723716
-50.0,50,661.195421
-50.0,50,661.673862
-50.0,50,662.140368
-50.0,50,662.652368
-50.0,50,663.162524
0.0,1,663.171524
-50.0,50,663.634309
-50.0,50,664.148308
-50.0,50,664.639997
-50.0,50,665.162997
0.0,1,665.172996
-50.0,50,665.64959
-50.0,50,666.164183
-50.0,50,666.646295
-50.0,50,667.161033
-50.0,50,667.628301
-50.0,50,668.134814
-50.0,50,668.627814
-50.0,50,669.119323
-50.0,50,669.595407
-50.0,50,670.06759
-50.0,50,670.555342
0.0,1,670.566342
-50.0,50,671.081818
-50.0,50,671.563558
-50.0,50,672.095136
-50.0,50,672.601215
-50.0,50,673.138403
-50.0,50,673.654641
-50.0,50,674.145153
-50.0,50,674.597154
-50.0,50,675.220666
-50.0,50,675.723242
-2.0,3,675.752243
-50.0,50,676.221906
-50.0,50,676.662437
-50.0,50,677.172868
-50.0,50,677.662472
-50.0,50,678.250982
-50.0,50,678.755073
0.0,1,678.767073
-50.0,50,679.240606
-50.0,50,679.699114
-50.0,50,680.182115
-50.0,50,680.655285
-50.0,50,681.093629
-50.0,50,681.534934
-50.0,50,681.970441
-50.0,50,682.399441
-50.0,50,682.849116
-50.0,50,683.29162
-50.0,50,683.761168
-50.0,50,684.259909
-50.0,50,684.688966
-50.0,50,685.139478
0.0,1,685.152476
-50.0,50,685.588916
-50.0,50,686.209982
-50.0,50,686.717489
-50.0,50,687.200051
-50.0,50,687.653057
-50.0,50,688.095205
-50.0,50,688.530203
-50.0,50,688.988713
-50.0,50,689.419712
-50.0,50,689.860486
-50.0,50,690.284923
0.0,1,690.297923
-50.0,50,690.722624
-50.0,50,691.151496
-50.0,50,691.574496
-50.0,50,692.008497
-50.0,50,692.437208
-50.0,50,692.862311
0.0,1,692.871314
-50.0,50,693.312996
-50.0,50,693.737163
-50.0,50,694.179881
-50.0,50,694.619392
-50.0,50,695.094494
0.0,1,695.104494
-50.0,50,695.554898
-50.0,50,696.002405
-50.0,50,696.522011
-50.0,50,696.982619
-50.0,50,697.415727
-50.0,50,697.878891
-50.0,50,698.334397
-50.0,50,698.775396
-50.0,50,699.219039
-50.0,50,699.666155
-50.0,50,700.203664
-50.0,50,700.723664
-50.0,50,701.187663
-50.0,50,701.640171
-50.0,50,702.08817
-50.0,50,702.614023
-50.0,50,703.148466
-50.0,50,703.672668
-50.0,50,704.149666
0.0,1,704.158667
0.0,1,704.167668
-50.0,50,704.610167
-50.0,50,705.192866
-50.0,50,705.70913
-50.0,50,706.21201
-50.0,50,706.65501
-50.0,50,707.09101
-50.0,50,707.548147
-50.0,50,707.974146
-50.0,50,708.423778
-50.0,50,708.890961
-50.0,50,709.349962
-50.0,50,709.776397
-50.0,50,710.205397
-50.0,50,710.633906
-50.0,50,711.060467
-50.0,50,711.483465
-50.0,50,711.914595
0.0,1,711.926595
-50.0,50,712.438597
-50.0,50,713.040188
-50.0,50,713.556438
-50.0,50,714.015493
-50.0,50,714.542413
-50.0,50,715.005595
-50.0,50,715.472519
-50.0,50,715.975739
-50.0,50,716.440571
-50.0,50,716.914896
-50.0,50,717.378894
-50.0,50,717.902573
0.0,1,717.912574
-50.0,50,718.377898
-50.0,50,720.112348
-50.0,50,720.538911
-50.0,50,720.961364
-50.0,50,721.406847
-50.0,50,721.83611
-50.0,50,722.269767
-50.0,50,722.69926
0.0,1,722.707429
-50.0,50,723.128882
-50.0,50,723.56318
-50.0,50,724.020077
-50.0,50,724.444448
-50.0,50,724.87349
-50.0,50,725.305267
-50.0,50,725.724033
-50.0,50,726.13855
-50.0,50,726.553863
-50.0,50,726.979508
-50.0,50,727.401855
-50.0,50,727.841912
-50.0,50,728.270605
-50.0,50,728.693564
-50.0,50,729.13342
-50.0,50,729.554965
-50.0,50,729.972421
-50.0,50,730.399131
-50.0,50,730.815985
-50.0,50,731.233714
-50.0,50,731.659073
-50.0,50,732.080662
-50.0,50,732.506017
-50.0,50,732.922603
-50.0,50,733.349963
-50.0,50,733.780448
-50.0,50,734.219888
-50.0,50,734.644598
-50.0,50,735.06473
-50.0,50,735.490002
-50.0,50,735.910205
-50.0,50,736.327628
-50.0,50,736.744893
-50.0,50,737.168591
-50.0,50,737.586494
-50.0,50,738.007462
-50.0,50,738.422198
-50.0,50,738.880402
-50.0,50,739.354377
-50.0,50,739.822246
-50.0,50,740.308681
-50.0,50,740.789359
-50.0,50,741.247472
-50.0,50,741.700553
-50.0,50,742.144142
-50.0,50,742.587713
-50.0,50,743.033451
-50.0,50,743.472684
-50.0,50,743.915279
-50.0,50,744.39946
-50.0,50,744.88152
-50.0,50,745.372516
-50.0,50,745.939434
-50.0,50,746.446187
-50.0,50,746.91884
-50.0,50,747.453317
-50.0,50,748.080982
-50.0,50,748.667257
-50.0,50,749.182492
-50.0,50,749.641863
-50.0,50,750.118364
-50.0,50,750.575249
-50.0,50,751.057322
-50.0,50,751.549912
-50.0,50,752.030209
-50.0,50,752.578944
-50.0,50,753.136132
-50.0,50,753.643011
-50.0,50,754.107198
-50.0,50,754.570979
-50.0,50,755.032344
-50.0,50,755.492259
0.0,1,755.501259
-50.0,50,755.959403
-50.0,50,756.412353
-50.0,50,756.922759
0.0,1,756.930758
-50.0,50,757.368858
-50.0,50,757.79571
-50.0,50,758.225085
-50.0,50,758.829024
-50.0,50,759.312731
-50.0,50,759.790739
-50.0,50,760.266059
-50.0,50,760.782222
-50.0,50,761.258714
-50.0,50,761.697631
-50.0,50,762.121494
-50.0,50,762.569073
0.0,1,762.582074
-50.0,50,763.10189
-50.0,50,763.609495
-50.0,50,764.06566
0.0,1,764.0819
0.0,1,764.096173
-50.0,50,764.643056
-50.0,50,765.122107
-50.0,50,765.592125
-50.0,50,766.078118
-50.0,50,766.572187
-50.0,50,767.06865
-50.0,50,767.547755
-50.0,50,768.013628
-50.0,50,768.513097
-50.0,50,768.978892
-50.0,50,769.437691
-50.0,50,769.871439
-50.0,50,770.350156
-50.0,50,770.848997
-50.0,50,771.298255
-50.0,50,771.769712
-50.0,50,772.225022
-50.0,50,772.708451
-50.0,50,773.160121
-50.0,50,773.593592
-50.0,50,774.038705
-50.0,50,774.54959
-50.0,50,774.989941
-50.0,50,775.457677
-50.0,50,775.993389
-50.0,50,776.460495
-50.0,50,776.90839
-50.0,50,777.388135
-50.0,50,777.872505
-50.0,50,778.338997
-50.0,50,778.886742
-50.0,50,779.355142
-50.0,50,779.834162
-50.0,50,780.276081
-50.0,50,780.753212
-50.0,50,781.185196
-50.0,50,781.614238
-50.0,50,782.085405
-50.0,50,782.526963
-50.0,50,783.041136
-50.0,50,783.501033
-50.0,50,783.933683
-50.0,50,784.436398
-50.0,50,784.961836
-50.0,50,785.404955
-50.0,50,785.834332
-50.0,50,786.261366
-50.0,50,786.707819
0.0,1,786.717818
-50.0,50,787.148692
-50.0,50,787.577469
-50.0,50,788.000467
-50.0,50,788.422109
-50.0,50,788.842613
-50.0,50,789.272461
-50.0,50,789.70994
-50.0,50,790.139243
-50.0,50,790.562896
-50.0,50,790.992724
-50.0,50,791.414412
-50.0,50,791.835665
-50.0,50,792.261738
0.0,1,792.273815
0.0,1,792.282885
-50.0,50,792.707948
-50.0,50,793.136964
-50.0,50,793.569772
-50.0,50,793.989406
-50.0,50,794.418789
-50.0,50,794.868116
-50.0,50,795.295597
-50.0,50,795.714548
-50.0,50,796.139722
-50.0,50,796.564836
-50.0,50,796.994337
-50.0,50,797.422885
-50.0,50,797.851605
-50.0,50,798.281824
-50.0,50,798.73035
-50.0,50,799.313843
-50.0,50,799.833275
-50.0,50,800.309603
-50.0,50,800.751602
-50.0,50,801.173274
0.0,1,801.182274
-50.0,50,801.606816
-50.0,50,802.030632
-50.0,50,802.461039
-50.0,50,802.903656
-50.0,50,803.389816
-50.0,50,803.829961
-50.0,50,804.291611
-50.0,50,804.719264
0.0,1,804.727265
-50.0,50,805.176664
-50.0,50,805.601304
-50.0,50,806.025682
-50.0,50,806.448473
-50.0,50,806.876574
-50.0,50,807.35938
-50.0,50,807.853768
-50.0,50,808.276869
-50.0,50,808.700688
-50.0,50,809.121453
-50.0,50,809.546718
-50.0,50,809.964176
-50.0,50,810.403405
-50.0,50,810.827942
-50.0,50,812.555579
-50.0,50,812.989873
-50.0,50,813.414586
-50.0,50,813.837149
-50.0,50,814.264291
-50.0,50,814.686427
-50.0,50,815.115296
-50.0,50,815.580239
-50.0,50,816.006522
-50.0,50,816.433853
-50.0,50,816.857993
-50.0,50,817.282015
-50.0,50,817.712766
0.0,1,817.724766
-50.0,50,818.193371
-50.0,50,818.646295
-50.0,50,819.188548
-50.0,50,819.722036
0.0,1,819.737036
-50.0,50,820.230278
-50.0,50,820.704081
-50.0,50,821.127126
-50.0,50,821.569635
-50.0,50,822.021361
-50.0,50,822.538915
-50.0,50,822.982035
-50.0,50,823.439764
-50.0,50,823.862525
-50.0,50,824.288639
-50.0,50,824.7212
-50.0,50,825.195127
-50.0,50,825.678336
-50.0,50,826.109693
-50.0,50,826.632576
-50.0,50,827.080009
-50.0,50,827.507303
-50.0,50,827.942357
-50.0,50,828.373178
-50.0,50,828.8066
-50.0,50,829.23342
-50.0,50,829.664163
-50.0,50,830.094976
-50.0,50,830.538383
0.0,1,830.5476
-50.0,50,830.982949
-50.0,50,831.432053
-50.0,50,831.86138
-50.0,50,832.300835
-50.0,50,832.724619
-50.0,50,833.149061
-50.0,50,833.589617
-50.0,50,834.032047
-50.0,50,834.476498
-50.0,50,834.918053
-50.0,50,835.374296
-50.0,50,835.816009
-50.0,50,836.267574
-50.0,50,836.732004
-50.0,50,837.179448
-50.0,50,837.637802
0.0,1,837.646975
-50.0,50,838.075748
-50.0,50,838.506044
0.0,1,838.515041
-50.0,50,838.935647
-50.0,50,839.360639
-50.0,50,839.790078
-50.0,50,840.227928
-50.0,50,840.688823
-50.0,50,841.147162
-50.0,50,841.608397
-50.0,50,842.127467
-50.0,50,842.638716
-50.0,50,843.088728
0.0,1,843.100726
-50.0,50,843.663791
-50.0,50,844.247225
-50.0,50,844.763307
-50.0,50,845.250223
-50.0,50,845.784461
-50.0,50,846.28601
-50.0,50,846.743119
-50.0,50,847.232991
-50.0,50,847.764438
-50.0,50,848.207138
-50.0,50,848.684487
-50.0,50,849.171115
-50.0,50,849.641196
-50.0,50,850.121606
-50.0,50,850.588686
-50.0,50,851.059259
-50.0,50,851.52957
-50.0,50,851.98246
-50.0,50,852.45383
-50.0,50,852.94522
-50.0,50,853.438138
-50.0,50,853.951536
-50.0,50,854.421674
0.0,1,854.440733
-50.0,50,854.955683
-50.0,50,855.424128
-50.0,50,855.972125
-50.0,50,856.762915
-50.0,50,857.363798
0.0,1,857.377798
-50.0,50,857.955465
-50.0,50,858.480107
-50.0,50,858.985119
-50.0,50,859.469272
-50.0,50,859.942286
-50.0,50,860.404641
-50.0,50,860.903341
-50.0,50,861.483325
-50.0,50,862.017945
-50.0,50,862.8199
-50.0,50,863.391603
-50.0,50,863.922344
-50.0,50,864.393265
-50.0,50,864.923817
-50.0,50,865.555463
-50.0,50,866.109116
0.0,1,866.118342
-50.0,50,866.76436
-50.0,50,867.490197
-50.0,50,868.016531
-50.0,50,868.508533
-50.0,50,869.081408
-50.0,50,869.570036
-50.0,50,870.013112
-50.0,50,870.524923
-50.0,50,870.99935
-50.0,50,871.441116
-50.0,50,871.880243
-50.0,50,872.340966
-50.0,50,872.810201
0.0,1,872.819271
-50.0,50,873.277063
-50.0,50,873.739017
-50.0,50,874.194108
-50.0,50,874.65263
-50.0,50,875.129495
-50.0,50,875.623076
0.0,1,875.637162
-50.0,50,876.193475
0.0,1,876.203583
-50.0,50,876.73641
-50.0,50,877.237953
-50.0,50,877.754023
-50.0,50,878.216781
-50.0,50,878.771312
-50.0,50,879.394845
-50.0,50,880.08896
-50.0,50,880.659372
-50.0,50,881.100319
-50.0,50,881.556095
-50.0,50,882.034809
-50.0,50,882.481396
-50.0,50,882.937117
-50.0,50,883.395703
-50.0,50,883.862471
-50.0,50,884.314274
-50.0,50,884.744462
-50.0,50,885.201998
-50.0,50,885.672156
-50.0,50,886.124234
0.0,1,886.133321
-50.0,50,886.625641
-50.0,50,887.095093
-50.0,50,887.557406
-50.0,50,888.032309
-50.0,50,888.534145
-50.0,50,888.997675
-50.0,50,889.442631
-50.0,50,889.896805
-50.0,50,890.371455
-50.0,50,890.867832
-50.0,50,891.387098
-50.0,50,891.857558
-50.0,50,892.360669
-50.0,50,892.874676
-50.0,50,893.359762
-50.0,50,893.83932
-50.0,50,894.328947
-50.0,50,894.875565
-50.0,50,895.413816
-50.0,50,895.960558
-50.0,50,896.52306
-50.0,50,896.953007
-50.0,50,897.386698
-50.0,50,897.834395
-50.0,50,898.305704
-50.0,50,898.763776
-50.0,50,899.24047
-50.0,50,899.704917
-50.0,50,900.17013
-50.0,50,900.689106
-50.0,50,901.124791
-50.0,50,901.569224
0.0,1,901.582226
-50.0,50,902.018605
-50.0,50,902.48477
-50.0,50,902.950286
-50.0,50,903.373524
-50.0,50,903.845731
-50.0,50,904.289293
-50.0,50,904.787593
-50.0,50,905.239005
-50.0,50,905.693243
-50.0,50,906.126806
-50.0,50,906.622396
-50.0,50,907.056997
-50.0,50,907.519269
-50.0,50,907.986851
-50.0,50,908.450616
-50.0,50,910.26792
-50.0,50,910.733313
0.0,1,910.741422
-50.0,50,911.168872
-50.0,50,911.639501
-32.0,33,911.945013
-50.0,50,912.374309
-50.0,50,912.845382
-50.0,50,913.300136
-50.0,50,913.742211
-50.0,50,914.208946
-50.0,50,914.676436
-50.0,50,915.137032
-50.0,50,915.595871
-50.0,50,916.068744
-50.0,50,916.543535
-50.0,50,917.051683
-50.0,50,917.552997
-50.0,50,918.025306
-50.0,50,918.48152
-50.0,50,918.943129
-50.0,50,919.409729
-50.0,50,919.857421
-50.0,50,920.376761
-50.0,50,920.843966
-50.0,50,921.285503
-50.0,50,921.742962
-50.0,50,922.187753
-50.0,50,922.634827
-50.0,50,923.063886
-50.0,50,923.600417
-50.0,50,924.144728
0.0,1,924.165898
-50.0,50,924.759418
-50.0,50,925.319968
-50.0,50,925.874531
-50.0,50,926.329381
0.0,1,926.338381
-50.0,50,926.913167
-50.0,50,927.511164
-50.0,50,928.078726
-50.0,50,928.59993
-50.0,50,929.066096
-50.0,50,929.509946
0.0,1,929.527945
-47.0,48,929.959493
-50.0,50,930.42747
-50.0,50,930.901209
-50.0,50,931.354965
-50.0,50,931.812828
-50.0,50,932.243494
-50.0,50,932.691988
-50.0,50,933.14483
-50.0,50,933.581065
-50.0,50,934.014338
-50.0,50,934.460825
-50.0,50,934.922732
-50.0,50,935.363062
-50.0,50,935.812143
-50.0,50,936.274144
-50.0,50,936.776469
-50.0,50,937.269867
-50.0,50,937.719609
-50.0,50,938.155849
-50.0,50,938.620331
-50.0,50,939.066402
-50.0,50,939.520594
-50.0,50,940.011446
-50.0,50,940.474251
-50.0,50,940.974317
-50.0,50,941.47177
-50.0,50,941.99068
-50.0,50,942.494252
-50.0,50,942.951201
-50.0,50,943.387294
-50.0,50,943.869257
-50.0,50,944.341827
-50.0,50,944.949049
-50.0,50,945.703419
-50.0,50,946.269009
-50.0,50,946.807356
-50.0,50,947.294415
0.0,1,947.303496
-50.0,50,947.871407
0.0,1,947.884619
-50.0,50,948.385493
-50.0,50,948.902719
-50.0,50,949.371399
-50.0,50,949.904871
-50.0,50,950.617041
-50.0,50,951.273759
-50.0,50,951.758888
-50.0,50,952.356833
-50.0,50,952.869851
-50.0,50,953.469628
-50.0,50,954.003353
0.0,1,954.018459
-50.0,50,954.543657
-50.0,50,955.026241
-50.0,50,955.533231
-50.0,50,956.04655
0.0,1,956.05455
-50.0,50,956.533049
-50.0,50,957.076082
-50.0,50,957.556171
-50.0,50,958.083275
-50.0,50,958.599661
-15.0,16,958.763707
-50.0,50,959.281545
-50.0,50,959.773993
-50.0,50,960.279314
-50.0,50,960.804239
-50.0,50,961.303931
-50.0,50,961.777714
-50.0,50,962.249397
-50.0,50,962.75926
-50.0,50,963.251469
-50.0,50,963.744744
-50.0,50,964.292142
-50.0,50,964.871404
-50.0,50,965.438256
-50.0,50,965.910317
0.0,1,965.919376
-50.0,50,966.385622
-50.0,50,966.835633
-50.0,50,967.430895
-50.0,50,967.914364
-50.0,50,968.369385
-50.0,50,968.840714
-50.0,50,969.299054
-50.0,50,969.776387
-50.0,50,970.218423
-50.0,50,970.67742
-50.0,50,971.10638
-50.0,50,971.556132
-50.0,50,972.001709
-50.0,50,972.460615
-50.0,50,972.924476
-50.0,50,973.356809
-50.0,50,973.833817
-50.0,50,974.297329
-50.0,50,974.762182
-22.0,23,974.994528
-50.0,50,975.558883
-50.0,50,976.07308
-50.0,50,976.554923
-50.0,50,977.100503
-50.0,50,977.714564
0.0,1,977.728565
-50.0,50,978.309717
-50.0,50,978.938042
-50.0,50,979.441077
-50.0,50,980.00802
-50.0,50,980.483251
-50.0,50,980.968872
-50.0,50,981.48572
-50.0,50,981.990438
-50.0,50,982.454401
-50.0,50,982.940433
-50.0,50,983.441715
-50.0,50,983.922671
-50.0,50,984.448112
-50.0,50,984.993293
-50.0,50,985.486241
-50.0,50,985.964689
-50.0,50,986.395503
-50.0,50,986.89479
-50.0,50,987.366082
-50.0,50,987.907599
-50.0,50,988.376624
-50.0,50,988.838928
-50.0,50,989.338765
-50.0,50,989.799804
-50.0,50,990.29186
-50.0,50,990.755147
-50.0,50,991.218934
-50.0,50,991.680665
-50.0,50,992.14478
-50.0,50,992.601295
-50.0,50,993.069097
-50.0,50,993.565638
-50.0,50,994.171137
-50.0,50,994.730579
-50.0,50,995.255706
-50.0,50,995.80038
-50.0,50,996.299692
-50.0,50,996.760534
-50.0,50,997.215117
-50.0,50,997.694793
-50.0,50,998.191244
-50.0,50,998.643492
-50.0,50,999.089913
-50.0,50,999.575324
-50.0,50,1000.019828
-50.0,50,1000.500486
-50.0,50,1000.964974
-50.0,50,1001.438989
-50.0,50,1001.904493
-50.0,50,1002.331272
-50.0,50,1002.787614
-50.0,50,1003.234265
-50.0,50,1003.675624
-50.0,50,1004.138543
-50.0,50,1004.564756
-50.0,50,1005.047964
-50.0,50,1005.488908
-50.0,50,1005.942168
-50.0,50,1006.396786
-50.0,50,1006.863795
-50.0,50,1007.31272
-50.0,50,1007.838037
0.0,1,1007.847139
0.0,1,1007.86025
0.0,1,1007.874248
-50.0,50,1009.812467
-50.0,50,1010.268913
-50.0,50,1010.7355
-50.0,50,1011.16743
-50.0,50,1011.627148
-50.0,50,1012.061851
-50.0,50,1012.519257
-50.0,50,1012.985805
-50.0,50,1013.443555
-50.0,50,1013.891962
-50.0,50,1014.337046
-50.0,50,1014.780933
-50.0,50,1015.220047
-50.0,50,1015.663121
-50.0,50,1016.129032
-50.0,50,1016.604882
-50.0,50,1017.052917
-50.0,50,1017.481224
-50.0,50,1017.94629
-50.0,50,1018.402827
-50.0,50,1018.83263
-50.0,50,1019.300893
-50.0,50,1019.853675
-50.0,50,1020.338267
0.0,1,1020.349267
-50.0,50,1020.900124
-50.0,50,1021.357247
0.0,1,1021.367247
-50.0,50,1021.937982
-50.0,50,1022.447944
-50.0,50,1022.928558
-50.0,50,1023.428752
-50.0,50,1023.886693
-50.0,50,1024.373639
-50.0,50,1024.836853
-50.0,50,1025.265656
-50.0,50,1025.706632
-50.0,50,1026.147385
-50.0,50,1026.587162
0.0,1,1026.596286
-50.0,50,1027.044634
-50.0,50,1027.46385
-50.0,50,1027.899497
-50.0,50,1028.39172
-50.0,50,1028.870573
-50.0,50,1029.311399
-50.0,50,1029.764859
-50.0,50,1030.23156
-50.0,50,1030.719723
-50.0,50,1031.194536
-50.0,50,1031.645147
-50.0,50,1032.064651
-50.0,50,1032.547365
-50.0,50,1033.009925
-50.0,50,1033.514916
-50.0,50,1033.950953
-50.0,50,1034.371321
-50.0,50,1034.848828
-50.0,50,1035.317029
-50.0,50,1035.777815
-50.0,50,1036.232815
-50.0,50,1036.680431
-50.0,50,1037.120056
-50.0,50,1037.552891
-50.0,50,1038.001991
-50.0,50,1038.490912
-50.0,50,1039.024648
-50.0,50,1039.45839
-50.0,50,1039.913004
-50.0,50,1040.394652
-50.0,50,1040.861144
-50.0,50,1041.331943
-50.0,50,1041.785361
-50.0,50,1042.244772
-50.0,50,1042.703179
0.0,1,1042.711178
-50.0,50,1043.186668
-50.0,50,1043.617759
-50.0,50,1044.079391
-50.0,50,1044.500058
0.0,1,1044.509059
-50.0,50,1044.942609
-50.0,50,1045.499671
-50.0,50,1045.993997
-50.0,50,1046.452708
-50.0,50,1046.917547
-50.0,50,1047.403382
-50.0,50,1047.884887
-50.0,50,1048.512287
-50.0,50,1049.066376
-50.0,50,1049.559033
-50.0,50,1050.019751
-50.0,50,1050.455423
0.0,1,1050.465422
-50.0,50,1050.980285
-50.0,50,1051.421755
-50.0,50,1051.887754
-50.0,50,1052.339906
0.0,1,1052.353906
-45.0,46,1052.75298
-50.0,50,1053.207245
0.0,1,1053.218245
-50.0,50,1053.667377
-50.0,50,1054.111459
-50.0,50,1054.587658
-50.0,50,1055.017826
-50.0,50,1055.453963
-50.0,50,1055.909772
-50.0,50,1056.335007
-50.0,50,1056.795161
-50.0,50,1057.305516
-50.0,50,1057.770607
0.0,1,1057.779605
-50.0,50,1058.284184
-50.0,50,1058.823128
-50.0,50,1059.398286
-50.0,50,1059.881406
-50.0,50,1060.341535
-50.0,50,1060.770357
-50.0,50,1061.236085
-50.0,50,1061.691683
-50.0,50,1062.14084
-50.0,50,1062.59715
-50.0,50,1063.069203
-50.0,50,1063.591767
-50.0,50,1064.054971
-50.0,50,1064.500198
-50.0,50,1064.958117
-50.0,50,1065.409501
-50.0,50,1065.876879
-50.0,50,1066.337833
-50.0,50,1066.800103
-50.0,50,1067.292115
-50.0,50,1067.741664
-50.0,50,1068.210276
-50.0,50,1068.697787
0.0,1,1068.709785
-50.0,50,1069.213433
-50.0,50,1069.696105
-50.0,50,1070.220716
0.0,1,1070.229713
-50.0,50,1070.740755
-50.0,50,1071.205807
-50.0,50,1071.651973
0.0,1,1071.661974
0.0,1,1071.671973
-50.0,50,1072.203734
-50.0,50,1072.65532
-50.0,50,1073.118603
-50.0,50,1073.569418
-50.0,50,1074.080536
-50.0,50,1074.713172
-50.0,50,1075.318021
-50.0,50,1075.833013
-50.0,50,1076.318521
-50.0,50,1076.909143
-50.0,50,1077.486795
-50.0,50,1078.157988
-50.0,50,1078.73277
-36.0,37,1079.154471
-50.0,50,1079.648496
0.0,1,1079.657496
-50.0,50,1080.138374
-50.0,50,1080.63487
-50.0,50,1081.165377
-50.0,50,1081.659797
-50.0,50,1082.15973
-50.0,50,1082.656938
-50.0,50,1083.157774
-50.0,50,1083.63318
-50.0,50,1084.077716
-50.0,50,1084.548785
0.0,1,1084.557786
-50.0,50,1085.083718
-50.0,50,1085.574265
-50.0,50,1086.12829
-50.0,50,1086.617806
-50.0,50,1087.183844
-50.0,50,1087.701586
-50.0,50,1088.249339
-50.0,50,1088.763183
-50.0,50,1089.321914
-50.0,50,1089.828854
-50.0,50,1090.34654
0.0,1,1090.357613
-50.0,50,1090.81855
-50.0,50,1091.274162
-50.0,50,1091.769299
-50.0,50,1092.268196
-50.0,50,1092.744768
-50.0,50,1093.209869
-50.0,50,1093.732323
-50.0,50,1094.257324
-50.0,50,1094.859591
-50.0,50,1095.423264
-50.0,50,1095.986587
-50.0,50,1096.470339
-50.0,50,1096.959132
-50.0,50,1097.46252
-50.0,50,1097.946691
-50.0,50,1098.488662
-50.0,50,1099.058661
-50.0,50,1099.618287
-50.0,50,1100.111768
-50.0,50,1100.542163
-50.0,50,1100.993654
-50.0,50,1101.457013
-50.0,50,1101.932173
-50.0,50,1102.37672
-50.0,50,1102.830725
-50.0,50,1103.284453
-50.0,50,1103.740314
-50.0,50,1104.2273
-50.0,50,1104.70732
-50.0,50,1105.17731
-50.0,50,1105.649549
-50.0,50,1107.556396
-50.0,50,1108.032009
-50.0,50,1108.504376
-50.0,50,1109.003892
-50.0,50,1109.551252
-50.0,50,1110.111641
-50.0,50,1110.654033
-50.0,50,1111.218476
-50.0,50,1111.762992
-50.0,50,1112.325382
0.0,1,1112.341673
-50.0,50,1112.87395
-50.0,50,1113.320109
-50.0,50,1113.793196
-50.0,50,1114.256649
-50.0,50,1114.720296
-50.0,50,1115.169929
-50.0,50,1115.602592
-50.0,50,1116.069253
-50.0,50,1116.506051
-50.0,50,1116.930403
-50.0,50,1117.378778
-50.0,50,1117.831057
-50.0,50,1118.318678
-50.0,50,1118.787111
-50.0,50,1119.270984
-50.0,50,1119.730041
-50.0,50,1120.237015
-50.0,50,1120.702374
-50.0,50,1121.182661
-50.0,50,1121.66132
-50.0,50,1122.161894
-50.0,50,1122.647622
-50.0,50,1123.121829
-50.0,50,1123.578418
-50.0,50,1124.134242
-50.0,50,1124.617833
-50.0,50,1125.060184
-50.0,50,1125.498339
-50.0,50,1125.963775
-50.0,50,1126.423171
-50.0,50,1126.855808
-1.0,2,1126.877229
-15.0,16,1127.021061
-50.0,50,1127.469403
-50.0,50,1127.920731
-50.0,50,1128.391265
-50.0,50,1128.874734
0.0,1,1128.884734
-50.0,50,1129.33691
-50.0,50,1129.79558
-50.0,50,1130.259311
-50.0,50,1130.706327
-50.0,50,1131.152268
-50.0,50,1131.603153
-50.0,50,1132.077561
-50.0,50,1132.533374
-50.0,50,1133.01679
-50.0,50,1133.469364
-50.0,50,1133.912661
0.0,1,1133.92366
-50.0,50,1134.392287
-50.0,50,1134.893262
-50.0,50,1135.362017
0.0,1,1135.373018
-31.0,32,1135.670502
-50.0,50,1136.137786
-50.0,50,1136.615155
-32.0,33,1136.921879
-50.0,50,1137.375373
-50.0,50,1137.860569
-50.0,50,1138.336399
-50.0,50,1138.801255
-50.0,50,1139.252422
0.0,1,1139.265013
-50.0,50,1139.726661
0.0,1,1139.73666
-50.0,50,1140.244938
-50.0,50,1140.704118
-50.0,50,1141.149722
-50.0,50,1141.603127
-50.0,50,1142.057085
-50.0,50,1142.542373
-50.0,50,1143.026859
-50.0,50,1143.509278
-50.0,50,1143.951003
-50.0,50,1144.448181
-50.0,50,1144.91052
-8.0,9,1144.991883
-50.0,50,1145.42704
-50.0,50,1145.904003
-50.0,50,1146.365696
-50.0,50,1146.815203
-50.0,50,1147.295676
-50.0,50,1147.739261
-50.0,50,1148.20379
-50.0,50,1148.676708
-50.0,50,1149.123922
-50.0,50,1149.554268
-50.0,50,1150.018252
-50.0,50,1150.570884
-50.0,50,1151.040168
-50.0,50,1151.49969
-50.0,50,1151.942668
-50.0,50,1152.394316
-50.0,50,1152.849218
-50.0,50,1153.332838
-50.0,50,1153.8135
-50.0,50,1154.278231
-50.0,50,1154.720634
-50.0,50,1155.178349
-50.0,50,1155.622565
-50.0,50,1156.154137
-9.0,10,1156.267812
-50.0,50,1156.798713
-50.0,50,1157.335191
-50.0,50,1157.831873
0.0,1,1157.840873
-50.0,50,1158.349021
-50.0,50,1158.854675
-50.0,50,1159.371422
-50.0,50,1159.85096
-50.0,50,1160.381925
-50.0,50,1160.90418
-50.0,50,1161.376168
-50.0,50,1161.860139
-50.0,50,1162.340757
-50.0,50,1162.883882
-50.0,50,1163.354811
-50.0,50,1163.873085
-50.0,50,1164.43602
-50.0,50,1165.013403
-50.0,50,1165.524999
-50.0,50,1165.994459
-50.0,50,1166.562733
-50.0,50,1167.083582
-50.0,50,1167.627518
-50.0,50,1168.17058
-50.0,50,1168.706797
-50.0,50,1169.272088
-50.0,50,1169.876191
-50.0,50,1170.467055
-50.0,50,1171.120183
-50.0,50,1171.67941
-50.0,50,1172.235018
-50.0,50,1172.714111
-50.0,50,1173.163339
-50.0,50,1173.62137
-50.0,50,1174.07261
-50.0,50,1174.585598
-50.0,50,1175.112489
-50.0,50,1175.596318
-50.0,50,1176.054791
-50.0,50,1176.563655
-50.0,50,1177.056557
-50.0,50,1177.520989
-50.0,50,1178.079932
-50.0,50,1178.572284
-50.0,50,1179.113801
-50.0,50,1179.653727
-50.0,50,1180.13723
-50.0,50,1180.559783
-50.0,50,1181.126515
-50.0,50,1181.684232
-50.0,50,1182.270378
0.0,1,1182.284382
-50.0,50,1182.978318
-50.0,50,1183.594411
-50.0,50,1184.030865
-50.0,50,1184.504287
-50.0,50,1185.069348
-50.0,50,1185.543212
-50.0,50,1186.016826
-50.0,50,1186.590937
-50.0,50,1187.098528
-50.0,50,1187.596407
-50.0,50,1188.076138
-50.0,50,1188.558538
-50.0,50,1189.040157
-50.0,50,1189.510613
-50.0,50,1190.00858
-50.0,50,1190.472528
-50.0,50,1190.981412
-50.0,50,1191.494329
-50.0,50,1191.988853
-50.0,50,1192.439773
-50.0,50,1192.902389
-50.0,50,1193.358266
-50.0,50,1193.823246
-50.0,50,1194.281879
-50.0,50,1194.724784
-50.0,50,1195.218628
-50.0,50,1195.698923
-50.0,50,1196.146029
-50.0,50,1196.618191
-50.0,50,1197.06415
-50.0,50,1197.534207
-50.0,50,1197.981624
-50.0,50,1198.450886
-50.0,50,1198.895688
0.0,1,1198.904687
0.0,1,1198.913687
-50.0,50,1199.375126
-50.0,50,1199.840946
-50.0,50,1200.293305
-50.0,50,1200.744049
-50.0,50,1201.27528
-50.0,50,1201.696768
-50.0,50,1202.163912
-50.0,50,1202.625017
-50.0,50,1203.092931
-50.0,50,1203.543845
-50.0,50,1203.995007
-50.0,50,1204.485421
-50.0,50,1206.360518
-50.0,50,1206.80841
-50.0,50,1207.281703
-50.0,50,1207.773291
0.0,1,1207.791479
-50.0,50,1208.248249
-50.0,50,1208.781284
-50.0,50,1209.249687
-50.0,50,1209.695942
-50.0,50,1210.17459
-50.0,50,1210.608616
-50.0,50,1211.030369
0.0,1,1211.047874
-50.0,50,1211.535782
-50.0,50,1211.957098
-50.0,50,1212.413315
-50.0,50,1212.872951
-50.0,50,1213.307327
-50.0,50,1213.746348
-50.0,50,1214.171008
-50.0,50,1214.658473
-50.0,50,1215.094254
-50.0,50,1215.544737
-50.0,50,1216.02409
-50.0,50,1216.472592
-50.0,50,1216.923346
-50.0,50,1217.393713
-50.0,50,1217.842369
-50.0,50,1218.31003
-50.0,50,1218.768961
-50.0,50,1219.261308
-50.0,50,1219.73587
-50.0,50,1220.183733
-50.0,50,1220.650098
-50.0,50,1221.079348
-50.0,50,1221.596248
-50.0,50,1222.030773
-50.0,50,1222.483443
-50.0,50,1222.961704
0.0,1,1222.970784
-50.0,50,1223.413658
-50.0,50,1223.893665
-50.0,50,1224.345634
-50.0,50,1224.777459
-50.0,50,1225.244886
-50.0,50,1225.712034
-50.0,50,1226.16022
-50.0,50,1226.608668
-50.0,50,1227.035852
-50.0,50,1227.535637
-50.0,50,1227.968832
-50.0,50,1228.431655
-50.0,50,1228.871245
-50.0,50,1229.390838
-50.0,50,1229.862877
-50.0,50,1230.358029
0.0,1,1230.372145
-50.0,50,1230.859291
-50.0,50,1231.302788
-50.0,50,1231.813272
-50.0,50,1232.275746
-50.0,50,1232.740484
-50.0,50,1233.219793
0.0,1,1233.232793
-50.0,50,1233.682638
0.0,1,1233.690636
-50.0,50,1234.11835
-50.0,50,1234.592377
-50.0,50,1235.028823
-50.0,50,1235.507153
-50.0,50,1235.932855
-50.0,50,1236.384523
-50.0,50,1236.83838
-50.0,50,1237.280289
-50.0,50,1237.7469
-50.0,50,1238.193138
-50.0,50,1238.650577
-50.0,50,1239.10441
-50.0,50,1239.556019
-50.0,50,1240.003412
-50.0,50,1240.470587
0.0,1,1240.480689
-50.0,50,1240.911333
-50.0,50,1241.406966
-50.0,50,1241.91092
-50.0,50,1242.369191
-50.0,50,1242.810192
-50.0,50,1243.253824
-50.0,50,1243.724012
-50.0,50,1244.177443
-50.0,50,1244.635401
-50.0,50,1245.077181
-50.0,50,1245.534616
-50.0,50,1245.998609
-50.0,50,1246.444666
-50.0,50,1246.903898
-50.0,50,1247.355903
-50.0,50,1247.803028
-50.0,50,1248.252502
0.0,1,1248.2625
-50.0,50,1248.720176
-50.0,50,1249.1724
-50.0,50,1249.626795
-50.0,50,1250.082603
-50.0,50,1250.560707
-50.0,50,1250.995797
-50.0,50,1251.445927
-50.0,50,1251.917909
-50.0,50,1252.362687
-50.0,50,1252.829551
-50.0,50,1253.279442
-50.0,50,1253.743845
-50.0,50,1254.20178
-50.0,50,1254.655574
-50.0,50,1255.103732
-50.0,50,1255.574763
-50.0,50,1256.038337
-50.0,50,1256.509527
-50.0,50,1256.954893
-50.0,50,1257.406113
-50.0,50,1257.85215
-50.0,50,1258.310141
-50.0,50,1258.759955
-50.0,50,1259.189293
-50.0,50,1259.657235
-50.0,50,1260.097413
-50.0,50,1260.605634
-50.0,50,1261.104893
-50.0,50,1261.647347
-50.0,50,1262.174427
-50.0,50,1262.658246
-50.0,50,1263.149988
-50.0,50,1263.656653
-50.0,50,1264.102355
-50.0,50,1264.595714
-50.0,50,1265.055995
-50.0,50,1265.563137
-50.0,50,1266.048434
-50.0,50,1266.51181
-50.0,50,1267.035892
-50.0,50,1267.681863
-50.0,50,1268.240987
-50.0,50,1268.763414
-50.0,50,1269.284903
-50.0,50,1269.833139
-50.0,50,1270.360063
-50.0,50,1270.830478
-50.0,50,1271.35009
-50.0,50,1271.923543
-50.0,50,1272.511836
-50.0,50,1273.117637
-50.0,50,1273.805681
-50.0,50,1274.354681
-50.0,50,1274.873907
-50.0,50,1275.355375
-50.0,50,1275.899198
-50.0,50,1276.532654
-50.0,50,1277.13868
-50.0,50,1277.675652
-50.0,50,1278.297389
-50.0,50,1278.87722
-50.0,50,1279.56372
-50.0,50,1280.147477
-50.0,50,1280.700321
0.0,1,1280.718322
-50.0,50,1281.243338
-50.0,50,1281.770477
-50.0,50,1282.321928
-50.0,50,1282.907978
-50.0,50,1283.472338
-50.0,50,1284.032938
0.0,1,1284.044938
-50.0,50,1284.588817
0.0,1,1284.599817
-50.0,50,1285.115811
-50.0,50,1285.70029
-50.0,50,1286.219388
0.0,1,1286.229698
-50.0,50,1286.746699
-50.0,50,1287.295616
-50.0,50,1287.869127
-50.0,50,1288.396644
-50.0,50,1288.963595
-50.0,50,1289.572911
-50.0,50,1290.182915
-50.0,50,1290.785253
-50.0,50,1291.319033
-50.0,50,1291.93627
-50.0,50,1292.528567
-50.0,50,1293.080972
-50.0,50,1293.651859
-50.0,50,1294.253
-50.0,50,1294.836577
-50.0,50,1295.384848
-50.0,50,1295.915435
-50.0,50,1296.446589
-50.0,50,1296.981465
-50.0,50,1297.511474
0.0,1,1297.521475
-50.0,50,1298.042643
-50.0,50,1298.578204
-50.0,50,1299.118853
-50.0,50,1299.655656
-50.0,50,1300.176228
-50.0,50,1300.713029
-50.0,50,1301.235773
0.0,1,1301.246774
-50.0,50,1301.810962
-50.0,50,1302.383276
0.0,1,1302.396277
-50.0,50,1303.001693
-50.0,50,1303.534746
-50.0,50,1304.098579
-50.0,50,1304.647696
-50.0,50,1306.817409
-50.0,50,1307.33613
-50.0,50,1307.847631
-50.0,50,1308.351319
-50.0,50,1308.847425
-50.0,50,1309.357768
-50.0,50,1309.907539
-50.0,50,1310.434664
-50.0,50,1310.969652
-50.0,50,1311.485419
-50.0,50,1312.016086
-50.0,50,1312.531569
-50.0,50,1313.090242
-50.0,50,1313.665423
-50.0,50,1314.250533
-50.0,50,1314.817585
-50.0,50,1315.366831
-50.0,50,1315.893696
-50.0,50,1316.461202
-50.0,50,1316.992772
-50.0,50,1317.505856
-50.0,50,1318.047187
0.0,1,1318.064189
-50.0,50,1318.606243
-50.0,50,1319.142641
-50.0,50,1319.652804
-50.0,50,1320.187059
-50.0,50,1320.710222
-50.0,50,1321.245877
-50.0,50,1321.762188
-50.0,50,1322.28228
0.0,1,1322.292281
-50.0,50,1322.851072
-50.0,50,1323.407179
-50.0,50,1323.957502
0.0,1,1323.968502
-50.0,50,1324.524352
-50.0,50,1325.061141
-50.0,50,1325.613258
0.0,1,1325.626258
-50.0,50,1326.193605
-50.0,50,1326.774365
-50.0,50,1327.289652
-50.0,50,1327.806898
-50.0,50,1328.355772
-50.0,50,1328.902026
-50.0,50,1329.446893
-50.0,50,1330.006245
-50.0,50,1330.583255
-50.0,50,1331.127379
0.0,1,1331.141378
-50.0,50,1331.702276
-50.0,50,1332.251898
-50.0,50,1332.772893
-50.0,50,1333.326162
-50.0,50,1333.887207
-50.0,50,1334.405866
-50.0,50,1334.909355
-50.0,50,1335.437045
-50.0,50,1335.959912
-50.0,50,1336.462155
-50.0,50,1336.936155
-50.0,50,1337.438662
-50.0,50,1337.913897
-50.0,50,1338.462012
0.0,1,1338.473011
-50.0,50,1339.010022
-50.0,50,1339.527096
-50.0,50,1340.096336
-50.0,50,1340.653601
-50.0,50,1341.209936
-50.0,50,1341.769023
-50.0,50,1342.316893
-50.0,50,1342.871228
-50.0,50,1343.436667
-50.0,50,1344.009518
-50.0,50,1344.556072
-50.0,50,1345.05778
-50.0,50,1345.556022
-50.0,50,1346.07566
-50.0,50,1346.580602
-50.0,50,1347.075043
0.0,1,1347.090108
-50.0,50,1347.605219
-50.0,50,1348.113345
-50.0,50,1348.597124
-50.0,50,1349.111808
-50.0,50,1349.602469
-50.0,50,1350.121558
-50.0,50,1350.598085
-50.0,50,1351.133957
-50.0,50,1351.70226
-50.0,50,1352.240362
-50.0,50,1352.756639
-50.0,50,1353.29827
-50.0,50,1353.881202
-50.0,50,1354.393624
-50.0,50,1354.951536
-50.0,50,1355.4726
-50.0,50,1356.000939
-50.0,50,1356.53008
-50.0,50,1357.070844
-50.0,50,1357.579179
-50.0,50,1358.097769
-50.0,50,1358.614252
-50.0,50,1359.140469
-50.0,50,1359.658977
-50.0,50,1360.196175
-50.0,50,1360.710103
-50.0,50,1361.22666
-50.0,50,1361.752614
-50.0,50,1362.29186
-50.0,50,1362.826193
-50.0,50,1363.356786
-50.0,50,1363.936554
-50.0,50,1364.517886
0.0,1,1364.527886
-50.0,50,1365.039978
-50.0,50,1365.568433
-50.0,50,1366.095495
-50.0,50,1366.644835
-50.0,50,1367.155233
-50.0,50,1367.686929
-50.0,50,1368.23105
-50.0,50,1368.751214
-50.0,50,1369.30242
-50.0,50,1369.833016
-50.0,50,1370.357567
-50.0,50,1370.861659
-50.0,50,1371.382295
-50.0,50,1371.913965
-50.0,50,1372.43638
-50.0,50,1372.967174
-50.0,50,1373.48735
-50.0,50,1374.023229
-50.0,50,1374.541181
-50.0,50,1375.044518
-50.0,50,1375.549112
-50.0,50,1376.080522
0.0,1,1376.092522
-50.0,50,1376.622652
-50.0,50,1377.170053
-50.0,50,1377.678284
-50.0,50,1378.250663
-50.0,50,1378.780248
-50.0,50,1379.330977
-50.0,50,1379.860356
-50.0,50,1380.403375
-50.0,50,1380.929288
0.0,1,1380.938288
-50.0,50,1381.488869
-50.0,50,1382.0494
-50.0,50,1382.560072
-50.0,50,1383.081711
-50.0,50,1383.588392
0.0,1,1383.599393
-50.0,50,1384.115538
-50.0,50,1384.614559
-50.0,50,1385.128509
-50.0,50,1385.634024
-50.0,50,1386.169151
-50.0,50,1386.637463
-50.0,50,1387.132243
0.0,1,1387.142243
-50.0,50,1387.639669
-50.0,50,1388.148947
0.0,1,1388.161949
-50.0,50,1388.712667
-50.0,50,1389.296235
0.0,1,1389.308233
-50.0,50,1389.858752
-50.0,50,1390.410445
-50.0,50,1390.932547
0.0,1,1390.945548
-50.0,50,1391.520936
-50.0,50,1392.10106
0.0,1,1392.112061
-50.0,50,1392.657346
-50.0,50,1393.229519
-50.0,50,1393.745435
-50.0,50,1394.299501
-50.0,50,1394.798015
-50.0,50,1395.313604
-50.0,50,1395.80326
-50.0,50,1396.316122
0.0,1,1396.328301
-50.0,50,1396.84581
-50.0,50,1397.374969
-50.0,50,1397.891151
-50.0,50,1398.417403
-50.0,50,1398.94342
-50.0,50,1399.480995
0.0,1,1399.490995
-50.0,50,1400.014853
-50.0,50,1400.541923
-50.0,50,1401.099998
-50.0,50,1401.647333
0.0,1,1401.657334
0.0,1,1401.672334
-50.0,50,1402.186968
-50.0,50,1402.81099
-50.0,50,1403.374153
-50.0,50,1403.903477
-50.0,50,1404.474946
-50.0,50,1405.020003
-50.0,50,1405.559638
-50.0,50,1406.082159
-50.0,50,1406.60345
-50.0,50,1407.128009
-50.0,50,1407.663871
-50.0,50,1408.193407
-50.0,50,1408.708768
-50.0,50,1409.243646
-50.0,50,1409.759958
-50.0,50,1410.291691
-50.0,50,1410.826478
-50.0,50,1411.346559
-50.0,50,1411.860261
-50.0,50,1412.398007
-50.0,50,1412.953659
-50.0,50,1415.118029
-50.0,50,1415.736871
-50.0,50,1416.315678
-50.0,50,1416.886942
-50.0,50,1417.375993
0.0,1,1417.384993
-50.0,50,1417.835813
-50.0,50,1418.313649
-50.0,50,1418.82092
-50.0,50,1419.285869
-50.0,50,1419.758092
-50.0,50,1420.218058
-50.0,50,1420.667915
-50.0,50,1421.116143
-50.0,50,1421.608538
-50.0,50,1422.054909
-50.0,50,1422.509148
-50.0,50,1422.977277
-50.0,50,1423.430573
0.0,1,1423.439811
-50.0,50,1423.900316
-50.0,50,1424.364405
0.0,1,1424.376756
-50.0,50,1424.884122
-50.0,50,1425.398442
-50.0,50,1425.932379
-50.0,50,1426.455322
-50.0,50,1426.91993
-50.0,50,1427.390789
-50.0,50,1427.853656
-50.0,50,1428.338731
-50.0,50,1428.812356
-50.0,50,1429.293287
-50.0,50,1429.760926
-50.0,50,1430.305107
-50.0,50,1430.77556
-50.0,50,1431.242087
-50.0,50,1431.704458
-50.0,50,1432.17697
-50.0,50,1432.613206
-50.0,50,1433.047827
-50.0,50,1433.513656
-50.0,50,1434.015471
-50.0,50,1434.479718
-50.0,50,1434.967795
-50.0,50,1435.447987
-50.0,50,1435.913818
-50.0,50,1436.373507
-50.0,50,1436.83177
-50.0,50,1437.283382
-50.0,50,1437.741384
-50.0,50,1438.216907
-50.0,50,1438.679074
-50.0,50,1439.154266
-50.0,50,1439.616847
-50.0,50,1440.052593
-50.0,50,1440.526041
-50.0,50,1440.965932
-50.0,50,1441.470052
-50.0,50,1441.911644
-50.0,50,1442.38618
-50.0,50,1442.840428
-50.0,50,1443.305423
-50.0,50,1443.784056
-50.0,50,1444.243514
-50.0,50,1444.689604
-50.0,50,1445.205104
-50.0,50,1445.674936
-50.0,50,1446.138548
-50.0,50,1446.62824
-50.0,50,1447.1127
-50.0,50,1447.63059
-50.0,50,1448.098813
-50.0,50,1448.608186
-50.0,50,1449.124115
-50.0,50,1449.670653
-50.0,50,1450.180351
-50.0,50,1450.69837
-50.0,50,1451.197091
-50.0,50,1451.723495
-50.0,50,1452.204687
-50.0,50,1452.697127
-50.0,50,1453.173877
-50.0,50,1453.688444
-50.0,50,1454.146658
-50.0,50,1454.640353
-50.0,50,1455.143103
-50.0,50,1455.658013
-50.0,50,1456.108582
-50.0,50,1456.601611
-50.0,50,1457.078903
-50.0,50,1457.62437
-50.0,50,1458.194255
-50.0,50,1458.775072
-50.0,50,1459.303268
-50.0,50,1459.832489
-50.0,50,1460.349304
-50.0,50,1460.868312
-50.0,50,1461.375312
-50.0,50,1461.891311
-50.0,50,1462.384819
-50.0,50,1462.859073
-50.0,50,1463.347013
-50.0,50,1463.818514
-50.0,50,1464.316087
-50.0,50,1464.793178
-50.0,50,1465.287178
-50.0,50,1465.800784
-50.0,50,1466.305506
-50.0,50,1466.808551
-50.0,50,1467.338938
-50.0,50,1467.843596
-50.0,50,1468.332031
-50.0,50,1468.835709
-50.0,50,1469.34411
-50.0,50,1469.829617
-50.0,50,1470.344771
-50.0,50,1470.81373
-50.0,50,1471.322896
-50.0,50,1471.804689
0.0,1,1471.814689
0.0,1,1471.823767
-50.0,50,1472.337133
-50.0,50,1472.979507
-50.0,50,1473.500019
-44.0,45,1473.949462
-50.0,50,1474.456405
-50.0,50,1474.971743
-50.0,50,1475.523742
-50.0,50,1476.037256
-50.0,50,1476.557259
-50.0,50,1477.054765
-50.0,50,1477.548763
-50.0,50,1478.054295
-50.0,50,1478.568869
-50.0,50,1479.075693
-50.0,50,1479.596201
-50.0,50,1480.121201
-50.0,50,1480.669109
-50.0,50,1481.180395
-50.0,50,1481.702959
-50.0,50,1482.196424
-50.0,50,1482.689627
-50.0,50,1483.186361
-50.0,50,1483.662044
-50.0,50,1484.127481
0.0,1,1484.140608
-50.0,50,1484.638741
-50.0,50,1485.160596
-50.0,50,1485.670561
-50.0,50,1486.173707
-50.0,50,1486.692121
-50.0,50,1487.215476
-50.0,50,1487.731276
-50.0,50,1488.224052
-50.0,50,1488.81607
-50.0,50,1489.351566
-50.0,50,1489.882726
-50.0,50,1490.353768
-50.0,50,1490.817633
-50.0,50,1491.373248
-50.0,50,1491.887498
-50.0,50,1492.390825
-50.0,50,1492.874827
-50.0,50,1493.388671
-50.0,50,1493.870633
-50.0,50,1494.387105
-50.0,50,1494.915149
-50.0,50,1495.433251
-50.0,50,1495.931014
-50.0,50,1496.447525
-50.0,50,1496.956524
-50.0,50,1497.476524
-50.0,50,1497.980033
-50.0,50,1498.471033
-50.0,50,1498.969008
-50.0,50,1499.471363
-50.0,50,1499.971405
-50.0,50,1500.477444
-50.0,50,1501.030509
0.0,1,1501.041753
-50.0,50,1501.597248
0.0,1,1501.612383
-50.0,50,1502.076411
-50.0,50,1502.5972
-50.0,50,1503.08601
-50.0,50,1503.611198
-50.0,50,1504.149083
-50.0,50,1504.682562
-50.0,50,1505.165356
-50.0,50,1505.653696
-50.0,50,1506.211914
-50.0,50,1506.734656
-50.0,50,1507.192454
-50.0,50,1507.672293
-50.0,50,1508.133972
-50.0,50,1508.61415
-50.0,50,1509.114673
-50.0,50,1509.582249
-50.0,50,1510.033971
-50.0,50,1510.51894
-50.0,50,1510.993794
-50.0,50,1511.510624
-50.0,50,1511.993531
-50.0,50,1512.499683
0.0,1,1512.511684
-50.0,50,1512.987017
0.0,1,1512.996169
-50.0,50,1513.480721
-50.0,50,1513.984992
-50.0,50,1515.90131
0.0,1,1515.910302
-50.0,50,1516.416408
-50.0,50,1516.894737
-50.0,50,1517.370275
-50.0,50,1517.81469
-50.0,50,1518.268545
-50.0,50,1518.744772
-50.0,50,1519.226317
-34.0,35,1519.554758
-50.0,50,1520.031506
-50.0,50,1520.502368
-50.0,50,1520.94997
-50.0,50,1521.410245
-50.0,50,1521.900525
-50.0,50,1522.394104
-50.0,50,1522.87699
-50.0,50,1523.328185
-50.0,50,1523.830883
-50.0,50,1524.296616
0.0,1,1524.312779
-50.0,50,1524.808082
-50.0,50,1525.29436
-50.0,50,1525.78928
-50.0,50,1526.333117
-50.0,50,1526.83022
-50.0,50,1527.340091
0.0,1,1527.351298
-50.0,50,1527.855424
-50.0,50,1528.348345
-50.0,50,1528.817852
-50.0,50,1529.307065
0.0,1,1529.325066
-50.0,50,1529.838571
-50.0,50,1530.28945
-50.0,50,1530.795081
-50.0,50,1531.286747
-50.0,50,1531.775111
-50.0,50,1532.254486
-50.0,50,1532.761576
-50.0,50,1533.259119
-50.0,50,1533.764798
-50.0,50,1534.243644
-50.0,50,1534.718875
-50.0,50,1535.235673
-50.0,50,1535.751716
-50.0,50,1536.204037
-50.0,50,1536.7223
-50.0,50,1537.186575
-50.0,50,1537.649457
-50.0,50,1538.166615
-50.0,50,1538.633189
-50.0,50,1539.120208
-50.0,50,1539.58472
-50.0,50,1540.067242
-50.0,50,1540.569002
-50.0,50,1541.048895
-50.0,50,1541.508743
-50.0,50,1541.960791
-50.0,50,1542.425455
-50.0,50,1542.890816
-50.0,50,1543.345703
-50.0,50,1543.861961
-50.0,50,1544.332688
-50.0,50,1544.816324
-50.0,50,1545.29384
-50.0,50,1545.776624
-50.0,50,1546.223334
0.0,1,1546.236491
-50.0,50,1546.743717
-50.0,50,1547.244352
-50.0,50,1547.70226
-50.0,50,1548.176868
-50.0,50,1548.63189
-50.0,50,1549.113714
0.0,1,1549.125304
-50.0,50,1549.599019
-50.0,50,1550.058353
-50.0,50,1550.536034
-50.0,50,1550.988869
0.0,1,1551.00187
-50.0,50,1551.462778
-50.0,50,1551.995888
-50.0,50,1552.470068
-50.0,50,1552.958455
-50.0,50,1553.447488
-50.0,50,1553.933695
-50.0,50,1554.399327
-50.0,50,1554.902686
-50.0,50,1555.371126
-50.0,50,1555.862542
-50.0,50,1556.306745
-50.0,50,1556.810228
-50.0,50,1557.34833
-50.0,50,1557.8595
-50.0,50,1558.354326
-50.0,50,1558.933419
-50.0,50,1559.435694
-50.0,50,1559.997212
-50.0,50,1560.508955
-50.0,50,1560.98736
-50.0,50,1561.506917
-50.0,50,1562.010064
-50.0,50,1562.479193
-50.0,50,1562.991976
-50.0,50,1563.459595
-50.0,50,1563.93415
-50.0,50,1564.425929
-50.0,50,1564.886896
-50.0,50,1565.355836
-50.0,50,1565.845763
-50.0,50,1566.293648
-50.0,50,1566.764417
-50.0,50,1567.276072
-50.0,50,1567.750962
-50.0,50,1568.211402
-50.0,50,1568.761102
-50.0,50,1569.273469
-50.0,50,1569.776852
-50.0,50,1570.243817
-50.0,50,1570.724915
-50.0,50,1571.209771
-50.0,50,1571.689019
-50.0,50,1572.174555
-50.0,50,1572.669241
-50.0,50,1573.181763
-50.0,50,1573.653616
0.0,1,1573.6627
0.0,1,1573.6777
-50.0,50,1574.145479
-50.0,50,1574.628958
-50.0,50,1575.157759
-50.0,50,1575.66503
-50.0,50,1576.154655
0.0,1,1576.164745
0.0,1,1576.173744
0.0,1,1576.193133
-50.0,50,1576.688234
-50.0,50,1577.331019
-50.0,50,1577.825858
-50.0,50,1578.298353
-50.0,50,1578.748334
-50.0,50,1579.202633
-50.0,50,1579.700189
-50.0,50,1580.14712
-50.0,50,1580.591434
-50.0,50,1581.021268
-50.0,50,1581.456443
-50.0,50,1581.918566
-50.0,50,1582.358149
-50.0,50,1582.813376
-50.0,50,1583.251339
-50.0,50,1583.760231
0.0,1,1583.772451
-50.0,50,1584.252166
-50.0,50,1584.713975
-50.0,50,1585.193839
-50.0,50,1585.6597
-50.0,50,1586.128612
-50.0,50,1586.609026
0.0,1,1586.62835
0.0,1,1586.638422
-50.0,50,1587.10693
-50.0,50,1587.65604
-50.0,50,1588.12332
-50.0,50,1588.587707
-50.0,50,1589.087506
-50.0,50,1589.540226
-50.0,50,1590.015865
-50.0,50,1590.505736
-50.0,50,1591.000845
0.0,1,1591.008983
-50.0,50,1591.469952
-50.0,50,1591.956161
-50.0,50,1592.388435
-50.0,50,1592.855976
-50.0,50,1593.309563
-50.0,50,1593.771018
-50.0,50,1594.236249
-50.0,50,1594.675158
-50.0,50,1595.119445
-50.0,50,1595.605972
-50.0,50,1596.041846
-50.0,50,1596.48952
-50.0,50,1596.955351
-50.0,50,1597.432969
-50.0,50,1597.946426
-50.0,50,1598.388918
0.0,1,1598.402917
-50.0,50,1598.880584
-50.0,50,1599.316675
-50.0,50,1599.762268
-50.0,50,1600.203898
0.0,1,1600.215898
-50.0,50,1600.653228
-50.0,50,1601.101996
-50.0,50,1601.546875
-50.0,50,1602.000594
-50.0,50,1602.439583
-50.0,50,1602.881207
-50.0,50,1603.308357
-50.0,50,1603.745237
-50.0,50,1604.198188
-50.0,50,1604.649652
-50.0,50,1605.087756
-50.0,50,1605.519324
0.0,1,1605.527541
-50.0,50,1605.979252
-50.0,50,1606.407332
-50.0,50,1606.856161
-50.0,50,1607.282012
-50.0,50,1607.765223
-50.0,50,1608.245597
-50.0,50,1608.691939
-50.0,50,1609.177515
-50.0,50,1609.618926
-50.0,50,1610.062296
-50.0,50,1610.521548
-50.0,50,1610.985775
