#{"t_start": 1777823530.100975, "env_id": "FetchPush-v4"}
r,l,t
-49.91127,50,0.913373
-49.930006,50,0.965631
-49.970794,50,1.00663
-49.94788,50,1.04563
-49.965936,50,1.08963
-49.961545,50,1.12963
-49.947845,50,1.17063
-49.97708,50,1.21163
-49.984873,50,1.256631
-49.948822,50,1.300776
-50.14586,50,1.349776
-49.934204,50,1.392778
-49.960048,50,1.439776
-49.957386,50,1.482776
-49.952762,50,1.524776
-49.927092,50,1.574776
-49.946689,50,1.625834
-49.934413,50,1.672153
-49.966342,50,1.717313
6.1e-05,1,1.718313
0.000132,1,1.721314
-49.956723,50,1.765713
-49.942541,50,1.808791
-49.963928,50,1.850037
-49.933778,50,1.895192
-49.969588,50,1.938269
-49.984885,50,1.98107
-49.96335,50,2.022544
-49.945504,50,2.073839
-49.951826,50,2.117988
-49.936596,50,2.158988
-49.983501,50,2.202215
-49.946527,50,2.248438
-49.962873,50,2.289578
-49.950081,50,2.334906
-49.948739,50,2.375049
-49.971295,50,2.423125
-49.9441,50,2.463414
-49.975121,50,2.504699
-49.977978,50,2.547924
-49.92614,50,2.603283
0.000238,1,2.605281
-49.981096,50,2.649281
-49.953612,50,2.699829
-49.955369,50,2.7459
-49.966626,50,2.791214
-49.945819,50,2.833766
-49.984092,50,2.879841
-49.98686,50,2.92292
-49.947646,50,2.96715
-49.94877,50,3.009414
-49.978866,50,3.049489
-49.945368,50,3.09464
-49.973101,50,3.136373
-49.957098,50,3.181446
-49.959191,50,3.231727
-49.937974,50,3.276873
-49.958236,50,3.320017
-49.976327,50,3.363234
-49.966187,50,3.405372
-49.947053,50,3.459643
-49.945887,50,3.502774
-49.953534,50,3.544909
-49.932207,50,3.585046
-49.938061,50,3.635381
-49.963341,50,3.676538
-49.959795,50,3.719625
-49.975022,50,3.764721
-49.966757,50,3.809801
0.000147,1,3.810803
0.000117,1,3.8128
-49.944673,50,3.857882
-49.958488,50,3.903883
-49.98617,50,3.947135
0.000215,1,3.949137
0.000233,1,3.950137
-49.968718,50,3.993221
-49.975028,50,4.037222
-49.94872,50,4.135421
-49.970447,50,4.199519
-49.964263,50,4.25718
-49.940635,50,4.304263
-49.931636,50,4.348358
-49.943352,50,4.401508
-49.936858,50,4.4576
-49.971879,50,4.50378
-49.928334,50,4.544098
-49.977948,50,4.590307
-50.093386,50,4.639458
-49.968508,50,4.680631
-49.959246,50,4.723861
-49.955941,50,4.766945
-49.949162,50,4.813945
-50.12515,50,4.857945
-49.973567,50,4.899945
-49.945311,50,4.943191
-49.976886,50,4.987353
-49.958174,50,5.029583
-49.948601,50,5.073807
-49.935088,50,5.114885
0.000214,1,5.118886
-49.933611,50,5.160886
-49.962623,50,5.20325
-49.961976,50,5.244498
-49.94253,50,5.289571
-49.950768,50,5.330732
-49.949904,50,5.373809
-49.953749,50,5.665994
-49.961006,50,6.104904
-49.986944,50,6.577496
-49.946267,50,7.019678
-49.940592,50,7.496611
-49.979051,50,7.982563
6.1e-05,1,7.990562
-49.952754,50,8.46719
-50.139548,50,8.919015
-49.947285,50,9.351187
-49.968991,50,9.787032
-49.967073,50,10.254842
-49.972406,50,10.686786
9.6e-05,1,10.701839
-49.98117,50,11.132132
-49.979468,50,11.570228
-49.946433,50,12.035434
1.5e-05,1,12.048433
-49.967577,50,12.503769
-49.912588,50,12.991922
-49.945664,50,13.423353
-50.001744,50,13.881314
-49.92789,50,14.307991
-49.983282,50,14.767992
-49.969761,50,15.199409
-49.961028,50,15.6401
-49.947691,50,16.117188
-49.961571,50,16.551996
-49.947677,50,17.009091
-49.957837,50,17.466053
-49.976319,50,17.92452
-49.957008,50,18.41404
0.000207,1,18.423225
-49.945534,50,18.880429
-49.978116,50,19.333673
-49.944362,50,19.770047
-49.931707,50,20.207376
-49.960778,50,20.656473
-49.970287,50,21.089671
-49.971502,50,21.520256
-49.955063,50,21.969733
-49.954833,50,22.414604
-49.975106,50,22.86624
-49.942319,50,23.324541
-49.958553,50,23.757609
-49.983881,50,24.205298
-49.955573,50,24.646094
-49.958644,50,25.107362
0.000218,1,25.118635
-49.930312,50,25.570162
-49.978304,50,25.997895
-49.957396,50,26.438791
-49.922041,50,26.878495
0.000226,1,26.893495
-49.960563,50,27.347617
-50.006633,50,27.830979
-49.946131,50,28.26559
-49.957345,50,28.715839
-49.931342,50,29.153866
-49.937553,50,29.591018
-49.927574,50,30.062964
-49.96454,50,30.594661
-49.952698,50,31.117607
-49.961983,50,31.625371
-49.912823,50,32.120507
-49.957387,50,32.60111
-49.965835,50,33.034294
-50.117063,50,33.533598
-49.980662,50,33.987776
-49.966349,50,34.443234
-49.986394,50,34.863745
-49.935654,50,35.314729
-49.959765,50,35.756102
-49.925398,50,36.186744
-49.964161,50,36.614748
-49.96009,50,37.06523
-49.985473,50,37.495618
-49.941596,50,37.937119
0.000126,1,37.946216
-49.938368,50,38.366867
-49.97404,50,38.805843
-49.969187,50,39.256188
-50.010077,50,39.683264
-49.980559,50,40.143076
-49.943591,50,40.582255
-49.91168,50,41.043154
-49.970474,50,41.489878
-49.947137,50,41.92365
-49.965067,50,42.348701
-49.96446,50,42.791878
-49.977781,50,43.227129
-49.955652,50,43.717372
-49.947974,50,44.154515
-49.974834,50,44.583967
-49.968331,50,45.035293
0.000121,1,45.044411
-49.965686,50,45.487643
-49.945705,50,46.017241
-49.948873,50,46.456168
-49.939672,50,46.889878
-49.977314,50,47.31721
-49.942394,50,47.762029
-49.970789,50,48.212396
-49.928141,50,48.672222
-49.965894,50,49.115981
-49.951475,50,49.570649
0.000241,1,49.583953
-49.971232,50,50.030814
-49.941595,50,50.474362
-49.972712,50,52.257084
-49.959364,50,52.692137
-49.936397,50,53.16403
0.000191,1,53.176028
-49.970507,50,53.669819
-49.975893,50,54.162791
-49.982814,50,54.594755
-49.981264,50,55.043793
-49.927051,50,55.495611
-49.996716,50,55.953645
-50.140827,50,56.414479
-49.97634,50,56.845744
-49.959693,50,57.281077
-49.947492,50,57.717931
-49.923693,50,58.150426
-49.939982,50,58.580978
-49.974901,50,59.033329
-49.932174,50,59.46534
0.000203,1,59.474497
0.00015,1,59.484498
-49.943662,50,59.948808
-49.942064,50,60.37799
-49.956278,50,60.818916
-49.970454,50,61.244868
-49.948305,50,61.711337
-49.935064,50,62.15818
-49.949232,50,62.593656
-49.919705,50,63.045331
-49.982069,50,63.479298
-49.923624,50,63.969486
-49.971782,50,64.424158
0.000235,1,64.43337
-49.918393,50,64.873943
-49.96058,50,65.382806
-49.946577,50,65.859226
-49.939363,50,66.291836
-49.935021,50,66.75247
-49.956387,50,67.200956
-49.980325,50,67.665
-49.932878,50,68.122947
-49.960936,50,68.57757
-49.950705,50,69.036446
-49.971726,50,69.466618
-49.944408,50,69.88778
-49.901003,50,70.368458
-49.986434,50,70.828123
-49.935002,50,71.283478
-49.93328,50,71.731164
0.000239,1,71.743165
-49.942739,50,72.229077
-49.978984,50,72.65119
-49.967803,50,73.0825
-49.939293,50,73.542621
-49.942866,50,74.039024
-49.958124,50,74.487137
-49.940418,50,74.945361
-49.927792,50,75.373108
-49.937249,50,75.866105
-49.964829,50,76.314257
-49.966621,50,76.757202
-49.930038,50,77.245843
-49.939945,50,77.689965
-49.962701,50,78.157888
-49.945127,50,78.591204
-49.917153,50,79.041095
-49.975347,50,79.484957
-49.949064,50,79.919824
-49.984195,50,80.358473
-49.965352,50,80.794286
-49.942862,50,81.226534
-49.96966,50,81.665575
-49.979821,50,82.095973
-49.947164,50,82.524699
-49.936946,50,82.961132
-49.948192,50,83.405631
-49.933269,50,83.832293
-49.980672,50,84.31819
-49.946934,50,84.749752
-49.935155,50,85.196649
-49.978807,50,85.641528
-49.965469,50,86.106507
-49.983692,50,86.549231
-49.928889,50,87.015273
-49.92697,50,87.482171
-49.982982,50,87.914011
-49.93233,50,88.395985
0.000206,1,88.4081
-49.961928,50,88.866674
-49.975692,50,89.329014
-49.948962,50,89.76955
-49.963124,50,90.24563
-49.959707,50,90.691654
0.00023,1,90.704652
-49.912395,50,91.168582
-49.941817,50,91.598626
-49.975516,50,92.081751
-49.958462,50,92.534158
-49.98212,50,92.989877
-49.927034,50,93.434164
-49.926097,50,93.865777
-49.973332,50,94.360157
-49.958612,50,94.827588
-49.986798,50,95.269566
-49.959344,50,95.708892
-49.933977,50,96.153352
-49.94808,50,96.599201
-49.955227,50,97.0424
-49.951357,50,97.478781
-49.954626,50,97.920565
-49.932117,50,98.377032
-49.956486,50,98.821837
-49.930738,50,99.279342
-49.959472,50,99.722597
-49.945614,50,100.192638
-49.999625,50,100.633272
-49.957437,50,101.117138
-49.982281,50,101.575228
-49.969839,50,102.009853
-49.918738,50,102.466278
-49.922527,50,102.892244
-49.982948,50,103.362182
-49.954456,50,103.830679
-49.974817,50,104.330709
-49.942819,50,104.794459
-49.975066,50,105.299416
-49.97987,50,105.773469
-49.94271,50,106.210259
8.1e-05,1,106.218383
-49.964939,50,106.680484
-49.93728,50,107.148738
-49.952966,50,107.578214
-49.97695,50,108.017998
-49.983515,50,108.467168
-49.930403,50,108.898929
-49.969906,50,109.348433
-49.954547,50,109.776759
-49.970884,50,110.221898
-49.933943,50,110.659959
-49.939309,50,111.145399
-49.957732,50,111.59102
-49.949556,50,112.074143
-49.970954,50,112.541632
-49.964336,50,112.982783
-49.940125,50,113.442757
-49.972618,50,113.922115
-49.957401,50,114.398264
-49.902753,50,114.898703
-49.962547,50,115.331963
-49.964508,50,115.788392
0.000149,1,115.797392
-49.97969,50,116.312602
-49.948734,50,116.758879
-49.950217,50,117.222129
-49.976469,50,117.651369
-49.935247,50,118.07911
-49.945434,50,118.55503
-49.954645,50,119.018218
-49.961118,50,119.470557
-49.955718,50,119.920735
-49.969397,50,120.351083
-49.982129,50,120.793247
-49.981672,50,121.248108
-49.943268,50,121.715117
-49.938254,50,122.150607
-49.982864,50,122.642753
-49.934848,50,123.112591
-50.000658,50,123.577959
-50.009728,50,124.021333
-50.154215,50,124.520523
-49.951591,50,125.028997
-49.96069,50,125.516961
-50.075115,50,125.967917
-49.940674,50,126.451302
-50.007606,50,126.883496
-49.946821,50,127.357603
-49.959467,50,127.814736
-49.983058,50,128.259984
-49.934845,50,128.691042
-49.959184,50,129.134115
-49.954784,50,129.569024
-49.985329,50,130.020102
-49.950813,50,130.466334
-49.973132,50,130.913021
-49.981709,50,131.346323
-49.938953,50,131.781331
-49.966741,50,132.224624
-49.939171,50,132.654514
-49.983189,50,133.097715
-49.972188,50,133.574477
0.000202,1,133.583605
-50.021182,50,134.025471
-49.952815,50,134.482713
-49.947477,50,134.975868
-49.935855,50,135.460701
-49.943247,50,135.928473
-49.945964,50,136.380267
-49.953697,50,136.862099
-49.979394,50,137.323467
-50.137415,50,137.7709
0.0001,1,137.780973
-49.991078,50,138.239964
0.000172,1,138.247964
-49.97709,50,138.701691
-49.945948,50,139.175271
-49.984252,50,139.619823
-49.947184,50,140.046007
-49.937748,50,140.502119
-49.924581,50,140.934959
-49.978316,50,141.421548
-49.949325,50,141.898001
-49.934134,50,142.37288
-49.984965,50,142.813802
-49.963122,50,144.684
-49.975931,50,145.155511
-49.937175,50,145.591436
-49.968814,50,146.039496
-49.936286,50,146.483096
-49.933693,50,146.914895
8.1e-05,1,146.92299
-49.928817,50,147.372859
-49.941624,50,147.822255
-49.996755,50,148.268115
-49.965173,50,148.709474
-49.978807,50,149.140958
-49.949573,50,149.59935
-49.99176,50,150.03581
-49.948084,50,150.490658
0.00021,1,150.498732
9e-05,1,150.516776
-49.956721,50,150.945658
0.000224,1,150.95489
-49.982894,50,151.410498
0.000208,1,151.429581
-49.957993,50,151.902764
-49.968725,50,152.356127
-49.952346,50,152.791464
-49.956096,50,153.220811
0.000194,1,153.233036
-49.96668,50,153.664053
-49.949171,50,154.098517
-49.948949,50,154.544524
-49.986032,50,154.999593
-49.976867,50,155.470368
-49.941089,50,155.911784
-49.967652,50,156.376459
-49.973054,50,156.807022
-16.993187,18,156.969827
-49.915344,50,157.433925
-49.958921,50,157.878561
-49.941462,50,158.32976
-49.945669,50,158.798279
-49.948421,50,159.267997
0.000105,1,159.282997
-49.95167,50,159.742027
-49.970676,50,160.174945
-49.977461,50,160.618617
-49.93109,50,161.0807
-49.993923,50,161.525585
-49.976074,50,161.98673
-49.940322,50,162.437242
-49.955397,50,162.886956
-49.925595,50,163.379164
-49.96562,50,163.828065
-49.966211,50,164.298268
-49.951268,50,164.757649
-49.972261,50,165.270348
-49.94563,50,165.729191
-49.950686,50,166.165513
-49.976839,50,166.627053
-49.938009,50,167.065793
-49.977802,50,167.50852
-50.015788,50,167.960055
-49.95543,50,168.417842
-50.08189,50,168.867364
-49.951131,50,169.319035
-49.973295,50,169.791238
-49.962341,50,170.236015
-49.982098,50,170.683358
-49.936183,50,171.139459
-49.921998,50,171.6106
-49.984826,50,172.055253
-49.962911,50,172.523914
-49.931992,50,172.955058
-49.950188,50,173.398575
-50.009476,50,173.844639
-49.950245,50,174.289112
-49.974793,50,174.76252
-49.937619,50,175.180681
-49.963944,50,175.716379
-49.964488,50,176.16182
-49.958175,50,176.612963
0.000192,1,176.621964
-49.965819,50,177.082405
-49.978963,50,177.52236
-49.975515,50,177.973897
-49.971561,50,178.410126
-49.982559,50,178.858582
-49.938872,50,179.29417
-49.944273,50,179.741559
-49.959354,50,180.162526
-49.922845,50,180.614594
-49.964231,50,181.047134
-49.973301,50,181.494655
-49.984259,50,181.931915
-49.946692,50,182.390477
-49.938885,50,182.846615
0.000106,1,182.855895
-49.981393,50,183.291023
-49.980755,50,183.75003
-49.928247,50,184.193012
-49.975887,50,184.637696
-49.938474,50,185.097107
-49.978747,50,185.592764
-49.966756,50,186.073338
-49.981976,50,186.532989
-49.956782,50,186.974156
-49.972414,50,187.407992
-49.970653,50,187.857136
-49.975314,50,188.318719
-49.951856,50,188.770973
-49.966907,50,189.219632
-49.966613,50,189.669352
-49.970939,50,190.137828
-49.94599,50,190.583074
-49.986136,50,191.043794
-50.111807,50,191.472683
-49.976269,50,191.932493
-49.954539,50,192.355079
-49.940128,50,192.811182
-49.958657,50,193.254888
-49.932544,50,193.727032
-49.921263,50,194.168998
-49.963186,50,194.647165
-49.949524,50,195.093158
-49.943698,50,195.590433
-49.972319,50,196.045067
0.00018,1,196.057067
-49.989897,50,196.514978
-49.94398,50,196.965363
-49.947088,50,197.425961
-49.96373,50,197.889174
-49.950651,50,198.34064
-49.930273,50,198.799359
-49.956888,50,199.304735
-49.925999,50,199.928709
-50.040189,50,200.395866
-50.119981,50,200.832118
-49.991908,50,201.273818
-49.978157,50,201.718987
-49.916171,50,202.15371
-49.942611,50,202.582502
-49.961566,50,203.020294
-49.94011,50,203.481059
-49.969864,50,203.924408
-49.926244,50,204.389682
-49.953717,50,204.831295
-49.961666,50,205.261286
-49.924732,50,205.72093
-49.914414,50,206.204289
-50.181282,50,206.645676
-49.933861,50,207.096336
-49.967781,50,207.548634
-49.970944,50,208.038679
-49.963798,50,208.503821
-49.985409,50,208.982414
-49.966578,50,209.437904
-49.95205,50,209.879475
-49.923778,50,210.366135
-49.974991,50,210.831411
-49.945009,50,211.298135
-49.97435,50,211.742576
-49.953811,50,212.17873
-49.980991,50,212.663815
-49.980039,50,213.101245
-49.943968,50,213.531337
-49.933656,50,213.982963
-49.942043,50,214.454674
-49.986558,50,214.900265
-49.942857,50,215.32131
0.000248,1,215.33031
-49.928449,50,215.792785
-49.923983,50,216.280167
-49.926445,50,216.737305
-49.93241,50,217.182906
-49.956559,50,217.64476
-49.97256,50,218.067434
-49.986098,50,218.531967
-49.953425,50,219.012621
-49.985833,50,219.48608
-49.978458,50,219.945088
-49.979406,50,220.398037
-49.966689,50,220.875449
-49.959743,50,221.322324
-49.966708,50,221.77869
-49.970981,50,222.204054
0.000228,1,222.213177
-49.941562,50,222.662245
-49.956593,50,223.108018
-49.930769,50,223.549372
-11.984806,13,223.674902
-49.929295,50,224.132109
-49.98433,50,224.58406
-49.998283,50,225.028826
-49.936167,50,225.469803
-49.986958,50,225.909975
-49.980395,50,226.4033
8.3e-05,1,226.413395
-49.952224,50,226.854784
-49.94823,50,227.29317
-49.936215,50,227.778939
-49.975813,50,228.239538
-49.970298,50,228.696503
-49.977143,50,229.157035
-49.949322,50,229.594033
-49.973705,50,230.061302
-49.94758,50,230.499017
-49.991752,50,230.980485
-50.063526,50,231.416048
-49.946073,50,231.854984
-49.976447,50,232.306834
-49.944538,50,232.772501
-49.958935,50,233.226786
-50.001035,50,233.678989
-49.957607,50,234.137519
-49.96516,50,234.591652
-49.984178,50,235.028327
-49.961565,50,236.932347
-49.933378,50,237.391377
-49.923046,50,237.853133
-49.995837,50,238.302653
-49.981485,50,238.747064
-49.974103,50,239.193668
-49.970889,50,239.649574
-49.940974,50,240.104928
-49.929816,50,240.54768
-49.934226,50,241.013645
-49.980574,50,241.467074
-49.95441,50,241.908753
-49.969332,50,242.347242
-49.936245,50,242.801776
-49.948652,50,243.249393
-49.932304,50,243.714523
-49.946603,50,244.184708
-49.974528,50,244.628297
-49.95446,50,245.109982
-49.929248,50,245.563986
-49.959516,50,246.059193
-49.940411,50,246.572975
-49.956032,50,247.01688
-49.980939,50,247.493144
-49.937028,50,247.941759
-49.946357,50,248.42071
-49.954404,50,248.892529
-49.969167,50,249.364214
-49.966031,50,249.823771
-49.950708,50,250.255743
-49.95532,50,250.722111
-49.943742,50,251.215174
-49.945587,50,251.687713
-49.953232,50,252.140578
-49.941123,50,252.579473
-49.981593,50,253.024158
-49.972452,50,253.485531
-49.945816,50,253.947118
-49.955765,50,254.398054
-49.931933,50,254.846569
-49.976804,50,255.338145
0.000199,1,255.347237
-49.98037,50,255.812753
-49.939853,50,256.240525
-49.979304,50,256.78477
-49.973646,50,257.2603
-49.950069,50,257.751267
-49.949902,50,258.201752
-49.946422,50,258.660771
-49.964454,50,259.132219
-49.956946,50,259.582432
-49.936115,50,260.060219
-50.163001,50,260.515949
0.000213,1,260.524054
-49.965173,50,260.969859
-49.953556,50,261.401071
-49.955354,50,261.832162
-49.936195,50,262.292083
0.000206,1,262.304176
-49.960596,50,262.75019
-49.945863,50,263.19277
-49.939429,50,263.63866
-49.967017,50,264.086136
-49.953734,50,264.562797
-49.958674,50,265.014536
-49.941278,50,265.458296
-49.936375,50,265.934956
-49.983314,50,266.387841
-49.921584,50,266.904096
0.000205,1,266.913221
-49.935413,50,267.372046
-49.923148,50,267.842453
-49.98272,50,268.303481
-49.943912,50,268.758365
-49.973588,50,269.238663
-49.920362,50,269.702739
-49.957007,50,270.167356
-49.981805,50,270.652556
-49.927697,50,271.15171
-49.917199,50,271.608948
-49.965899,50,272.052687
-49.972126,50,272.541362
0.000156,1,272.557362
-49.954585,50,272.995542
-49.947893,50,273.4209
-49.965308,50,273.869285
-49.954597,50,274.334502
0.000133,1,274.344853
-49.97992,50,274.770569
-49.921606,50,275.2418
-49.933624,50,275.697927
-49.989109,50,276.172546
-49.952251,50,276.60936
-49.953164,50,277.083246
-49.934202,50,277.535723
-49.980255,50,277.974854
-49.933846,50,278.41119
-49.98314,50,278.855438
-49.975125,50,279.310231
-49.967895,50,279.747975
-49.967507,50,280.210699
-49.984106,50,280.684261
-49.940761,50,281.190418
-49.977223,50,281.723495
-49.981914,50,282.235068
-50.003055,50,282.672988
-49.970202,50,283.151052
-49.946309,50,283.608599
-49.936519,50,284.0891
-49.987308,50,284.558781
-50.075434,50,285.002182
-49.98281,50,285.435753
-49.940752,50,285.859908
-49.938167,50,286.307762
-49.979266,50,286.74583
-50.102066,50,287.238295
-49.949113,50,287.6923
-49.946299,50,288.136795
-49.93078,50,288.595028
-49.950468,50,289.029672
0.000145,1,289.03792
-49.953961,50,289.480366
7.9e-05,1,289.492446
-49.975226,50,289.955361
-49.94942,50,290.384417
-49.929302,50,290.818678
-49.942182,50,291.301342
-49.958977,50,291.736552
-49.971014,50,292.219558
-49.934129,50,292.667792
-49.961783,50,293.118382
-49.948463,50,293.602961
-49.956179,50,294.064352
-49.988006,50,294.534872
-49.969621,50,294.979278
-49.969721,50,295.414372
-49.936429,50,295.855082
-49.957074,50,296.311472
-49.942371,50,296.785632
-49.96919,50,297.277467
-49.964841,50,297.71048
-49.964537,50,298.167135
-49.988122,50,298.609208
-49.985019,50,299.056905
-49.960836,50,299.523971
-49.941841,50,299.968398
-49.954872,50,300.419074
-49.950124,50,300.863059
0.000245,1,300.871058
-49.958668,50,301.356578
-49.984467,50,301.813686
-49.958351,50,302.25824
-49.961725,50,302.706902
-49.967005,50,303.164239
0.000175,1,303.177362
7.4e-05,1,303.186465
-49.93593,50,303.66057
-49.965447,50,304.110958
0.000111,1,304.123958
-49.955462,50,304.585242
-50.05386,50,305.050066
-49.975868,50,305.484835
-49.952763,50,305.933057
-49.970367,50,306.397392
-49.963715,50,306.86516
-49.949409,50,307.417392
0.000182,1,307.436479
-49.959601,50,307.915749
-49.974928,50,308.366304
-49.930128,50,308.813443
-49.959679,50,309.283273
-49.973964,50,309.767212
-49.950231,50,310.30109
-49.935514,50,310.838483
-49.943525,50,311.388842
-49.976857,50,311.889382
-49.953588,50,312.333153
-49.966454,50,312.769224
-49.960121,50,313.227556
-49.959513,50,313.660494
-49.943008,50,314.118137
-49.981876,50,314.55614
-49.930444,50,315.002338
-49.97573,50,315.467814
-49.956562,50,315.906898
-49.96834,50,316.372831
-49.932569,50,316.825589
5e-05,1,316.83472
-49.974679,50,317.286789
-49.974741,50,317.813114
-49.942134,50,318.28067
-49.971967,50,318.732434
-49.969749,50,319.178081
-49.968376,50,319.636683
-49.973561,50,320.121254
-49.96383,50,320.602165
-49.963275,50,321.050409
-49.945438,50,321.477933
-49.981335,50,321.944325
-49.971512,50,322.389139
-49.959522,50,322.828345
-49.927638,50,323.282131
0.000207,1,323.296424
-49.973595,50,323.730732
-49.950878,50,324.175206
0.000229,1,324.183375
-49.966297,50,324.683366
-49.947964,50,325.140388
-49.978566,50,325.602932
-50.066343,50,326.077334
9.3e-05,1,326.090334
-49.95755,50,326.530281
-49.980085,50,326.973766
-49.986996,50,327.42714
-49.928097,50,327.948273
-49.986816,50,328.383266
-49.954518,50,328.859147
-49.971705,50,330.783092
-49.976869,50,331.245531
-49.964607,50,331.6997
-49.964117,50,332.18369
-49.959392,50,332.644247
-49.963136,50,333.084089
-49.986642,50,333.543773
-49.948444,50,334.005391
-49.972664,50,334.451225
-49.96612,50,334.909509
-49.960263,50,335.377933
2.5e-05,1,335.391078
-49.962513,50,335.835668
-50.017821,50,336.276612
-49.929433,50,336.732458
-49.98276,50,337.184468
-49.998481,50,337.623775
-49.941808,50,338.126388
-49.966808,50,338.560165
-49.976454,50,339.030267
-49.940926,50,339.538277
-49.947871,50,339.993607
-49.98741,50,340.445432
-49.940384,50,340.9085
-49.933624,50,341.360843
-49.94928,50,341.81898
-49.932012,50,342.267637
-49.961143,50,342.718314
-49.935793,50,343.183336
-49.935647,50,343.657186
-49.977455,50,344.116295
-49.981899,50,344.560233
-49.946434,50,344.999814
-49.977861,50,345.443184
-49.943922,50,345.867892
-49.948109,50,346.322987
-49.953293,50,346.764501
-49.955979,50,347.207669
-49.938002,50,347.638581
-49.986077,50,348.135373
-49.962712,50,348.579612
-49.942875,50,349.030741
-49.945464,50,349.471856
-49.941184,50,349.934957
-49.960095,50,350.398284
-49.982907,50,350.869092
-49.933229,50,351.325168
-49.970403,50,351.768058
-49.944024,50,352.220882
-49.903087,50,352.695652
-49.952374,50,353.148745
-49.943063,50,353.610741
-49.9762,50,354.048021
-49.958245,50,354.516721
0.0001,1,354.524721
-49.952865,50,354.969116
-49.982484,50,355.429494
-50.003413,50,355.862808
-49.953436,50,356.296575
-50.072421,50,356.738225
-49.953822,50,357.20732
-50.102643,50,357.658137
0.000242,1,357.668231
-49.94386,50,358.149817
-49.959474,50,358.607346
-49.977276,50,359.050215
-49.93315,50,359.496232
-49.951269,50,359.93329
-49.959475,50,360.371235
-49.946115,50,360.816893
-49.970773,50,361.270536
-49.947308,50,361.714761
-49.935972,50,362.148848
-49.980241,50,362.602054
-49.934988,50,363.025547
-49.982688,50,363.510342
-49.953243,50,363.960675
-49.974605,50,364.410914
-49.967178,50,364.859441
-49.927718,50,365.344871
-49.943279,50,365.793466
-49.950207,50,366.247841
-49.973069,50,366.67221
0.000142,1,366.683416
-49.970441,50,367.145614
-49.965575,50,367.582352
-49.931628,50,368.046255
-49.93397,50,368.512922
-49.927621,50,368.93745
-49.985495,50,369.397492
-49.937201,50,369.882901
-49.943363,50,370.352668
-49.961646,50,370.799433
-49.958952,50,371.250222
-49.959133,50,371.705673
-49.92052,50,372.144247
-49.97578,50,372.595381
-49.977773,50,373.033799
-49.963746,50,373.470293
-49.9324,50,373.916331
-49.98493,50,374.371054
-49.978877,50,374.817954
-49.938722,50,375.303153
-49.967672,50,375.748445
-49.964884,50,376.198546
-49.970155,50,376.674526
-49.954834,50,377.123813
-49.960205,50,377.590069
-49.966075,50,378.013734
-49.962553,50,378.523013
-49.966177,50,378.957664
-49.950216,50,379.436073
-49.949066,50,379.896795
-49.966033,50,380.363934
-49.951737,50,380.811975
-49.943827,50,381.270911
-49.926507,50,381.715305
-49.957784,50,382.170581
-49.916799,50,382.617036
-49.959031,50,383.068371
-49.932905,50,383.524299
-49.940512,50,383.975308
-49.942046,50,384.42543
-49.966313,50,384.853516
-49.946906,50,385.290046
-49.926849,50,385.724849
-49.965117,50,386.16498
-49.9786,50,386.635116
-49.929033,50,387.11464
-49.955623,50,387.588355
-49.940472,50,388.049535
-49.951841,50,388.538029
-49.946989,50,389.005642
-49.966971,50,389.465768
-49.93414,50,389.917103
-49.980572,50,390.381576
-49.949084,50,390.826686
-49.986947,50,391.28329
-49.951854,50,391.742748
-49.946535,50,392.218246
-49.944326,50,392.734177
-49.957136,50,393.211935
0.000173,1,393.220934
-49.968823,50,393.662861
-49.92891,50,394.106412
0.000172,1,394.118563
7.2e-05,1,394.128562
-49.987292,50,394.591326
-49.932801,50,395.029484
-49.937351,50,395.468367
0.000151,1,395.477471
-49.950331,50,395.917665
-49.965312,50,396.363366
-49.966198,50,396.823968
-49.928202,50,397.264625
-49.972977,50,397.721585
-49.949505,50,398.154719
-49.978136,50,398.625375
-49.97995,50,399.113744
-49.9447,50,399.589141
-49.983307,50,400.051406
-49.982977,50,400.528376
0.000146,1,400.537377
-49.957538,50,400.984425
-49.974996,50,401.449566
-49.982353,50,401.896774
-49.971818,50,402.318975
-49.975391,50,402.784664
-49.949138,50,403.265148
-49.929673,50,403.743636
-49.981295,50,404.196636
-49.958575,50,404.655303
-49.964612,50,405.122653
-49.956687,50,405.559335
-49.92789,50,405.980608
-49.944364,50,406.427323
-49.942454,50,406.862127
-49.949673,50,407.314904
-49.984198,50,407.764837
-49.947899,50,408.205914
-49.932799,50,408.649426
-49.939888,50,409.129213
-49.971113,50,409.585965
-49.928287,50,410.01679
-49.945124,50,410.47746
-49.96301,50,410.943054
-49.965607,50,411.389704
-49.938907,50,411.867699
-49.986188,50,412.308161
-49.950961,50,412.762878
-49.981563,50,413.238506
-49.946903,50,413.697616
-49.958653,50,414.158154
-49.943906,50,414.620006
-49.954048,50,415.054835
-49.934673,50,415.532388
-49.924547,50,416.111059
-49.969973,50,416.656985
-50.000336,50,417.100244
-49.95206,50,417.555901
-49.914201,50,417.988026
-49.982347,50,418.427092
-49.958585,50,418.865585
-49.938471,50,419.340911
-49.949911,50,419.789851
-49.982612,50,420.239999
-49.959232,50,420.688262
-49.927907,50,421.13999
-49.977647,50,421.585039
-49.933702,50,423.51128
-49.918482,50,423.975498
-49.967276,50,424.437809
-49.977548,50,424.869185
-49.938336,50,425.315032
-49.931485,50,425.777163
-49.948078,50,426.22048
-49.970347,50,426.663955
-49.979647,50,427.115819
-49.980231,50,427.569412
-49.981173,50,428.056104
-49.9543,50,428.49711
0.000225,1,428.51011
-49.966351,50,428.940187
-50.102965,50,429.436125
0.000189,1,429.444305
-49.985953,50,429.889766
-49.968053,50,430.355283
0.000163,1,430.36546
-49.940801,50,430.805182
-49.930998,50,431.241151
-50.115736,50,431.679209
-49.94267,50,432.133513
-49.941036,50,432.585083
-49.973875,50,433.028451
-49.95986,50,433.485106
-49.985498,50,433.956243
-49.92284,50,434.406022
-49.931679,50,434.890553
-49.97463,50,435.330363
-49.944089,50,435.818329
-49.951646,50,436.268235
-49.976386,50,436.727355
-49.957126,50,437.189857
-49.934775,50,437.663355
-49.966551,50,438.105749
-49.93923,50,438.563567
-49.916884,50,439.021423
-49.942425,50,439.522628
-49.971326,50,439.948328
-49.976594,50,440.398037
-49.966054,50,440.857299
-49.959602,50,441.313618
-49.924512,50,441.770543
-49.954413,50,442.226327
0.000185,1,442.234612
-49.950437,50,442.688124
-49.956759,50,443.140072
-49.974029,50,443.59854
-49.950254,50,444.052812
-49.946037,50,444.514606
-49.952373,50,444.941859
-49.944469,50,445.419512
-49.958399,50,445.901096
-49.937899,50,446.361002
-49.972201,50,446.819756
-49.985067,50,447.285022
-49.976872,50,447.732134
-49.927046,50,448.179536
-49.958904,50,448.65029
-49.954903,50,449.104364
-49.965941,50,449.606798
-49.968689,50,450.075856
-49.975372,50,450.548198
-49.920204,50,451.00089
-49.962035,50,451.453705
-49.978725,50,451.906706
-49.916315,50,452.375474
-49.940821,50,452.864458
-49.986277,50,453.33231
-49.941482,50,453.776052
-49.969503,50,454.234945
-49.966925,50,454.704214
-49.97003,50,455.158359
-49.970259,50,455.624147
-49.979745,50,456.063414
-49.984261,50,456.541926
-49.970019,50,456.984331
-49.926595,50,457.426628
-49.965985,50,457.897536
-49.95835,50,458.358178
-49.959758,50,458.821103
-49.980552,50,459.273687
-49.944106,50,459.821252
-49.975164,50,460.304091
-49.952363,50,460.765609
4.1e-05,1,460.775987
-49.924846,50,461.251841
-49.949301,50,461.719006
-49.933185,50,462.164029
-49.945574,50,462.647013
0.000142,1,462.656111
-49.946214,50,463.118024
-49.953221,50,463.598604
-49.955571,50,464.037972
-49.976157,50,464.467648
-49.93662,50,464.917672
-49.982179,50,465.361428
-49.98728,50,465.826997
-49.930836,50,466.26304
-49.960244,50,466.707452
-49.921071,50,467.161427
-49.951507,50,467.614592
0.000131,1,467.62292
-49.969504,50,468.067931
-49.949304,50,468.523835
-49.928605,50,468.983474
-49.942748,50,469.426419
-49.982188,50,469.933116
-49.931812,50,470.392292
-49.954325,50,470.834031
-49.956737,50,471.301219
-49.973884,50,471.75804
-49.943545,50,472.205616
-49.982003,50,472.651122
-49.930446,50,473.155198
-49.962443,50,473.607521
-49.924275,50,474.075526
-49.944443,50,474.532042
-49.975926,50,474.992478
-49.928527,50,475.44728
8.6e-05,1,475.455282
-49.947766,50,475.91361
-49.958013,50,476.378945
-49.964232,50,476.82527
-49.984857,50,477.285612
-49.979155,50,477.722505
-49.942435,50,478.155354
-49.981423,50,478.608086
-49.922989,50,479.060327
-49.960028,50,479.507512
-49.930055,50,479.990032
-49.937647,50,480.439567
-49.984565,50,480.887738
-49.978505,50,481.317683
-49.999144,50,481.752635
0.000174,1,481.769813
-49.935548,50,482.245729
-49.935011,50,482.705481
-49.969632,50,483.168471
-49.939825,50,483.631716
-49.983239,50,484.088073
-49.9566,50,484.556048
-49.965307,50,485.004107
-49.969121,50,485.473786
-49.963833,50,485.926453
-49.970411,50,486.3634
-49.959119,50,486.838616
1.9e-05,1,486.851617
-49.985304,50,487.287596
-49.983539,50,487.751951
-49.951984,50,488.196007
-49.975138,50,488.668816
-49.936624,50,489.113055
-49.977373,50,489.583052
0.000182,1,489.591051
-49.975509,50,490.059911
-49.974205,50,490.528814
-49.929397,50,491.00071
-49.948376,50,491.460323
-49.984789,50,491.908419
0.000193,1,491.917556
-49.929371,50,492.361309
-49.937026,50,492.801218
-49.987245,50,493.243113
-49.94862,50,493.70726
-49.9394,50,494.149531
-49.949931,50,494.665399
-49.94911,50,495.121569
-49.967324,50,495.559834
-49.950261,50,496.013175
-49.922639,50,496.494646
-49.971866,50,496.970301
-49.952812,50,497.427878
-49.960161,50,497.888686
-49.940605,50,498.366808
-49.98628,50,498.830337
-49.983249,50,499.300052
-49.980789,50,499.754586
-49.930605,50,500.227603
-49.964328,50,500.714924
0.000185,1,500.723923
0.000238,1,500.732005
-49.936409,50,501.168597
-49.972202,50,501.6221
-49.9436,50,502.067054
-49.934004,50,502.5132
-49.95507,50,502.958796
-49.983088,50,503.418831
-49.957269,50,503.86938
-49.962596,50,504.337364
-49.93409,50,504.790726
-49.96364,50,505.234934
-49.952834,50,505.687982
-49.964991,50,506.17157
-49.967354,50,506.604772
-49.924655,50,507.068935
-49.975984,50,507.537662
-49.971965,50,508.008744
-49.944918,50,508.47562
0.000233,1,508.489733
-49.934671,50,508.943557
-49.969804,50,509.408857
-49.950583,50,509.876293
-49.951465,50,510.337335
-49.955207,50,510.82599
-49.981802,50,511.284906
-49.935528,50,511.752942
-49.943089,50,512.229465
-49.978679,50,512.690475
-49.91903,50,513.134536
-49.954215,50,513.56923
-49.92627,50,514.030122
8.7e-05,1,514.039245
-49.941349,50,514.468682
-49.910611,50,516.406628
-49.952415,50,516.855613
-49.960284,50,517.282939
-49.967961,50,517.766284
-49.952082,50,518.239905
-49.934752,50,518.708091
-49.940865,50,519.164769
0.000166,1,519.174921
-49.951445,50,519.641872
-49.959579,50,520.106411
-49.970233,50,520.580808
-49.954543,50,521.090952
-49.928661,50,521.516404
-49.982798,50,521.978783
-49.942047,50,522.421222
-49.947483,50,522.863174
-49.929082,50,523.296384
-49.955496,50,523.771379
-49.922727,50,524.216949
-49.963336,50,524.660398
-49.956639,50,525.099175
-49.959413,50,525.540454
-49.957793,50,525.973827
-49.969909,50,526.431902
-49.967189,50,526.880361
-49.952282,50,527.308595
-49.9454,50,527.763617
-49.965848,50,528.215477
-49.949585,50,528.652153
-49.944015,50,529.121531
-49.958279,50,529.587768
-49.986106,50,530.069998
-49.938638,50,530.497749
-49.970985,50,531.011515
-49.911095,50,531.47416
-49.954224,50,531.92663
-49.950585,50,532.396925
-49.963209,50,532.862478
-49.961169,50,533.293835
-49.93945,50,533.744311
-49.948832,50,534.210376
-49.922831,50,534.662416
-49.931766,50,535.124396
-49.919368,50,535.559242
-49.956447,50,536.000574
-49.940191,50,536.443395
-49.974578,50,536.901721
-49.950883,50,537.347636
-49.973373,50,537.834842
-49.980647,50,538.293195
-49.953324,50,538.735693
-49.963443,50,539.200806
-49.976298,50,539.65338
-49.963169,50,540.093888
-49.940788,50,540.550873
-49.924613,50,541.048543
-49.958907,50,541.486649
-49.967546,50,541.971497
-49.94893,50,542.506672
-49.973233,50,543.171429
-49.983288,50,543.825156
-49.951735,50,544.353102
-49.947343,50,544.922055
-49.960855,50,545.462668
-49.946168,50,545.9863
-49.975702,50,546.550684
-49.968249,50,547.113587
-49.938023,50,547.644379
-49.965668,50,548.126408
-49.938219,50,548.640264
-49.978219,50,549.176527
-49.952843,50,549.708678
-49.959629,50,550.218786
-49.980257,50,550.723049
-49.964499,50,551.254545
-49.931666,50,551.730653
-49.951362,50,552.197681
-49.960644,50,552.680783
-49.972659,50,553.160153
-49.941487,50,553.631466
0.000244,1,553.641564
-49.982685,50,554.160706
-49.938015,50,554.661914
-49.972606,50,555.149073
8.9e-05,1,555.158216
-49.945727,50,555.612935
-49.958711,50,556.0676
-49.946894,50,556.532169
-49.961858,50,557.057346
-49.93962,50,557.527006
-49.961873,50,558.019714
-49.955031,50,558.480117
-49.926693,50,558.987267
-49.985973,50,559.496742
-49.955387,50,560.024488
-49.947088,50,560.468129
-49.959525,50,560.915329
0.000135,1,560.927448
-49.939245,50,561.426036
-49.980883,50,561.966345
-49.934937,50,562.421973
0.000172,1,562.440102
0.000182,1,562.450193
-49.960839,50,562.901823
-49.919237,50,563.3687
-49.958516,50,563.877465
-49.952589,50,564.328487
-49.959028,50,564.850701
-49.955375,50,565.293776
-49.94802,50,565.867528
-49.955118,50,566.472562
-49.984489,50,566.976984
-49.928594,50,567.454811
-49.981321,50,567.939669
-49.932008,50,568.401799
-49.935813,50,568.854559
-49.966202,50,569.323873
-49.939658,50,569.802221
-49.955449,50,570.277118
-49.945903,50,570.736585
-49.942013,50,571.212585
-49.973076,50,571.724307
-49.951749,50,572.200468
-49.961982,50,572.676191
-49.959175,50,573.125586
-49.977802,50,573.596685
-49.960876,50,574.041533
-49.968704,50,574.541666
-49.942578,50,575.007496
-49.955913,50,575.462482
-49.959207,50,575.898415
-49.957713,50,576.360694
-49.932864,50,576.80231
-49.973378,50,577.281266
-49.928471,50,577.752576
-49.939498,50,578.233744
-49.974859,50,578.689412
-49.968157,50,579.147343
-49.942135,50,579.608819
-49.952394,50,580.075778
-49.948515,50,580.546467
-49.958686,50,581.006167
-49.93305,50,581.465599
-49.983884,50,581.97001
-49.968288,50,582.410018
-49.946694,50,582.889004
-49.94382,50,583.354425
-49.938659,50,583.807672
-49.916716,50,584.2565
-49.961254,50,584.717364
-49.968268,50,585.17015
0.000214,1,585.181302
-49.977448,50,585.621917
-49.980697,50,586.088088
-49.980541,50,586.556549
-49.925719,50,586.989511
-49.960135,50,587.437648
-49.955292,50,587.892699
-49.96046,50,588.351795
-49.926391,50,588.808039
-49.970944,50,589.251156
-49.922149,50,589.735472
-49.957513,50,590.188581
-49.952554,50,590.646881
-49.951773,50,591.103107
0.00015,1,591.115202
8.8e-05,1,591.124199
-49.960013,50,591.566144
-49.934251,50,592.075284
-49.940193,50,592.519331
-49.941568,50,592.984381
-49.949113,50,593.471241
-49.946191,50,593.92972
-49.965603,50,594.402502
-49.972524,50,594.861898
-49.979869,50,595.333374
-49.978818,50,595.774924
-49.97977,50,596.216007
-49.950369,50,596.670902
-49.969174,50,597.135912
-49.935781,50,597.607406
-49.936521,50,598.068656
-49.962981,50,598.524902
-49.941543,50,598.984242
-49.953784,50,599.467175
-49.931305,50,599.923698
-49.971908,50,600.382967
0.000208,1,600.390965
-49.967615,50,600.859058
-49.944079,50,601.322158
-49.977479,50,601.784216
-49.921659,50,602.267262
-49.917697,50,602.729988
-49.987352,50,603.201454
-49.971941,50,603.719395
-49.920914,50,604.174094
0.000172,1,604.183093
-49.961284,50,604.667344
-49.940524,50,605.128266
-49.934907,50,605.560191
-49.962503,50,606.035062
-49.980882,50,606.495391
-49.934636,50,606.955425
-49.960158,50,607.435587
-49.953808,50,607.887365
-49.948553,50,608.375911
-49.964604,50,608.833642
-49.983487,50,609.312513
-49.956679,50,609.746154
-49.94155,50,610.202441
-49.983056,50,610.656117
-49.951794,50,612.587655
-49.958819,50,613.040665
-49.91952,50,613.505982
-49.932203,50,613.957505
-49.975487,50,614.519596
-49.986774,50,615.061392
-49.948681,50,615.599619
-49.971417,50,616.139062
-49.962363,50,616.605842
-49.944946,50,617.0606
-49.93914,50,617.538187
-49.946706,50,617.973269
-49.974468,50,618.473568
0.00011,1,618.482714
-49.950917,50,618.947234
-49.958688,50,619.389402
-49.942393,50,619.834774
-49.936255,50,620.288528
0.00015,1,620.301528
-49.928305,50,620.748317
-49.941963,50,621.189646
-49.973123,50,621.629437
-49.957857,50,622.104964
-49.976299,50,622.585968
-49.924163,50,623.02985
-49.975154,50,623.476225
-49.974513,50,623.927228
-49.942281,50,624.390975
-49.968302,50,624.861122
-49.922141,50,625.3358
-49.978022,50,625.785385
-49.957715,50,626.261071
-49.948781,50,626.727811
-49.93462,50,627.16777
-49.956441,50,627.626577
-49.951609,50,628.069752
-49.979379,50,628.559703
-49.942493,50,629.015069
-49.949802,50,629.477309
-49.950697,50,629.938227
-49.968766,50,630.417575
-49.976731,50,630.867523
-49.971699,50,631.328923
0.000176,1,631.337922
-49.94303,50,631.772214
-49.97399,50,632.289229
-49.985798,50,632.755613
-49.938088,50,633.196401
-49.953976,50,633.649391
-49.932753,50,634.085625
-49.971493,50,634.549104
-49.952741,50,634.990302
-49.948011,50,635.449159
-49.923878,50,635.900286
-49.970049,50,636.371235
-49.956259,50,636.81752
-49.945259,50,637.25844
-49.91554,50,637.707313
-49.964545,50,638.190325
-49.929942,50,638.642301
0.000149,1,638.651301
-49.945712,50,639.101348
-49.935487,50,639.559992
8.1e-05,1,639.568992
-49.970868,50,640.025595
-49.973504,50,640.491011
-49.960527,50,640.927137
-49.963683,50,641.38962
-49.926626,50,641.825456
-49.938116,50,642.259606
-49.962934,50,642.758019
-49.957781,50,643.193688
-49.972389,50,643.668183
-49.987002,50,644.101053
0.000222,1,644.11413
-49.975557,50,644.5539
-49.972928,50,644.994439
-49.944552,50,645.434634
-49.953017,50,645.899079
-49.939398,50,646.342031
-49.977684,50,646.778313
-49.974385,50,647.216228
-49.985927,50,647.670171
-49.946533,50,648.104986
-49.965823,50,648.560457
-49.97862,50,649.001431
-49.981308,50,649.456121
-49.945436,50,649.908073
-49.967275,50,650.365538
-49.964844,50,650.799343
-49.961535,50,651.253556
-49.971563,50,651.727504
-49.941337,50,652.177602
-49.953371,50,652.644859
-49.976779,50,653.129631
-49.974051,50,653.585518
-49.957542,50,654.074636
-49.933511,50,654.520437
0.000197,1,654.533523
-49.977216,50,654.973636
-49.942673,50,655.448286
-50.046226,50,655.905585
-49.959129,50,656.41038
-49.935592,50,656.840509
0.000145,1,656.84865
-50.07889,50,657.294434
-49.930593,50,657.767899
-49.942406,50,658.208442
-49.973409,50,658.678125
-49.947327,50,659.116354
-49.966139,50,659.575949
-49.963621,50,660.036397
-49.967481,50,660.491521
-49.956432,50,660.938966
-49.97716,50,661.386252
-49.940473,50,661.853756
-49.938655,50,662.331124
-49.9411,50,662.821463
-49.932608,50,663.306042
-49.932981,50,663.764188
-49.944457,50,664.219402
3e-05,1,664.230477
-49.964448,50,664.70225
-49.951566,50,665.150451
-49.925327,50,665.625697
-49.972825,50,666.069091
-49.936649,50,666.562389
-49.967656,50,667.016292
-49.978958,50,667.481956
-49.960177,50,667.937178
-49.96214,50,668.398636
-49.962255,50,668.846952
-49.963475,50,669.292842
-49.977975,50,669.747035
-50.051966,50,670.217018
0.00012,1,670.226332
-49.94512,50,670.688474
-49.94381,50,671.138123
-49.920306,50,671.613442
-49.955551,50,672.065114
-49.93156,50,672.526453
-49.98593,50,672.995026
0.000136,1,673.010218
-49.937655,50,673.483006
0.000108,1,673.492007
-49.979617,50,673.968519
-49.95782,50,674.456326
-49.937484,50,674.942641
-49.972704,50,675.384169
-49.946074,50,675.87064
-49.960993,50,676.325284
-49.984704,50,676.777843
-49.933872,50,677.279734
-49.976415,50,677.850548
-49.942473,50,678.391178
-49.947585,50,678.836053
-49.952357,50,679.278838
-49.947283,50,679.738437
-49.93259,50,680.199767
-49.941435,50,680.630061
-49.974189,50,681.053034
-49.952639,50,681.503941
-49.980552,50,681.939515
-49.997124,50,682.388437
-49.953011,50,682.830946
0.000195,1,682.840031
-49.98062,50,683.33419
-49.965598,50,683.797595
-49.93722,50,684.226461
-49.944928,50,684.656579
-49.964387,50,685.108392
-49.9713,50,685.617445
-49.931381,50,686.076026
-49.966962,50,686.53829
-49.947673,50,686.987149
-49.963558,50,687.47704
-49.969003,50,687.930112
-49.95296,50,688.400811
-49.936838,50,688.845179
-49.961104,50,689.306697
-49.946332,50,689.78497
-49.926481,50,690.226179
-49.955575,50,690.725362
-49.950491,50,691.163387
-49.915233,50,691.623332
-49.964884,50,692.050504
-49.94765,50,692.510999
-49.952703,50,692.949001
-49.952338,50,693.437822
-49.976604,50,693.885472
-49.961117,50,694.322816
-49.956315,50,694.753386
-49.986819,50,695.21174
-49.930347,50,695.654783
-49.937803,50,696.10527
-49.944235,50,696.573231
-49.933261,50,697.014586
-49.969514,50,697.482234
0.00015,1,697.494234
-49.94306,50,697.928276
-49.961563,50,698.419116
-49.959396,50,698.874721
-49.952086,50,699.338535
-49.936543,50,699.813159
-49.951078,50,700.255535
-49.942853,50,700.687082
-50.035426,50,701.134703
-49.938732,50,701.588851
-49.945485,50,702.060266
-49.973166,50,702.523837
-49.956248,50,702.980492
-49.940901,50,703.463438
-49.939221,50,703.911012
-49.979855,50,704.351959
-49.94757,50,706.235615
-49.954695,50,706.685117
0.000134,1,706.695204
-49.968675,50,707.122386
-49.984175,50,707.583832
-49.986192,50,708.043939
-49.971596,50,708.507383
-49.91227,50,708.961934
-49.984144,50,709.414434
-49.928706,50,709.881821
-49.965901,50,710.321357
-49.999544,50,710.767211
-49.959536,50,711.209009
-50.007897,50,711.659876
-49.929959,50,712.084625
-49.967684,50,712.535717
-49.950068,50,712.973542
-49.964326,50,713.415952
-49.932048,50,713.919208
-49.957019,50,714.359862
-49.94078,50,714.856483
-49.917881,50,715.284641
-49.931205,50,715.740605
-49.964899,50,716.176251
-49.982331,50,716.625946
-49.950372,50,717.070552
-49.927164,50,717.511415
-49.956346,50,717.958169
-49.94619,50,718.440368
-49.962522,50,718.875767
-49.95614,50,719.329605
-49.928027,50,719.772163
0.000176,1,719.786243
-49.967145,50,720.223632
-49.947218,50,720.67456
-49.950909,50,721.109426
-49.939046,50,721.589528
0.000106,1,721.597527
-49.948136,50,722.027265
-49.955912,50,722.460979
-49.971847,50,722.949977
-49.950854,50,723.380044
-49.936409,50,723.887378
-49.946264,50,724.337279
0.000101,1,724.350278
-49.983379,50,724.796916
-49.932059,50,725.2505
-49.923005,50,725.710896
-49.942315,50,726.186676
-49.947834,50,726.640744
-49.979876,50,727.090734
-49.97535,50,727.543234
-49.965059,50,727.970304
-49.977092,50,728.42265
-50.145768,50,728.861872
-49.93722,50,729.307058
-49.972358,50,729.766761
-49.962567,50,730.194343
-49.961308,50,730.644305
-49.972831,50,731.088874
-49.94744,50,731.536965
-49.961689,50,731.992064
-49.913245,50,732.416461
-49.962476,50,732.863737
-49.951245,50,733.299808
-49.973495,50,733.748515
-49.935582,50,734.255893
-49.947371,50,734.697381
-49.931896,50,735.158522
-49.976591,50,735.622608
-49.970115,50,736.069633
-49.923026,50,736.510722
-49.954382,50,736.976595
-49.984588,50,737.398924
-49.97089,50,737.893752
-49.948969,50,738.329844
-49.93651,50,738.80934
-49.983116,50,739.2417
-50.070677,50,739.678766
-49.979551,50,740.120262
-49.956323,50,740.562101
-49.945114,50,741.006995
0.000154,1,741.019127
-49.962372,50,741.477298
0.000193,1,741.489298
-49.967929,50,741.950047
-49.920989,50,742.383428
-49.973409,50,742.828432
-49.952424,50,743.265279
-49.938352,50,743.722476
-49.956322,50,744.192943
-49.93614,50,744.632989
-49.971249,50,745.078099
-49.95795,50,745.510628
-49.974621,50,745.964047
-49.953823,50,746.419416
7.4e-05,1,746.432494
-49.961078,50,746.91915
-49.967678,50,747.352879
-49.934888,50,747.812662
-49.953161,50,748.296161
0.000142,1,748.305161
-49.951005,50,748.731893
-49.981203,50,749.179333
-49.972004,50,749.62563
-49.979885,50,750.108985
-49.968964,50,750.545963
-49.984627,50,751.009282
-49.934076,50,751.475761
-49.938238,50,751.92512
-49.951436,50,752.40603
-49.93458,50,752.869896
-49.963722,50,753.31
-49.941326,50,753.745666
-49.97823,50,754.209678
-49.963225,50,754.659579
-49.978499,50,755.122236
-49.969162,50,755.611007
-49.981096,50,756.112646
-49.950418,50,756.549218
-49.956152,50,756.988831
-49.946116,50,757.424107
0.000226,1,757.433108
-49.955603,50,757.880042
-49.927347,50,758.378573
-49.963427,50,758.863596
-49.968713,50,759.304186
-49.972275,50,759.770015
-49.928771,50,760.233518
-49.928354,50,760.688558
-49.978716,50,761.125069
-49.96164,50,761.581947
-49.966975,50,762.017946
-49.985021,50,762.451459
-49.940576,50,762.921339
-50.053943,50,763.354598
-49.955102,50,763.814229
-49.95231,50,764.29538
-49.922429,50,764.77697
-49.935132,50,765.242929
-49.9582,50,765.701076
-49.923296,50,766.138783
-49.987154,50,766.604049
-49.975646,50,767.035783
-49.941889,50,767.498934
-49.95668,50,767.940453
-49.947925,50,768.38647
-49.980923,50,768.844814
0.000235,1,768.85792
-49.984787,50,769.315853
-49.945561,50,769.763385
-49.929314,50,770.224496
-49.960978,50,770.691361
-49.969296,50,771.154415
-49.961502,50,771.616112
-49.978372,50,772.08315
-49.982744,50,772.541412
-49.951216,50,772.979166
-49.941851,50,773.43707
-49.960602,50,773.880292
-49.945231,50,774.319481
-49.943479,50,774.82657
-49.960941,50,775.266134
-50.110904,50,775.767096
-49.971879,50,776.198062
-49.937508,50,776.635931
-49.956922,50,777.087504
-49.950786,50,777.539107
-49.956387,50,778.009545
-49.950807,50,778.438907
-49.971167,50,778.89379
-49.968379,50,779.355862
-49.939272,50,779.817443
-49.954591,50,780.263499
-49.954345,50,780.689391
-49.979765,50,781.129342
-49.955977,50,781.579638
-49.959044,50,782.010779
-49.941975,50,782.460614
-49.976283,50,782.899317
-49.941999,50,783.350147
-49.932268,50,783.808286
-49.95332,50,784.238982
-49.945085,50,784.718174
-49.983653,50,785.200935
-49.918389,50,785.652796
-49.937462,50,786.112272
-49.962793,50,786.555485
-49.970117,50,787.019281
-49.973162,50,787.466065
-49.926431,50,787.906825
-49.955922,50,788.338141
-49.946319,50,788.791043
-49.957825,50,789.240576
-49.950311,50,789.671813
-49.966943,50,790.117691
-49.961646,50,790.569499
-49.954261,50,791.013638
-49.971641,50,791.453018
-49.968741,50,791.901691
-49.95954,50,792.343996
-49.91353,50,792.781797
-49.931125,50,793.230442
-49.922703,50,793.658424
-49.95371,50,794.106258
-49.935391,50,794.538216
-49.980639,50,795.047658
-49.941846,50,795.485811
-49.975211,50,795.927031
-49.933842,50,796.376557
-49.969773,50,798.207476
0.000156,1,798.218558
0.000211,1,798.231631
0.000233,1,798.244628
-49.956225,50,798.713012
-49.94749,50,799.174102
-49.942831,50,799.629336
-49.929389,50,800.06676
-49.929745,50,800.490896
-49.970859,50,800.946258
-49.980809,50,801.391338
-49.963502,50,801.836568
-49.954894,50,802.260651
-49.967625,50,802.703439
-49.926122,50,803.161214
-49.946159,50,803.584936
-49.926668,50,804.039457
-49.966154,50,804.488344
-49.959623,50,804.958631
-49.940591,50,805.439059
-49.972216,50,805.894051
-49.988319,50,806.32329
-49.982643,50,806.770041
-49.923917,50,807.226632
-49.97935,50,807.671335
-49.928571,50,808.116451
-49.938241,50,808.552415
-49.961937,50,809.010838
0.000249,1,809.019839
-49.945034,50,809.481117
-49.958095,50,809.944917
9.9e-05,1,809.954045
-49.932111,50,810.4329
-49.949666,50,810.865404
-49.949779,50,811.319085
-49.98694,50,811.756274
-49.951139,50,812.276782
-50.000777,50,812.706996
-49.969796,50,813.151731
-49.934252,50,813.579812
-49.937835,50,814.034726
-49.940772,50,814.475278
-49.967775,50,814.92914
0.000117,1,814.93914
-49.933703,50,815.4275
-49.951191,50,815.888979
-49.941368,50,816.31812
-49.952991,50,816.73825
-49.967429,50,817.200308
-49.961749,50,817.640127
-49.946772,50,818.10974
-49.930285,50,818.555746
-49.946797,50,819.026077
-49.979777,50,819.478786
-49.952045,50,819.910949
-49.942157,50,820.394858
-49.978038,50,820.853405
-49.983968,50,821.306916
-49.941307,50,821.759464
-49.968103,50,822.195369
-49.958562,50,822.645539
-49.965212,50,823.092373
-49.973497,50,823.53111
-49.957712,50,823.97868
-49.947007,50,824.420024
-49.941231,50,824.855531
-49.946728,50,825.343682
-49.968422,50,825.774204
-49.955629,50,826.252248
-49.929414,50,826.671406
-49.956538,50,827.108328
-49.957083,50,827.542407
-49.939234,50,827.982098
-49.935313,50,828.446451
-49.956238,50,828.918097
-49.947919,50,829.371293
-49.950023,50,829.837509
-49.971756,50,830.305732
-49.9336,50,830.765628
0.000229,1,830.774806
-49.920408,50,831.215408
-49.952655,50,831.66489
-49.957488,50,832.15827
-49.980399,50,832.577564
0.000167,1,832.586661
-49.971154,50,833.041242
-49.96703,50,833.479996
-49.939837,50,833.925708
-49.982453,50,834.412563
-49.934411,50,834.855896
-49.971116,50,835.321258
-49.934942,50,835.797772
-49.93015,50,836.232055
-49.986087,50,836.673512
-49.965133,50,837.122356
-49.940836,50,837.558943
-49.963271,50,838.00331
0.000228,1,838.013593
-49.959222,50,838.451336
-49.942297,50,838.901666
-49.918366,50,839.34845
-49.985349,50,839.799431
0.000236,1,839.811504
-49.971413,50,840.295592
-49.970507,50,840.726301
0.000224,1,840.736301
-49.952354,50,841.184239
-49.953982,50,841.626614
-49.955351,50,842.097867
-49.954994,50,842.564152
-49.979701,50,842.983958
-49.97945,50,843.453244
-49.940174,50,843.880615
-49.963013,50,844.339561
-49.964483,50,844.793055
-49.984596,50,845.232938
0.000244,1,845.241939
-49.93685,50,845.731746
-49.947886,50,846.225272
-49.958184,50,846.659884
-49.974082,50,847.158772
-49.935978,50,847.594446
-49.946246,50,848.067392
-49.956955,50,848.516377
-49.978854,50,848.947458
-49.965596,50,849.415394
-49.930576,50,849.859294
-49.919301,50,850.312196
-49.982142,50,850.776159
-49.942829,50,851.209959
-49.964954,50,851.665113
-49.936149,50,852.109597
-49.947361,50,852.554155
-49.973595,50,852.988259
-49.933369,50,853.437536
-49.931199,50,853.864585
-49.938679,50,854.34099
-49.983414,50,854.8151
-49.929253,50,855.270658
-49.971967,50,855.743627
0.000206,1,855.758629
-49.977056,50,856.242051
-49.973397,50,856.694994
-49.931858,50,857.140636
4.1e-05,1,857.148706
-49.964324,50,857.620795
-49.9501,50,858.055699
-49.958889,50,858.530723
9.7e-05,1,858.539723
0.000151,1,858.548722
-49.923392,50,859.00082
-49.976749,50,859.448608
-49.960875,50,859.895336
-49.953165,50,860.348751
-49.971788,50,860.79219
-49.946845,50,861.245654
-49.929678,50,861.695283
-49.961801,50,862.151234
-49.920099,50,862.589232
-49.939974,50,863.012808
-49.930818,50,863.452125
-49.964375,50,863.880824
-49.940738,50,864.342052
-49.971294,50,864.780507
-49.945721,50,865.234359
0.000152,1,865.242442
-49.976226,50,865.708233
-49.950131,50,866.186631
-49.983594,50,866.646531
-49.929828,50,867.122458
-49.935198,50,867.597362
-49.93405,50,868.029082
-49.949708,50,868.48102
-49.9633,50,868.940354
-49.938364,50,869.385975
-49.939226,50,869.816824
0.000121,1,869.82895
-49.974732,50,870.304115
-49.939251,50,870.765532
-49.974052,50,871.236334
-49.943986,50,871.692921
-49.978242,50,872.159964
-49.971252,50,872.649079
-49.95685,50,873.080321
-49.985818,50,873.532156
-49.935661,50,873.97698
-49.946031,50,874.420376
-49.927776,50,874.861213
0.000171,1,874.870281
-49.952993,50,875.337382
-49.980026,50,875.782754
-49.962809,50,876.266793
-49.984507,50,876.694715
-49.938237,50,877.125962
-49.925676,50,877.581852
-49.936239,50,878.04033
-49.970785,50,878.491726
-49.935884,50,878.921327
-49.94677,50,879.433799
-49.97612,50,879.881211
-49.954409,50,880.374698
-49.952374,50,880.839749
-49.930957,50,881.310413
-49.955899,50,881.752161
-49.969112,50,882.181875
-49.957343,50,882.646705
-49.931816,50,883.099698
-49.932489,50,883.535797
-49.92108,50,883.975533
-49.945425,50,884.414714
-49.95744,50,884.856205
-49.96964,50,885.316728
-49.982154,50,885.742818
-49.977558,50,886.229049
-49.939753,50,886.662405
-49.9608,50,887.098627
-49.933025,50,887.536746
-49.9205,50,887.9642
-49.969532,50,889.818704
-49.958621,50,890.275372
-49.958203,50,890.735406
-49.921453,50,891.171889
-49.979043,50,891.647722
-49.936571,50,892.0972
-49.932409,50,892.549225
-49.956404,50,892.981903
-49.967925,50,893.448845
-49.956187,50,893.898625
-49.950196,50,894.347708
-49.98697,50,894.782873
0.000108,1,894.794975
-49.925315,50,895.256383
-49.976178,50,895.707109
-49.941554,50,896.15907
-49.962837,50,896.64896
-49.970752,50,897.089128
-49.964966,50,897.547092
-49.921227,50,897.96877
-49.948471,50,898.429742
-49.972865,50,898.869366
-49.92366,50,899.328056
-49.943033,50,899.788415
-49.925959,50,900.228193
-49.983329,50,900.674165
-49.967613,50,901.117497
-49.965876,50,901.601377
-49.940157,50,902.045017
-49.948661,50,902.506341
-49.950671,50,902.949539
-49.964952,50,903.405333
-49.974205,50,903.85649
-49.92067,50,904.33543
-49.922569,50,904.776768
-49.972727,50,905.217649
-49.94036,50,905.683304
-49.946155,50,906.10625
-49.92028,50,906.596317
-49.942594,50,907.051515
-49.951412,50,907.509716
-49.959875,50,907.948039
-49.934081,50,908.38507
-49.952055,50,908.811812
-49.985459,50,909.281127
-49.966786,50,909.722855
-49.958925,50,910.189029
-49.935735,50,910.643428
-49.954973,50,911.088662
-49.932071,50,911.539565
0.000103,1,911.547647
-49.946161,50,911.995783
-49.952217,50,912.470412
-49.982114,50,912.89315
-49.965743,50,913.34777
-49.938986,50,913.831998
-49.959267,50,914.2887
-49.973265,50,914.761277
-49.974333,50,915.214529
-49.983855,50,915.67599
-49.949669,50,916.126529
-49.945776,50,916.600899
0.000246,1,916.610899
-49.971669,50,917.08918
-49.934297,50,917.572845
-49.951054,50,918.032423
6.6e-05,1,918.041422
-49.98748,50,918.498491
-49.973931,50,918.941412
-49.968745,50,919.433573
-49.947334,50,919.879496
-49.966591,50,920.334881
-49.932799,50,920.789926
-49.967692,50,921.229368
-49.968702,50,921.673465
-49.925756,50,922.099912
0.000138,1,922.112916
-49.968464,50,922.560234
0.000105,1,922.573235
-49.978953,50,923.011998
-49.967682,50,923.470561
-49.925476,50,923.903991
-49.932212,50,924.382484
-49.964652,50,924.8286
-49.923368,50,925.2935
-49.945346,50,925.776743
-49.942291,50,926.234785
-49.943716,50,926.739551
-49.93668,50,927.210145
-49.936094,50,927.66117
-49.985783,50,928.095079
-49.974861,50,928.567403
-49.967369,50,929.02526
-49.934496,50,929.489494
-49.952782,50,929.948571
-49.979231,50,930.41488
-49.941023,50,930.913204
-49.981401,50,931.356325
-49.924837,50,931.858496
-49.953484,50,932.332698
-49.961987,50,932.779919
-49.966136,50,933.232081
-49.962528,50,933.68729
-49.976077,50,934.133773
-49.937905,50,934.586431
-49.956957,50,935.010958
-49.9651,50,935.464134
-49.916214,50,935.908556
-49.954256,50,936.37712
-49.950776,50,936.834965
-49.941161,50,937.310618
-49.968189,50,937.77298
-49.925812,50,938.214601
-49.945646,50,938.642326
-49.950349,50,939.10546
-49.981105,50,939.559864
-49.947654,50,940.027551
-49.959895,50,940.486821
-49.944648,50,940.930033
0.000141,1,940.939033
-49.9777,50,941.398153
-49.931627,50,941.83752
-49.952653,50,942.319826
-49.957224,50,942.771137
-49.954617,50,943.222106
-49.937533,50,943.669686
-49.978561,50,944.128592
-49.972545,50,944.580622
-49.966587,50,945.03989
-49.976156,50,945.485425
-49.964295,50,945.938357
-49.945377,50,946.3733
-49.945538,50,946.814026
-49.964174,50,947.299282
-49.948296,50,947.739169
-49.98475,50,948.191524
-49.944747,50,948.642453
-49.93435,50,949.071146
-49.953838,50,949.549311
-49.968679,50,950.000427
-49.950866,50,950.485916
-49.93368,50,950.914081
-49.943664,50,951.397788
-49.968473,50,951.846489
-49.970276,50,952.324279
-49.964827,50,952.802172
-49.945744,50,953.264101
-49.963243,50,953.742508
-49.942145,50,954.208418
-49.986017,50,954.654826
-49.935244,50,955.11012
-49.977816,50,955.560164
-49.974605,50,956.02253
-49.983099,50,956.47771
-49.984501,50,956.912794
-49.936315,50,957.419274
-49.942875,50,957.849281
-49.946179,50,958.294233
-49.942059,50,958.733157
-49.932674,50,959.204564
-49.97571,50,959.677006
-49.948432,50,960.109639
-49.968295,50,960.565184
-49.972617,50,960.999946
-49.932364,50,961.444752
-49.949646,50,961.90979
-49.976112,50,962.344064
0.00015,1,962.358064
-49.964976,50,962.81243
-49.958979,50,963.269197
-49.955409,50,963.729308
-49.939481,50,964.192102
-49.953965,50,964.649455
-49.946449,50,965.116049
-49.975469,50,965.582137
-49.963991,50,966.016059
-49.969132,50,966.489263
-49.961223,50,966.962321
-49.936243,50,967.426536
-49.943947,50,967.879193
-49.968335,50,968.357282
-49.946278,50,968.800702
-49.956235,50,969.246257
-49.950397,50,969.688522
-49.974047,50,970.169418
-49.950154,50,970.621479
-49.985562,50,971.098063
-49.944492,50,971.548115
-49.973463,50,971.985212
-49.966071,50,972.437819
-49.94969,50,972.875877
-49.957971,50,973.319918
-49.970242,50,973.774741
-49.958061,50,974.22934
-49.973409,50,974.712412
-49.957338,50,975.159471
-49.93702,50,975.617575
-49.955823,50,976.057019
-49.939732,50,976.517509
-49.961973,50,976.976592
-49.949233,50,977.470341
-49.948986,50,977.953683
5.9e-05,1,977.963909
0.000237,1,977.974165
-49.982693,50,978.445592
-49.985491,50,978.891638
-49.937485,50,979.344735
-49.964481,50,979.799663
-49.932184,50,980.273446
-49.950164,50,980.704378
-49.947,50,982.56886
-49.95029,50,982.99976
-49.960663,50,983.450888
-49.958101,50,983.919169
-49.941956,50,984.352845
-49.934112,50,984.803867
-49.926995,50,985.266057
-49.975071,50,985.715685
-49.975863,50,986.173167
-49.950944,50,986.621063
0.0002,1,986.633252
-49.964673,50,987.118426
-49.983411,50,987.60678
-49.928118,50,988.091124
-49.923658,50,988.566795
-49.961349,50,989.011793
-49.969279,50,989.46275
-49.960641,50,989.91014
0.000201,1,989.923222
-49.948049,50,990.389549
-49.969702,50,990.853111
-49.928077,50,991.303339
-49.956805,50,991.763082
-49.966965,50,992.214144
-49.942178,50,992.661756
-49.975548,50,993.10505
-49.951778,50,993.570586
-49.943878,50,994.00664
-49.977266,50,994.436229
-49.939438,50,994.885103
-49.963975,50,995.339283
-49.966441,50,995.783887
-49.916896,50,996.20905
-49.969546,50,996.661927
-49.927405,50,997.089858
-49.965392,50,997.556253
-49.937034,50,998.06822
-49.981901,50,998.528102
-49.938679,50,998.988644
-49.971249,50,999.419511
-49.957484,50,999.926904
-49.939409,50,1000.399844
-49.970724,50,1000.905041
-49.943896,50,1001.358863
-49.96943,50,1001.808789
0.000122,1,1001.817894
-49.962356,50,1002.304904
-49.962831,50,1002.75715
-49.9704,50,1003.193866
-49.951217,50,1003.648305
-49.934775,50,1004.084534
-49.901765,50,1004.533465
-49.931914,50,1004.963159
-49.948888,50,1005.40248
-49.939872,50,1005.874398
-49.9658,50,1006.321713
-49.986222,50,1006.797718
-49.909834,50,1007.228496
-49.938918,50,1007.696262
-49.94036,50,1008.188117
-49.953585,50,1008.639898
-49.960164,50,1009.106636
0.000113,1,1009.122637
-49.938463,50,1009.552165
-49.949671,50,1010.012336
-49.927223,50,1010.475264
-49.966863,50,1010.95696
-49.957503,50,1011.420737
-49.956287,50,1011.857404
0.000126,1,1011.867517
-49.940706,50,1012.34584
0.000214,1,1012.359001
-49.983009,50,1012.815756
-49.925864,50,1013.274807
-49.964964,50,1013.744251
-49.974192,50,1014.201887
-49.929211,50,1014.663854
-49.986513,50,1015.101608
-49.929973,50,1015.533074
-49.954154,50,1015.989632
-49.978559,50,1016.426177
-49.966985,50,1016.875282
-49.925948,50,1017.319983
-49.946999,50,1017.763176
-49.939393,50,1018.261348
-49.979517,50,1018.712447
-49.953356,50,1019.143312
0.000204,1,1019.152546
-49.967721,50,1019.598477
-49.964742,50,1020.04023
-49.957308,50,1020.488764
-49.978961,50,1020.96637
-49.977461,50,1021.421491
-49.925807,50,1021.903422
-49.927068,50,1022.350323
-49.975522,50,1022.825115
-49.949934,50,1023.271726
-49.923415,50,1023.72652
-49.942255,50,1024.199314
-49.977707,50,1024.648281
-49.956584,50,1025.089256
-49.981523,50,1025.534749
-49.918883,50,1025.978244
-49.96921,50,1026.456347
-49.95889,50,1026.915093
0.000162,1,1026.924093
-49.956921,50,1027.379823
-49.977527,50,1027.828115
-49.950231,50,1028.316884
-49.936076,50,1028.773844
-49.964576,50,1029.240205
-49.929611,50,1029.689492
-49.942376,50,1030.14937
-49.972783,50,1030.590711
-49.959558,50,1031.045266
-49.942506,50,1031.516971
-49.945403,50,1031.977147
-49.982899,50,1032.417434
-49.933404,50,1032.858037
-49.961155,50,1033.294834
-49.979307,50,1033.748596
-49.966333,50,1034.208793
-49.97169,50,1034.673439
-49.952098,50,1035.106606
-49.933487,50,1035.612559
-49.948441,50,1036.075387
-49.925821,50,1036.525682
-49.962933,50,1037.003642
-49.987078,50,1037.451901
-49.954392,50,1037.93834
-49.973921,50,1038.401299
-49.957111,50,1038.891412
-49.974018,50,1039.35073
-49.980698,50,1039.792883
-49.952281,50,1040.247951
-49.966691,50,1040.690234
-49.933326,50,1041.160313
-49.934324,50,1041.591748
-49.940576,50,1042.041865
-49.924936,50,1042.488488
-49.948943,50,1042.931079
-49.945162,50,1043.397791
-49.918006,50,1043.843764
-49.950705,50,1044.279791
-49.983428,50,1044.729698
-49.968419,50,1045.1748
-49.939093,50,1045.626064
-49.945055,50,1046.102211
-49.945406,50,1046.547227
-49.935652,50,1047.026488
-49.956917,50,1047.460353
-49.925517,50,1047.923433
-49.933687,50,1048.368277
-49.958662,50,1048.863924
-49.94732,50,1049.32211
-49.951714,50,1049.770219
-49.972635,50,1050.218642
-49.922159,50,1050.675274
-49.943559,50,1051.120838
-49.946596,50,1051.579376
-49.950476,50,1052.042651
-49.93723,50,1052.506417
-50.053868,50,1052.964825
-49.985233,50,1053.398728
-49.950739,50,1053.849284
-49.951123,50,1054.293992
-49.93474,50,1054.743207
-49.929873,50,1055.188294
-49.932455,50,1055.618926
-49.984423,50,1056.098603
0.000114,1,1056.111603
-49.980994,50,1056.558486
-49.944425,50,1057.02705
-49.961209,50,1057.488311
-49.971341,50,1057.959242
-50.149543,50,1058.427305
-49.935676,50,1058.915788
0.000236,1,1058.925786
-49.964825,50,1059.385465
0.000136,1,1059.395539
-49.961808,50,1059.887655
-49.950628,50,1060.326235
-49.942546,50,1060.778178
0.000235,1,1060.792565
-49.934843,50,1061.254353
-49.969703,50,1061.705146
-49.962884,50,1062.176325
-49.963119,50,1062.612076
-49.982712,50,1063.088291
-49.940712,50,1063.519984
-49.978105,50,1063.976413
-49.934889,50,1064.429374
-49.929498,50,1064.861991
-49.944565,50,1065.301591
-49.926111,50,1065.731661
-49.981965,50,1066.179079
-49.952829,50,1066.613474
-49.969221,50,1067.05497
-49.950482,50,1067.506501
-49.931784,50,1067.968993
-49.95022,50,1068.42215
-49.942422,50,1068.900541
-49.982578,50,1069.354732
-49.958496,50,1069.79764
0.000176,1,1069.808785
-49.938024,50,1070.259943
-49.919726,50,1070.730272
-49.960085,50,1071.196052
-49.987489,50,1071.66516
-49.953737,50,1072.152632
-49.954949,50,1072.602587
-49.979622,50,1073.050973
0.000234,1,1073.062205
-49.967308,50,1073.521037
-49.980883,50,1075.377575
0.000198,1,1075.385808
-49.969324,50,1075.853336
-49.967926,50,1076.331847
-49.94388,50,1076.789916
-49.967323,50,1077.2355
-49.940492,50,1077.688856
-49.945009,50,1078.146728
-49.967138,50,1078.577976
-49.961291,50,1079.059234
-49.939416,50,1079.528255
-49.934804,50,1079.984514
-49.926911,50,1080.447634
-49.971808,50,1080.894585
-49.941702,50,1081.367342
-49.97835,50,1081.816131
-49.979784,50,1082.26767
-49.947358,50,1082.719526
-49.965341,50,1083.163193
-49.984876,50,1083.612779
-49.947951,50,1084.058585
-49.977003,50,1084.499993
-49.956892,50,1084.964871
-49.993809,50,1085.417141
-49.957964,50,1085.868227
-49.933395,50,1086.318135
-49.939143,50,1086.77478
-49.960502,50,1087.231424
0.000106,1,1087.243751
-49.944702,50,1087.675761
-49.935708,50,1088.159713
-49.960079,50,1088.586385
-49.946896,50,1089.0509
-49.926591,50,1089.515512
-49.955337,50,1089.954562
-49.943938,50,1090.401239
-49.958196,50,1090.852156
0.000199,1,1090.861155
-49.955048,50,1091.325681
-49.927389,50,1091.80524
-49.922868,50,1092.253901
0.000169,1,1092.261902
-49.980202,50,1092.710447
-49.955112,50,1093.135179
-49.934761,50,1093.582896
0.000226,1,1093.593047
-49.935849,50,1094.056412
-49.936979,50,1094.543697
-49.95406,50,1094.997398
-49.982625,50,1095.467103
-49.940922,50,1095.901263
-49.953673,50,1096.376893
-49.956622,50,1096.8193
-49.957326,50,1097.291151
-49.95927,50,1097.748397
-49.958811,50,1098.199864
0.000201,1,1098.212992
-49.961155,50,1098.696823
-49.964415,50,1099.143713
-49.970356,50,1099.623802
-49.941218,50,1100.06782
-49.941821,50,1100.524959
-49.977353,50,1100.965717
-49.982854,50,1101.404814
-49.923699,50,1101.85065
-49.982626,50,1102.309662
-49.941307,50,1102.730886
-49.979978,50,1103.173953
-49.979013,50,1103.606964
-49.944493,50,1104.037182
-49.957418,50,1104.473125
0.000154,1,1104.483126
-49.928286,50,1104.926449
-49.950818,50,1105.404879
-49.942439,50,1105.84848
-49.949677,50,1106.30127
-49.97575,50,1106.766596
-49.961962,50,1107.201164
-49.945645,50,1107.692029
-49.939867,50,1108.147447
-49.968674,50,1108.584146
-49.932647,50,1109.031563
-49.961695,50,1109.530883
-49.981586,50,1109.996509
-49.926735,50,1110.446962
-49.974493,50,1110.883634
-49.934788,50,1111.340084
-49.936577,50,1111.790673
0.000193,1,1111.803672
-49.933621,50,1112.283318
-49.956903,50,1112.724827
-49.969692,50,1113.163688
-49.939657,50,1113.609298
-49.938066,50,1114.042811
-49.949331,50,1114.489766
-49.934869,50,1114.921043
-49.980624,50,1115.376552
-49.985319,50,1115.808722
-49.970863,50,1116.24326
-49.978878,50,1116.696666
-49.954504,50,1117.150465
-49.946833,50,1117.596954
-49.956497,50,1118.051287
-49.972506,50,1118.495922
-49.952418,50,1118.950176
-49.929559,50,1119.407761
-49.961193,50,1119.918965
-49.967932,50,1120.370599
-49.942927,50,1120.828939
-49.966443,50,1121.274449
-49.969144,50,1121.728972
-49.951698,50,1122.2071
-49.933782,50,1122.656532
-49.978912,50,1123.112854
-49.959812,50,1123.554938
-49.947969,50,1123.993896
-49.983077,50,1124.43138
-49.949547,50,1124.90099
-49.932776,50,1125.370441
-49.986901,50,1125.808211
-49.966627,50,1126.275108
-49.954154,50,1126.713168
0.000129,1,1126.722169
-49.975716,50,1127.187135
-49.961675,50,1127.635273
-49.944549,50,1128.07022
-49.977032,50,1128.533592
-49.954554,50,1128.972829
-49.98001,50,1129.461285
-49.971635,50,1129.968322
-49.972959,50,1130.436343
-49.921384,50,1130.903218
-49.924515,50,1131.359523
-49.968338,50,1131.823935
-49.946678,50,1132.297575
-49.954248,50,1132.759272
-49.949667,50,1133.218438
-49.983539,50,1133.666203
-49.992562,50,1134.134428
-49.955387,50,1134.579254
-49.933638,50,1135.020335
-49.979443,50,1135.466949
-49.969619,50,1135.909485
-49.955559,50,1136.367807
-49.970483,50,1136.817999
0.000167,1,1136.827999
-49.931235,50,1137.262179
-49.960729,50,1137.701033
-49.976569,50,1138.170831
-49.96442,50,1138.627312
-49.941816,50,1139.064385
-49.943721,50,1139.524629
-49.936036,50,1140.024747
-49.954076,50,1140.482644
-49.968579,50,1140.95321
0.000162,1,1140.962294
-49.970123,50,1141.419848
-49.965794,50,1141.855689
-49.95031,50,1142.326576
-49.976586,50,1142.758991
-49.982916,50,1143.239439
0.000164,1,1143.247439
-49.962624,50,1143.696038
-49.983635,50,1144.157449
-49.942986,50,1144.616095
-49.976088,50,1145.053457
-49.983516,50,1145.520408
-49.975147,50,1145.976027
-49.97682,50,1146.464433
0.000221,1,1146.472552
-49.956626,50,1146.913603
-49.968171,50,1147.362507
0.000225,1,1147.375513
-49.9707,50,1147.826247
-49.975118,50,1148.301862
0.000127,1,1148.310861
-49.963748,50,1148.766534
-49.96835,50,1149.22922
-49.929465,50,1149.667272
0.000207,1,1149.676272
-49.932337,50,1150.162413
-49.947179,50,1150.603247
0.000236,1,1150.612247
-49.972073,50,1151.053232
-49.938959,50,1151.49929
-49.965252,50,1151.93992
-49.936464,50,1152.405558
-49.945984,50,1152.831777
-49.977714,50,1153.274698
-49.944505,50,1153.747519
-49.944762,50,1154.194378
3.6e-05,1,1154.203379
-49.965576,50,1154.699312
-49.976204,50,1155.139071
-49.952875,50,1155.608646
-49.947755,50,1156.086209
-49.930994,50,1156.540159
-49.937432,50,1156.99514
0.000125,1,1157.00414
-49.956015,50,1157.454843
-49.968854,50,1157.906142
-49.9566,50,1158.396989
-49.945504,50,1158.821353
0.000144,1,1158.829352
0.000113,1,1158.84641
-49.932235,50,1159.314866
-49.956671,50,1159.755339
-49.984482,50,1160.238576
-49.957794,50,1160.706425
-49.967455,50,1161.167106
-49.954714,50,1161.620268
-49.951606,50,1162.062604
-49.944917,50,1162.545473
-49.977039,50,1162.981437
-49.953713,50,1163.432919
-49.952415,50,1163.877923
-49.981357,50,1164.348163
-49.927303,50,1164.77652
-49.970802,50,1165.23007
-49.987102,50,1165.686874
-49.947982,50,1167.545709
-49.949601,50,1167.997504
-49.961103,50,1168.468704
-49.938868,50,1168.918492
-49.934492,50,1169.401775
-49.964372,50,1169.866683
-49.939729,50,1170.350084
-49.965905,50,1170.813192
-49.941888,50,1171.255099
-49.963136,50,1171.712391
-49.937886,50,1172.166818
0.000198,1,1172.175816
-49.948986,50,1172.646515
-49.981744,50,1173.098449
-49.956529,50,1173.555653
-49.953435,50,1174.017733
-49.978741,50,1174.468985
-49.958302,50,1174.893313
-49.955479,50,1175.338549
-49.969439,50,1175.791992
-49.976549,50,1176.244011
-49.952385,50,1176.692859
-49.985465,50,1177.162009
-49.96683,50,1177.623829
-49.942859,50,1178.088913
0.000229,1,1178.097915
-49.959647,50,1178.556007
-49.981856,50,1179.002357
0.000179,1,1179.01465
-49.93826,50,1179.458376
-49.943789,50,1179.905766
-49.93921,50,1180.340681
-49.957643,50,1180.831357
-49.936198,50,1181.288331
-49.970142,50,1181.73673
-49.950713,50,1182.189301
-49.939129,50,1182.66717
-49.947381,50,1183.099293
-49.974658,50,1183.557826
-49.953786,50,1184.002927
-49.980189,50,1184.446997
-49.938741,50,1184.887448
-49.938355,50,1185.319516
-49.93419,50,1185.776773
-49.93116,50,1186.198393
-49.931677,50,1186.636884
-49.925984,50,1187.072462
-49.986717,50,1187.532815
-49.936985,50,1187.993245
-49.944475,50,1188.43898
-49.960998,50,1188.887653
-49.980473,50,1189.331411
-49.960141,50,1189.787967
-49.974766,50,1190.258515
-49.977414,50,1190.779126
-49.979926,50,1191.223402
-49.957284,50,1191.695826
-49.943057,50,1192.161133
-49.949523,50,1192.620272
-49.927934,50,1193.08064
-49.951987,50,1193.534878
-49.932911,50,1193.988147
-49.985863,50,1194.46419
-49.965861,50,1194.937411
-49.956378,50,1195.391621
-49.968343,50,1195.829984
-49.938523,50,1196.26376
-49.943284,50,1196.703356
-49.927827,50,1197.146481
-49.98171,50,1197.590262
-49.943701,50,1198.029463
-49.950849,50,1198.472377
-49.950038,50,1198.914389
-49.959993,50,1199.344833
-49.941222,50,1199.78478
-49.951302,50,1200.206553
-49.959231,50,1200.66234
-49.96979,50,1201.131916
-49.937274,50,1201.581295
-49.927929,50,1202.066
-49.947663,50,1202.516548
-49.949975,50,1202.969613
-49.970417,50,1203.408798
-49.969102,50,1203.92409
-49.940194,50,1204.369388
-49.957829,50,1204.80113
-49.946849,50,1205.291361
-49.961441,50,1205.748508
-49.939159,50,1206.190827
-49.926738,50,1206.657589
-49.927907,50,1207.101618
-49.932468,50,1207.536579
-49.949967,50,1207.980497
-49.95038,50,1208.405212
-49.962666,50,1208.8534
-49.94224,50,1209.276897
-49.955124,50,1209.729091
-49.950424,50,1210.190532
-49.977831,50,1210.648397
-49.944586,50,1211.124626
-49.955034,50,1211.582414
-49.949535,50,1212.010677
-49.944555,50,1212.44427
-49.955283,50,1212.871642
-49.934661,50,1213.326939
-49.924374,50,1213.758425
-49.963515,50,1214.211651
-49.936451,50,1214.671668
-49.969482,50,1215.115714
-49.984207,50,1215.557663
-49.980988,50,1216.017858
-49.950847,50,1216.455151
-49.974763,50,1216.904484
-49.927626,50,1217.325025
-49.950529,50,1217.769402
-49.941281,50,1218.243624
-49.928148,50,1218.682639
-49.952236,50,1219.132895
-49.976677,50,1219.586895
-49.984679,50,1220.005688
-49.951698,50,1220.470917
-49.935813,50,1220.912755
-49.955517,50,1221.400727
-49.925607,50,1221.844991
-49.945522,50,1222.276272
-49.932636,50,1222.720818
7.2e-05,1,1222.728819
0.000133,1,1222.738818
-49.949269,50,1223.198934
-49.936862,50,1223.651737
-49.926184,50,1224.101569
-49.979414,50,1224.540526
-49.926488,50,1224.996678
-49.939894,50,1225.451895
-49.940693,50,1225.909878
-49.941665,50,1226.36882
-49.935014,50,1226.838078
-49.925471,50,1227.288878
-49.972911,50,1227.730146
-49.961165,50,1228.166722
-49.963533,50,1228.626209
-49.95537,50,1229.062008
-49.972087,50,1229.535515
-49.961041,50,1229.970956
-49.941489,50,1230.409578
-49.959864,50,1230.859422
-49.936933,50,1231.337515
-49.970623,50,1231.786382
-49.987355,50,1232.237588
-49.941181,50,1232.666187
-49.938459,50,1233.114572
-49.963497,50,1233.538857
0.000106,1,1233.551857
-49.93871,50,1233.995591
-49.929079,50,1234.428966
-49.968554,50,1234.861007
-49.947191,50,1235.304861
-49.926354,50,1235.741767
-49.940613,50,1236.164208
-49.984273,50,1236.58846
-49.961511,50,1237.016676
-49.938714,50,1237.462985
-49.968174,50,1237.911145
-49.969435,50,1238.356081
-49.976396,50,1238.832765
-49.925549,50,1239.287911
-49.937998,50,1239.73833
-49.936073,50,1240.174325
-49.954663,50,1240.620188
-49.937291,50,1241.087615
-49.941185,50,1241.583773
-49.952938,50,1242.01905
-49.948104,50,1242.482071
-49.975624,50,1242.925328
-49.961646,50,1243.358458
-49.944337,50,1243.786134
-49.961188,50,1244.216645
-49.980898,50,1244.65975
-49.964464,50,1245.082561
-49.96209,50,1245.524693
-49.954318,50,1245.967589
-49.969226,50,1246.390645
-49.935718,50,1246.841667
-49.961407,50,1247.258313
-49.939506,50,1247.679939
-49.943293,50,1248.110389
0.000233,1,1248.119464
-49.961651,50,1248.560708
0.000217,1,1248.572969
-49.951671,50,1249.042118
-49.939476,50,1249.479622
-49.931342,50,1249.928726
-49.935304,50,1250.372352
-49.983376,50,1250.823559
-49.94981,50,1251.263619
-49.971678,50,1251.775979
-49.927843,50,1252.220435
-49.939613,50,1252.669055
-49.961486,50,1253.122664
-49.976854,50,1253.559489
-49.938851,50,1254.007615
-49.953591,50,1254.442962
-49.934515,50,1254.894498
-49.964001,50,1255.322463
-49.946145,50,1255.772518
-49.96627,50,1256.213593
-49.945629,50,1256.648805
-49.987456,50,1257.0931
-49.968429,50,1258.983804
-49.97514,50,1259.417102
-49.955756,50,1259.856226
6e-05,1,1259.865226
-49.920827,50,1260.285737
8.1e-05,1,1260.295739
-49.936039,50,1260.75465
-49.964182,50,1261.184984
-49.975322,50,1261.670267
0.000159,1,1261.680362
-49.922883,50,1262.130353
-49.972061,50,1262.552845
-49.964668,50,1262.996721
-49.974667,50,1263.427338
-49.952143,50,1263.885522
-49.980525,50,1264.324598
-49.961589,50,1264.768494
-49.981588,50,1265.216985
-49.93227,50,1265.67502
-49.938212,50,1266.121982
-49.932083,50,1266.56895
-49.964778,50,1266.997781
-49.960651,50,1267.432195
-49.970114,50,1267.858303
-49.966163,50,1268.306517
-49.947168,50,1268.759357
-49.956563,50,1269.191845
-49.958067,50,1269.62665
0.000194,1,1269.639728
-49.960981,50,1270.082563
-49.958692,50,1270.544168
-49.941407,50,1270.986071
-49.964597,50,1271.437136
-49.952195,50,1271.932492
-49.942189,50,1272.374967
0.000178,1,1272.38397
-49.932614,50,1272.853338
-49.945052,50,1273.28014
-49.928185,50,1273.717731
-49.953466,50,1274.179337
0.000107,1,1274.19141
-49.959752,50,1274.639514
-49.950847,50,1275.089811
-49.936336,50,1275.538371
-49.950559,50,1275.98947
-49.952703,50,1276.441801
-49.938152,50,1276.923745
-49.960778,50,1277.366378
-49.983486,50,1277.824503
-49.979158,50,1278.254708
-49.926607,50,1278.686401
-49.951527,50,1279.162898
-49.972983,50,1279.61281
-49.958293,50,1280.045897
-49.975869,50,1280.502678
-49.961706,50,1280.956202
-49.976949,50,1281.408335
-49.955519,50,1281.837005
-49.958625,50,1282.309879
-49.987096,50,1282.749984
-49.927191,50,1283.187706
-49.953018,50,1283.632253
-49.945588,50,1284.067504
-49.930982,50,1284.562107
-49.942663,50,1285.011
-49.956319,50,1285.456796
-49.956058,50,1285.913094
-49.970371,50,1286.343564
-49.962053,50,1286.802183
-49.952048,50,1287.285531
-49.938204,50,1287.716672
-49.975328,50,1288.173514
-49.948986,50,1288.620888
-49.972002,50,1289.079514
-49.947852,50,1289.515475
-49.942736,50,1289.975239
0.000242,1,1289.988396
-49.947182,50,1290.422423
-49.960564,50,1290.882883
-49.96608,50,1291.324785
-49.968086,50,1291.769134
-49.975334,50,1292.283264
-49.960094,50,1292.736667
0.00024,1,1292.745831
-49.940768,50,1293.185988
-49.960668,50,1293.617101
-49.979435,50,1294.063046
-49.95078,50,1294.493495
0.000228,1,1294.512497
-49.961556,50,1294.977373
-49.974056,50,1295.400629
-49.934782,50,1295.849216
-49.974009,50,1296.296035
-49.984741,50,1296.739751
-49.962127,50,1297.185812
-49.946354,50,1297.629981
-49.955322,50,1298.085915
-49.954896,50,1298.540547
-49.979853,50,1298.983347
-49.962297,50,1299.429736
-49.950185,50,1299.879789
-49.936475,50,1300.307819
-49.942972,50,1300.788278
-49.969166,50,1301.248342
-49.960158,50,1301.701669
-49.960834,50,1302.193618
-49.975916,50,1302.671106
-49.954563,50,1303.140111
-49.961534,50,1303.567206
-49.937191,50,1304.016977
-49.949023,50,1304.464064
-49.945928,50,1304.90737
-49.986088,50,1305.355304
-49.94459,50,1305.803545
-49.931032,50,1306.246714
-49.95982,50,1306.678866
-49.976719,50,1307.111116
-49.939465,50,1307.565198
-49.908915,50,1308.003977
-49.953943,50,1308.430855
-49.964404,50,1308.891748
-49.9408,50,1309.330197
-49.931192,50,1309.789689
-49.960737,50,1310.243381
-49.955139,50,1310.714224
-49.963549,50,1311.169282
-49.932992,50,1311.606671
-49.977252,50,1312.05804
-49.925898,50,1312.546175
-49.954913,50,1312.993897
-49.96401,50,1313.449235
-49.938014,50,1313.903497
-49.924887,50,1314.386237
-49.953189,50,1314.830777
-49.974188,50,1315.280642
0.000185,1,1315.289643
0.000192,1,1315.301643
-49.984338,50,1315.762451
-49.941397,50,1316.194047
-49.952884,50,1316.638814
-49.976764,50,1317.082389
-49.949391,50,1317.507446
0.000185,1,1317.516447
0.000133,1,1317.524647
0.000142,1,1317.538704
-49.985023,50,1317.997296
-49.988926,50,1318.438977
-49.97812,50,1318.872003
-49.984055,50,1319.314672
-49.965756,50,1319.740572
-49.949546,50,1320.206398
-49.977998,50,1320.643137
-49.938342,50,1321.097353
-49.933679,50,1321.583578
-49.936459,50,1322.009012
-49.943662,50,1322.470844
-49.95097,50,1322.930077
-49.949352,50,1323.366794
-49.937639,50,1323.812145
-49.94266,50,1324.242405
-49.939194,50,1324.686994
0.000249,1,1324.696994
-49.92816,50,1325.14995
-49.929143,50,1325.634722
-49.968073,50,1326.088981
-49.931686,50,1326.529229
-49.960502,50,1326.974241
-49.971611,50,1327.398978
0.000149,1,1327.412039
0.000144,1,1327.421041
-49.949684,50,1327.848909
-49.929903,50,1328.303322
-49.981914,50,1328.771218
-49.956997,50,1329.227234
-49.952978,50,1329.675573
-49.944415,50,1330.103634
-49.925099,50,1330.537505
-49.934751,50,1330.985407
-49.96289,50,1331.432766
0.00017,1,1331.444237
-49.935436,50,1331.942513
-49.951511,50,1332.397732
-49.948443,50,1332.915619
-49.963679,50,1333.359041
-49.934732,50,1333.830149
-49.971175,50,1334.285321
-49.965606,50,1334.731822
-49.971037,50,1335.179708
-49.952996,50,1335.630639
-49.940632,50,1336.093281
-49.942084,50,1336.567581
-49.940982,50,1337.006977
-49.949323,50,1337.460777
-49.955031,50,1337.916773
-49.957231,50,1338.376429
-49.96339,50,1338.8091
0.000125,1,1338.823318
-49.97446,50,1339.265456
-49.944153,50,1339.712762
-49.986963,50,1340.17887
-49.972572,50,1340.614107
0.000218,1,1340.622171
-49.943537,50,1341.08258
-49.951378,50,1341.497887
-49.966582,50,1341.934478
-49.972983,50,1342.386804
-49.978863,50,1342.876018
-49.966933,50,1343.328521
-49.947118,50,1343.765517
-49.949664,50,1344.238954
-49.966455,50,1344.713811
-49.955846,50,1345.182832
-49.956608,50,1345.66576
-49.97461,50,1346.113724
0.00012,1,1346.121723
-49.965116,50,1346.56163
-49.945986,50,1347.0169
-49.972499,50,1347.459457
-49.931343,50,1347.903152
-49.972156,50,1348.339491
-49.970077,50,1348.783089
