#{"t_start": 1777820753.686227, "env_id": "FetchReach-v4"}
r,l,t
-66.735395,50,1.23401
-63.095023,50,1.285317
-51.316692,50,1.338962
-69.605519,50,1.394155
-56.863843,50,1.452689
-57.528621,50,1.503909
-60.047765,50,1.560507
-60.019177,50,1.618795
-59.687845,50,1.678948
-63.764604,50,1.739036
-62.933458,50,1.79331
-57.11183,50,1.847896
-61.176447,50,1.900982
-59.02802,50,1.95354
-54.657891,50,1.99916
-64.858719,50,2.055511
-59.491669,50,2.112745
-59.836829,50,2.167897
-56.664549,50,2.230191
-65.864264,50,2.286474
-59.691242,50,2.34081
-57.138938,50,2.398756
-62.097429,50,2.45034
-63.949737,50,2.503923
-59.262183,50,2.556501
-58.555043,50,2.607923
-64.431343,50,2.65819
-57.340563,50,2.706295
-56.198722,50,2.767393
-61.803769,50,2.816441
-60.491963,50,2.871095
-64.628763,50,2.920801
-64.767549,50,2.975579
-57.916303,50,3.025239
-62.978602,50,3.081924
-55.772283,50,3.130993
-63.721289,50,3.195651
-65.964344,50,3.241793
-59.421759,50,3.301884
-65.813569,50,3.357969
-59.023242,50,3.418059
-57.361344,50,3.473786
-63.454782,50,3.526365
-59.32315,50,3.575522
-59.011021,50,3.636246
-60.378337,50,3.687404
-58.829622,50,3.737922
-59.495978,50,3.785478
-61.152305,50,3.84206
-58.21547,50,3.885664
-68.163448,50,3.931871
-59.67148,50,3.978934
-61.170889,50,4.033019
-56.104131,50,4.079081
-62.773914,50,4.128833
-60.245003,50,4.183943
-55.059633,50,4.238028
-63.596127,50,4.288102
-60.117077,50,4.33533
-62.214517,50,4.388904
-62.645085,50,4.445479
-58.941951,50,4.49806
-59.622668,50,4.550281
-59.209526,50,4.60693
-62.513387,50,4.68306
-61.274332,50,4.777977
-66.098883,50,4.859986
-59.492178,50,4.92108
-64.824993,50,4.981884
-64.22537,50,5.047005
-62.709039,50,5.095568
-61.116309,50,5.140299
-59.825118,50,5.196422
-58.002291,50,5.245482
-60.494944,50,5.301059
-61.181249,50,5.360303
-47.24065,50,5.418372
-49.801507,50,5.467051
-55.894034,50,5.520395
-56.836196,50,5.570126
-53.993818,50,5.623808
-50.484636,50,5.677907
-63.541163,50,5.731981
-55.393226,50,5.781062
-59.954855,50,5.834238
-61.052419,50,5.89213
-60.275185,50,5.937918
-60.108087,50,6.003984
-63.069671,50,6.072277
-62.703036,50,6.123854
-58.165119,50,6.167046
-66.512277,50,6.217203
-57.559249,50,6.277966
-60.693762,50,6.334039
-64.363066,50,6.383893
-60.538222,50,6.43647
-58.265028,50,6.490254
-59.742969,50,6.54582
-56.480917,50,6.596287
-60.934958,50,6.651072
-62.643155,50,10.37115
-55.135466,50,11.280927
-61.867361,50,12.114014
-56.839468,50,12.87531
-58.472533,50,13.652982
-61.922193,50,14.441
-60.594399,50,15.213883
-65.459601,50,15.980033
-62.149703,50,16.815351
-57.500134,50,17.662991
-66.601084,50,18.538172
-59.887516,50,19.365886
-64.542919,50,20.215534
-63.568797,50,21.02308
-56.28289,50,21.863672
-60.318004,50,22.728125
-61.931639,50,23.567822
-57.685012,50,24.405576
-63.879242,50,25.226822
-59.57138,50,26.029025
-57.646651,50,26.891046
-60.288045,50,27.753938
-62.314643,50,28.546836
-62.646894,50,29.341222
-56.826586,50,30.190084
-61.229385,50,31.004014
-56.168341,50,31.795678
-64.330116,50,32.649827
-59.003646,50,33.472029
-61.347092,50,34.266273
-63.03934,50,35.045328
-63.604104,50,35.842744
-59.408042,50,36.592294
-61.455175,50,37.350981
-57.182362,50,38.100032
-65.757586,50,38.855341
-60.541628,50,39.685473
-60.267653,50,40.54406
-59.416238,50,41.348006
-58.313021,50,42.176089
-59.995767,50,43.029868
-61.329025,50,43.865381
-62.225466,50,44.680491
-56.757318,50,45.456538
-38.441877,50,46.257739
-49.579182,50,47.022069
-63.894628,50,47.813966
-62.992834,50,48.635434
-50.961592,50,49.50426
-54.542941,50,50.287964
-57.665521,50,51.084046
-52.257411,50,51.850034
-59.395059,50,52.636233
-62.349623,50,53.453999
-61.358299,50,54.272885
-61.684597,50,55.078921
-62.251053,50,55.867888
-61.385813,50,56.659701
-56.000059,50,57.448213
-51.34019,50,58.243909
-53.397084,50,59.029315
-58.166122,50,59.847948
-54.514893,50,60.640049
-60.535413,50,61.441828
-57.125545,50,62.262978
-60.227202,50,63.072861
-55.13419,50,63.90408
-56.67041,50,64.745329
-43.902712,50,65.55532
-57.606746,50,66.354019
-58.984094,50,67.121157
-61.030987,50,67.951785
-57.207833,50,68.789947
-59.926509,50,69.597568
-62.808199,50,70.414381
-52.985063,50,71.199486
-59.215267,50,71.962123
-51.501784,50,72.733247
-58.68994,50,73.490702
-57.969614,50,74.287014
-55.319516,50,75.120541
-58.347943,50,75.961862
-53.490665,50,76.799032
-49.571748,50,77.621059
-59.111889,50,78.411047
-58.512931,50,79.167043
-55.615077,50,79.944019
-56.820638,50,80.713874
-59.029445,50,81.506344
-57.360882,50,82.288876
-54.863649,50,83.063175
-61.32999,50,83.858846
-44.812687,50,84.619294
-53.916483,50,85.357172
-57.572156,50,86.095551
-47.786179,50,86.84886
-59.372948,50,87.647296
-34.465237,50,88.468629
-57.205751,50,89.204521
-53.39307,50,89.931162
-58.254262,50,93.167379
-47.109143,50,93.926172
-56.251442,50,94.675346
-57.689108,50,95.429201
-52.332486,50,96.300856
-36.906983,50,97.099841
-57.462905,50,97.897152
-58.45454,50,98.711184
-55.259219,50,99.460936
-46.803581,50,100.204018
-56.489504,50,100.947858
-54.935876,50,101.695539
-50.89571,50,102.429981
-56.129335,50,103.185446
-50.678857,50,103.903165
-23.536583,50,104.653982
-19.193568,50,105.413172
-46.758739,50,106.229142
-43.309621,50,106.965512
-38.670007,50,107.707494
-48.961672,50,108.447713
-50.231328,50,109.21201
-38.47142,50,109.931402
-53.522098,50,110.661417
-56.640931,50,111.393039
-54.047717,50,112.14551
-44.679118,50,112.893936
-28.932896,50,113.619105
-53.334617,50,114.35905
-38.820987,50,115.087506
-36.208469,50,115.837522
-23.443643,50,116.570134
-31.071623,50,117.392847
-51.921265,50,118.109971
-25.322188,50,118.881882
-44.728272,50,119.657228
-19.486326,50,120.5239
-19.254926,50,121.367002
-24.485235,50,122.073921
-32.027046,50,122.805374
-23.42971,50,123.549245
-37.157508,50,124.307906
-47.124501,50,124.997848
-31.633064,50,125.80611
-23.498413,50,126.561005
-42.443333,50,127.256174
-35.991361,50,127.97706
-9.003554,50,128.685422
-47.135973,50,129.451038
-27.67738,50,130.229055
-30.723468,50,130.999825
-42.6747,50,131.849203
-14.887535,50,132.57102
-38.185657,50,133.263064
-14.246157,50,134.057108
-34.05611,50,134.87109
-27.738549,50,135.666257
-8.767479,50,136.452514
-17.124296,50,137.253939
-28.711129,50,138.126959
-20.554326,50,138.997994
-13.14922,50,139.903929
-27.628095,50,140.765697
-29.823555,50,141.925394
-12.900931,50,143.069542
-11.978653,50,143.927788
-41.225067,50,144.785971
-23.419447,50,145.694003
-29.72277,50,146.5902
-8.755864,50,147.467903
-12.008758,50,148.312011
-5.87661,50,149.109989
-13.931974,50,149.887022
-5.699385,50,150.642063
-11.057095,50,151.371026
-21.292135,50,152.175336
-7.800145,50,153.084092
-24.628961,50,154.008878
-6.991074,50,154.906383
-7.683575,50,155.808022
-1.348763,50,156.690933
-24.563024,50,157.550786
-6.670746,50,158.337076
-5.88861,50,159.078082
-4.352993,50,159.853573
-8.710317,50,160.627074
-5.688219,50,161.377174
-3.401374,50,162.099018
-10.759118,50,162.925444
-2.233398,50,163.803859
-8.537492,50,164.659499
-4.452508,50,165.52696
-6.770618,50,166.400913
-3.414298,50,167.266462
-7.650824,50,168.129886
-5.414194,50,168.984743
-4.404476,50,169.783838
-3.344707,50,170.603067
-4.451399,50,171.361576
-2.295584,50,172.100834
-4.6038,50,175.555514
-2.270727,50,176.379201
-3.388819,50,177.243874
-5.715873,50,178.135342
-4.543035,50,179.020994
-0.961886,50,179.900139
-6.711033,50,180.805538
-4.385628,50,181.661354
-3.349902,50,182.516936
-4.299658,50,183.350246
-3.143945,50,184.129957
-4.93954,50,184.880048
-3.223562,50,185.709835
-3.132328,50,186.53206
-4.257451,50,187.414037
-0.874975,50,188.305399
-3.282327,50,189.220987
-4.200484,50,190.135336
-0.959059,50,191.007534
-5.676058,50,191.872796
-2.959211,50,192.672583
-3.274609,50,193.423259
-3.172912,50,194.21552
-4.146553,50,195.016288
-1.905986,50,195.799148
-4.017412,50,196.540895
-3.018792,50,197.293028
-2.929254,50,198.024046
-1.969587,50,198.781917
-3.265564,50,199.541015
-0.878771,50,200.284573
-4.092788,50,201.045522
-3.141204,50,201.823132
-4.32886,50,202.598817
-0.921583,50,203.348078
-3.038521,50,204.109979
-4.43871,50,204.931817
-3.033428,50,205.697984
-4.064749,50,206.478079
-4.220726,50,207.253976
-3.025775,50,208.046817
-1.866436,50,208.789219
-3.153471,50,209.54285
-0.742879,50,210.300883
-2.751435,50,211.093976
-1.880699,50,211.861801
-4.377301,50,212.541943
-3.391806,50,213.213948
-0.773605,50,213.902991
-3.124304,50,214.631826
-0.757866,50,215.38552
-2.953412,50,216.136869
-3.926206,50,216.889124
-4.19564,50,217.628878
-2.987356,50,218.447019
-2.95441,50,219.457288
-2.921264,50,220.384337
-2.952753,50,221.120779
-2.959141,50,221.946297
-3.147722,50,222.837445
-1.844904,50,223.897028
-2.908917,50,224.883798
-1.849264,50,225.797101
-2.833549,50,226.639022
-4.624093,50,227.515484
-3.08421,50,228.287014
-2.769839,50,229.041853
-3.167348,50,229.846909
-4.212071,50,230.598944
-4.334899,50,231.33389
-2.958403,50,232.070564
-3.008379,50,232.833888
-1.863594,50,233.594396
-1.71112,50,234.463888
-1.706811,50,235.43089
-1.833291,50,236.427756
-2.895623,50,237.190042
-4.066941,50,237.965523
-4.148199,50,238.757588
-3.960112,50,239.519073
-4.431509,50,240.34405
-4.186153,50,241.104339
-4.697182,50,241.857047
-2.585061,50,242.611508
-0.867119,50,243.358749
-4.420799,50,244.091877
-3.022814,50,244.830962
-1.796374,50,245.557663
-2.942608,50,246.318125
-4.026327,50,247.060935
-2.781001,50,247.821508
-2.883981,50,248.687877
-3.240621,50,249.736832
-3.178278,50,250.815299
-2.939564,50,251.753731
-3.97834,50,252.70349
-4.116268,50,253.693923
-1.876483,50,254.66391
-2.982137,50,255.632068
-3.028963,50,256.38107
-0.856885,50,260.642077
-0.980211,50,261.400888
-3.175491,50,262.12556
-2.819219,50,262.905389
-3.39952,50,263.694021
-0.726973,50,264.478836
-3.929718,50,265.260996
-1.797936,50,266.016542
-1.739167,50,266.826457
-1.821878,50,267.623864
-2.918375,50,268.445544
-3.976059,50,269.275372
-1.779177,50,270.064422
-3.068286,50,271.061799
-0.755361,50,272.021077
-4.421989,50,272.988886
-4.254149,50,273.952434
-3.040568,50,274.892926
-4.475304,50,275.861001
-3.949075,50,276.874021
-1.911331,50,277.891936
-3.09185,50,278.88802
-0.63432,50,279.773786
-4.889557,50,280.55012
-4.011024,50,281.319847
-2.955287,50,282.112963
-1.72715,50,282.90162
-3.109727,50,283.806991
-2.888694,50,284.704242
-4.054867,50,285.587578
-3.072821,50,286.474243
-3.994834,50,287.364715
-2.907648,50,288.262005
-2.83297,50,289.13894
-2.734214,50,290.004024
-3.020711,50,290.870103
-4.118608,50,291.77894
-2.741251,50,292.660933
-0.693671,50,293.519851
-2.902762,50,294.367157
-4.329028,50,295.195697
-3.072173,50,296.048383
-4.673339,50,296.925411
-4.53106,50,297.857958
-0.597475,50,298.644577
-2.94273,50,299.482875
-2.150255,50,300.387779
-2.129215,50,301.282195
-4.445804,50,302.264075
-3.238021,50,303.11002
-3.065713,50,303.939166
-2.864123,50,304.759979
-1.801823,50,305.606189
-1.756019,50,306.529059
-4.367739,50,307.391008
-2.78856,50,308.266964
-2.922847,50,309.113008
-4.085177,50,309.922107
-2.896068,50,310.769797
-4.482266,50,311.517956
-3.02692,50,312.309027
-4.135463,50,313.137111
-0.85992,50,313.987031
-2.657117,50,314.873518
-2.921386,50,315.766569
-4.149362,50,316.681933
-3.036472,50,317.552863
-0.844662,50,318.427817
-2.886765,50,319.255534
-3.014786,50,320.104028
-4.059684,50,320.924084
-2.906956,50,321.752844
-2.849518,50,322.567545
-1.835562,50,323.391031
-3.900925,50,324.196115
-2.849841,50,325.021039
-2.871792,50,325.812893
-4.005805,50,326.72183
-4.032456,50,327.642947
-2.740013,50,328.488761
-4.631803,50,329.403833
-3.745513,50,330.289085
-4.140326,50,331.14091
-1.785707,50,331.986019
-4.257463,50,332.8557
-0.698585,50,333.684018
-4.849876,50,334.517285
-3.793329,50,335.287507
-1.71697,50,336.072083
-2.720251,50,336.921208
-1.660266,50,337.784106
-2.771387,50,338.626215
-3.052956,50,339.489087
-1.78159,50,340.306259
-2.952754,50,341.131917
-2.84822,50,341.961888
-1.723736,50,342.875315
-3.234331,50,343.86055
-1.581761,50,344.80547
-2.719948,50,345.664127
-4.831735,50,349.477884
-4.518139,50,350.297138
-3.183432,50,351.099145
-2.805931,50,351.944058
-2.889475,50,352.812022
-0.689057,50,353.587358
-2.829947,50,354.507591
-3.006403,50,355.515572
-5.012804,50,356.569191
-2.935615,50,357.586344
-1.806025,50,358.623051
-2.049074,50,359.612959
-2.774548,50,360.603476
-3.286581,50,361.54985
-3.976303,50,362.541798
-2.895451,50,363.511899
-2.934295,50,364.439037
-1.689679,50,365.398145
-4.127018,50,366.330997
-3.19278,50,367.176831
-3.655796,50,368.190067
-3.083391,50,369.220546
-2.726842,50,370.243848
-2.792071,50,371.206856
-0.757662,50,371.980944
-1.026035,50,372.777062
-3.14884,50,373.583066
-2.96384,50,374.398433
-2.868049,50,375.235585
-3.058619,50,376.059835
-2.772364,50,376.901526
-2.754294,50,377.74545
-4.008877,50,378.599677
-2.721007,50,379.461001
-0.633464,50,380.363831
-4.804807,50,381.223053
-3.090148,50,382.027725
-1.915051,50,382.863888
-4.553521,50,383.70955
-1.593288,50,384.519554
-4.246519,50,385.29102
-1.742153,50,386.041658
-1.789411,50,386.804441
-2.827241,50,387.590017
-2.831272,50,388.474174
-3.156823,50,389.410043
-2.012363,50,390.327766
-3.152396,50,391.159001
-3.060608,50,391.999003
-3.033776,50,392.864217
-1.851841,50,393.747275
-1.949716,50,394.620763
-3.085645,50,395.509431
-2.740747,50,396.36551
-2.924175,50,397.261508
-2.715073,50,398.155334
-4.001879,50,399.001925
-2.934581,50,399.83216
-3.563809,50,400.625409
-4.038916,50,401.389383
-0.842979,50,402.190018
-3.927871,50,403.026128
-2.749669,50,403.847909
-2.778302,50,404.68124
-2.73704,50,405.50385
-1.496066,50,406.366341
-2.723394,50,407.284039
-1.973675,50,408.165416
-4.800069,50,409.07045
-4.1491,50,409.989817
-2.909596,50,410.866967
-4.005316,50,411.72107
-2.099641,50,412.564025
-1.666044,50,413.412985
-1.689744,50,414.226445
-3.899292,50,415.060882
-1.833456,50,415.843893
-2.827423,50,416.620312
-1.554979,50,417.441315
-2.858153,50,418.285293
-1.738087,50,419.125489
-3.080606,50,419.977835
-3.093373,50,420.821522
-2.929647,50,421.669906
-4.072125,50,422.550237
-1.668001,50,423.432977
-1.855181,50,424.3109
-2.880638,50,425.225481
-2.886911,50,426.10388
-3.083582,50,426.959675
-4.557517,50,427.77897
-2.863174,50,428.61131
-3.980503,50,429.472085
-3.975843,50,430.233052
-2.885857,50,431.025564
-1.790009,50,431.8799
-2.824289,50,432.708804
-1.944071,50,433.546268
-3.108678,50,434.371939
-2.028532,50,435.199342
-4.712119,50,438.908748
-2.892327,50,439.706343
-4.933274,50,440.527987
-1.825283,50,441.322077
-4.045045,50,442.134227
-3.254834,50,442.954118
-2.879818,50,443.780131
-4.059571,50,444.585325
-2.9209,50,445.348328
-1.904176,50,446.079683
-3.426325,50,446.931834
-3.078329,50,447.756525
-1.649593,50,448.556206
-4.094218,50,449.379081
-2.624193,50,450.288948
-3.27815,50,451.197916
-2.981551,50,452.120959
-1.94691,50,453.016289
-2.827251,50,453.892221
-1.670868,50,454.800972
-0.841651,50,455.697655
-1.944519,50,456.578993
-2.901372,50,457.353548
-4.591042,50,458.194
-1.742371,50,458.934071
-2.9078,50,459.723266
-3.996507,50,460.511928
-1.726985,50,461.261084
-1.865003,50,462.04642
-1.684246,50,462.819995
-1.85217,50,463.713062
-3.507364,50,464.529035
-1.734624,50,465.289427
-2.854854,50,466.12873
-2.931335,50,466.933856
-1.859282,50,467.713925
-3.789472,50,468.525403
-2.844146,50,469.458835
-3.063009,50,470.345562
-4.026974,50,471.264362
-4.148803,50,472.197073
-0.840833,50,473.113998
-3.191461,50,474.004759
-4.085416,50,474.884116
-1.62133,50,475.771235
-4.012091,50,476.6791
-1.797782,50,477.535287
-2.654252,50,478.438961
-4.402704,50,479.343044
-0.790122,50,480.185624
-2.818167,50,481.034109
-0.657577,50,481.870864
-1.610564,50,482.70746
-1.777766,50,483.548981
-2.975009,50,484.385319
-4.62837,50,485.18991
-2.78195,50,486.002768
-1.769538,50,486.902265
-0.713071,50,487.809249
-3.148702,50,488.688888
-0.660051,50,489.58537
-0.569691,50,490.470966
-2.963359,50,491.386206
-4.191606,50,492.276026
-1.825352,50,493.17409
-4.122943,50,494.043117
-3.884605,50,494.935482
-3.020731,50,495.803974
-2.828796,50,496.708939
-0.70335,50,497.588296
-2.967846,50,498.400209
-1.928155,50,499.223153
-2.786154,50,500.089315
-3.059039,50,500.838278
-4.02051,50,501.618286
-1.768082,50,502.375867
-1.735435,50,503.112842
-3.057729,50,503.865335
-1.63907,50,504.677885
-0.765747,50,505.571074
-1.826727,50,506.44408
-3.351959,50,507.317942
-1.855832,50,508.18341
-2.954905,50,509.196412
-2.74204,50,510.073987
-2.951803,50,510.917245
-1.735978,50,511.797874
-2.090319,50,512.66291
-4.04278,50,513.539046
-1.762196,50,514.423048
-0.654685,50,515.251934
-2.821403,50,516.12443
-3.003353,50,516.90292
-0.766996,50,517.707151
-4.864924,50,518.598812
-0.64069,50,519.514037
-2.750993,50,520.423941
-3.028188,50,521.295566
-2.988125,50,522.18788
-2.994641,50,523.114077
-2.995232,50,526.962773
-4.304423,50,527.850871
-1.822998,50,528.711469
-1.711342,50,529.550799
-2.93419,50,530.410809
-2.902599,50,531.193361
-1.852229,50,531.961034
-3.940882,50,532.807012
-2.908578,50,533.704125
-2.009542,50,534.578081
-2.99866,50,535.471888
-2.814266,50,536.343021
-0.7311,50,537.168866
-4.015503,50,538.06789
-2.819007,50,538.923021
-4.057713,50,539.786888
-3.060755,50,540.659083
-3.082634,50,541.529898
-2.801504,50,542.43393
-3.84342,50,543.321955
-1.916085,50,544.206401
-4.450874,50,545.044019
-2.948272,50,545.893901
-0.540042,50,546.719245
-2.859089,50,547.540054
-2.855875,50,548.338219
-4.262455,50,549.202943
-4.151529,50,550.039005
-3.100551,50,550.931886
-1.694436,50,551.758713
-2.907284,50,552.616076
-2.969843,50,553.494015
-1.917687,50,554.298264
-1.884175,50,555.14795
-2.957788,50,555.990826
-0.758144,50,556.904739
-4.063769,50,557.809069
-1.795338,50,558.737896
-3.874194,50,559.646281
-2.843378,50,560.552233
-1.733135,50,561.429937
-1.721217,50,562.313983
-3.017846,50,563.192878
-0.642077,50,564.082344
-0.805558,50,564.978934
-1.518143,50,565.896431
-4.085087,50,566.782423
-1.810006,50,567.697587
-2.879029,50,568.588012
-0.864904,50,569.425265
-3.104388,50,570.305489
-2.931793,50,571.070908
-2.885568,50,571.831288
-4.089647,50,572.590316
-1.686513,50,573.330953
-1.727723,50,574.081204
-2.118291,50,574.886555
-4.199889,50,575.772188
-2.843204,50,576.705365
-3.11213,50,577.608991
-1.611431,50,578.496444
-3.923539,50,579.357857
-1.662191,50,580.225323
-3.062436,50,581.108828
-3.969586,50,582.007721
-0.771791,50,582.917997
-0.75886,50,583.768996
-4.478828,50,584.590047
-4.138435,50,585.488904
-1.610186,50,586.300967
-2.773196,50,587.310938
-0.912992,50,588.209913
-4.883299,50,589.159903
-2.976943,50,590.035363
-1.778139,50,590.929891
-2.925757,50,591.823988
-2.684332,50,592.691035
-4.058155,50,593.573075
-2.852204,50,594.422896
-2.906781,50,595.290087
-2.9018,50,596.172029
-1.801562,50,597.01897
-3.853513,50,597.893886
-3.96274,50,598.80808
-2.790007,50,599.7161
-2.815746,50,600.615481
-2.69458,50,601.467532
-2.750768,50,602.346528
-3.898718,50,603.229912
-2.750589,50,604.079244
-1.599702,50,604.899999
-3.018743,50,605.697015
-3.030412,50,606.454409
-4.298412,50,607.233003
-3.210998,50,608.078085
-1.882723,50,608.9548
-2.932051,50,609.823069
-2.861641,50,610.668195
-3.023217,50,611.522894
-1.773757,50,612.372712
-1.965539,50,616.267447
-4.04483,50,617.157009
-0.680616,50,618.018798
-4.527159,50,618.907819
-2.875526,50,619.774054
-0.755555,50,620.635487
-1.712128,50,621.491061
-1.641833,50,622.35124
-4.116963,50,623.186391
-1.818455,50,624.04716
-3.278249,50,624.931011
-3.055664,50,625.697813
-1.711838,50,626.491928
-1.658822,50,627.248075
-1.928133,50,627.995548
-1.89572,50,628.780999
-2.882247,50,629.599036
-1.662361,50,630.594004
-3.970491,50,631.469059
-2.996712,50,632.358664
-1.941429,50,633.250966
-2.828946,50,634.15287
-1.723886,50,635.068809
-4.510053,50,636.01677
-3.054715,50,636.953066
-0.482691,50,637.84804
-1.66087,50,638.694031
-2.90497,50,639.528974
-2.742112,50,640.343904
-2.829724,50,641.166359
-2.761502,50,642.059939
-3.958377,50,642.826288
-0.682905,50,643.65697
-2.859003,50,644.527986
-2.972952,50,645.412987
-4.028664,50,646.316929
-3.979112,50,647.231933
-1.744927,50,648.114246
-3.058932,50,649.06389
-2.928383,50,649.943959
-4.11891,50,650.848042
-3.047515,50,651.70224
-4.121216,50,652.547915
-1.8749,50,653.367021
-3.050253,50,654.235519
-4.178835,50,655.146986
-2.844786,50,656.013876
-2.824381,50,656.884374
-2.775113,50,657.773705
-1.774951,50,658.56391
-1.738842,50,659.336217
-2.913675,50,660.137915
-2.905419,50,660.985482
-0.922293,50,661.830063
-2.931331,50,662.69556
-2.857932,50,663.629152
-1.832326,50,664.537957
-3.822522,50,665.411117
-2.827083,50,666.286847
-2.788312,50,667.143804
-2.734673,50,667.963898
-4.515028,50,668.77801
-1.004047,50,669.57692
-3.501195,50,670.449052
-3.954306,50,671.330851
-3.209551,50,672.208893
-3.024922,50,673.083954
-3.997595,50,673.985444
-2.81487,50,674.880063
-1.947475,50,675.735483
-1.85731,50,676.626798
-3.995986,50,677.495594
-3.038842,50,678.384027
-0.73921,50,679.340747
-2.821346,50,680.206345
-1.641484,50,681.052797
-2.919649,50,681.883992
-2.97295,50,682.771935
-3.218577,50,683.535564
-2.753557,50,684.282862
-3.98823,50,685.040821
-2.736217,50,685.865548
-1.734526,50,686.721943
-2.84649,50,687.575413
-1.69496,50,688.446869
-1.632027,50,689.278848
-0.737669,50,690.143019
-2.998713,50,690.968974
-1.790639,50,691.846496
-0.885936,50,692.739273
-2.867833,50,693.587732
-2.932695,50,694.417502
-0.713817,50,695.264524
-2.709187,50,696.067975
-0.747258,50,696.835727
-2.799064,50,697.624019
-1.640311,50,698.378052
-4.973284,50,699.163035
-1.763132,50,700.007458
-1.740576,50,700.842004
-3.823298,50,704.828908
-0.749439,50,705.794014
-3.930608,50,706.679933
-2.955652,50,707.569066
-2.046251,50,708.446268
-2.836182,50,709.267468
-3.02466,50,710.043574
-0.87724,50,710.877826
-2.845515,50,711.752427
-4.058187,50,712.683919
-1.819969,50,713.568892
-2.916275,50,714.443083
-3.249371,50,715.310933
-0.496649,50,716.15314
-2.884115,50,717.043967
-2.993264,50,717.915333
-0.588693,50,718.792882
-1.76254,50,719.67225
-2.647252,50,720.522392
-2.768334,50,721.367818
-3.911139,50,722.233466
-3.127183,50,723.108001
-0.808931,50,723.974124
-2.819005,50,724.869868
-0.791111,50,725.766424
-3.336226,50,726.638016
-3.146666,50,727.50707
-1.798078,50,728.331879
-0.683162,50,729.174026
-1.815484,50,730.171988
-3.295354,50,731.01185
-1.703976,50,731.835877
-1.8143,50,732.642517
-0.728358,50,733.38541
-3.970854,50,734.138043
-2.682014,50,734.956124
-1.636875,50,735.798058
-3.939182,50,736.708072
-1.659137,50,737.531034
-2.872943,50,738.33191
-0.638739,50,739.233396
-4.007267,50,740.125342
-2.759222,50,740.991027
-2.875685,50,741.864004
-1.642057,50,742.742811
-4.162042,50,743.675487
-1.996684,50,744.501947
-0.793638,50,745.323835
-1.688036,50,746.173943
-2.934562,50,747.029959
-1.576936,50,747.880465
-3.133728,50,748.715442
-4.052507,50,749.569526
-2.791415,50,750.422956
-2.911197,50,751.285306
-2.865546,50,752.112993
-0.608075,50,752.938936
-0.838237,50,753.733927
-1.7948,50,754.474726
-3.800252,50,755.2309
-3.946605,50,756.049509
-3.013114,50,756.884021
-1.750597,50,757.719969
-2.031751,50,758.558167
-0.66992,50,759.437945
-2.759566,50,760.295541
-2.790255,50,761.203819
-1.754018,50,762.096973
-2.781873,50,762.98381
-2.853708,50,763.848264
-2.608715,50,764.690975
-1.793926,50,765.51205
-2.804188,50,766.358511
-1.704066,50,767.156209
-2.904283,50,767.957933
-3.185493,50,768.79685
-2.906588,50,769.642863
-3.003794,50,770.424032
-3.041907,50,771.197306
-4.148253,50,771.970038
-1.784581,50,772.834106
-2.951225,50,773.663972
-1.755241,50,774.532013
-3.066436,50,775.394032
-3.016852,50,776.239
-2.943664,50,777.095427
-0.684464,50,777.920969
-2.635804,50,778.773792
-1.709314,50,779.644054
-3.97015,50,780.493887
-1.726931,50,781.309746
-1.663221,50,782.172297
-1.83568,50,783.007601
-1.808758,50,783.818154
-2.71663,50,784.614006
-4.138627,50,785.436996
-4.189174,50,786.230469
-2.971319,50,787.019905
-2.866898,50,787.853956
-3.084603,50,788.692307
-2.728983,50,792.41414
-2.707873,50,793.263852
-3.24192,50,794.082382
-0.643681,50,794.885724
-2.823212,50,795.69188
-1.86834,50,796.494061
-1.659059,50,797.255445
-0.649053,50,797.999222
-2.614675,50,798.757832
-2.787537,50,799.530774
-2.731481,50,800.323852
-3.055838,50,801.149044
-4.625814,50,801.995756
-1.786145,50,802.837102
-1.726595,50,803.713075
-2.835701,50,804.584086
-2.959733,50,805.449195
-2.853619,50,806.298077
-2.886649,50,807.147037
-1.891458,50,807.963866
-1.826695,50,808.855571
-2.774174,50,809.637578
-2.780449,50,810.382815
-2.859387,50,811.174062
-0.613713,50,812.009943
-2.811561,50,812.849816
-3.200452,50,813.708092
-2.170066,50,814.531119
-0.732547,50,815.357074
-1.727303,50,816.257812
-1.659725,50,817.116096
-0.625941,50,818.018675
-1.757708,50,818.942861
-3.964667,50,819.820139
-0.692718,50,820.664075
-3.854342,50,821.530781
-3.793783,50,822.421973
-1.692144,50,823.294101
-3.127718,50,824.142042
-1.560569,50,825.007547
-1.759281,50,825.901322
-3.208888,50,826.800489
-2.931605,50,827.67807
-1.838638,50,828.525428
-2.878255,50,829.396506
-4.326751,50,830.258313
-1.782242,50,831.251934
-1.99869,50,832.073853
-0.522469,50,832.932954
-1.697815,50,833.742996
-4.033857,50,834.541247
-4.713963,50,835.372844
-2.905718,50,836.173953
-2.953102,50,836.987725
-2.868549,50,837.840002
-1.603833,50,838.598014
-0.588085,50,839.370066
-2.875413,50,840.12948
-1.731065,50,840.912981
-3.924694,50,841.661024
-1.755583,50,842.47393
-0.694007,50,843.350014
-2.782755,50,844.207505
-1.693222,50,845.060036
-1.747308,50,845.930079
-4.411386,50,846.788827
-1.638231,50,847.614054
-1.781698,50,848.444702
-2.876002,50,849.287024
-2.739897,50,850.131842
-2.939448,50,850.9698
-0.702487,50,851.799994
-4.061371,50,852.603064
-3.003836,50,853.430177
-3.043842,50,854.233865
-0.704767,50,855.146575
-0.808197,50,856.010441
-2.799517,50,856.827938
-1.627812,50,857.650775
-3.952929,50,858.512475
-2.760875,50,859.38003
-1.71902,50,860.223041
-3.096281,50,861.122952
-0.695838,50,862.040379
-3.872151,50,862.906318
-2.806863,50,863.740822
-1.680974,50,864.589023
-2.753426,50,865.461786
-2.722364,50,866.358028
-3.142298,50,867.268478
-1.823488,50,868.210434
-3.833206,50,869.133942
-3.041935,50,870.025516
-0.742774,50,870.924015
-2.90234,50,871.813006
-3.08047,50,872.662939
-2.79395,50,873.643863
-3.872704,50,874.403784
-3.957732,50,875.202868
-1.939652,50,876.021733
-2.629795,50,879.808965
-4.211357,50,880.662837
-0.746794,50,881.476536
-3.788513,50,882.318889
-1.592113,50,883.169976
-0.84822,50,883.989868
-2.871665,50,884.848968
-3.037464,50,885.655414
-3.211558,50,886.483983
-3.828257,50,887.332967
-2.670181,50,888.18384
-0.620364,50,889.030009
-1.659121,50,889.870922
-1.746847,50,890.770987
-4.354169,50,891.568914
-3.992163,50,892.33743
-3.919628,50,893.08278
-3.987458,50,893.827923
-2.922562,50,894.651422
-3.042141,50,895.541547
-3.162921,50,896.418084
-1.798533,50,897.285444
-0.652609,50,898.127068
-3.060613,50,898.987868
-3.060586,50,899.8554
-4.973491,50,900.723886
-0.839779,50,901.566247
-4.105406,50,902.444399
-4.525438,50,903.299911
-1.689604,50,904.125289
-4.086794,50,904.97289
-3.060194,50,905.848677
-1.799645,50,906.717894
-2.750644,50,907.539924
-2.85952,50,908.353973
-2.894547,50,909.137935
-1.879399,50,909.897949
-2.841478,50,910.64577
-4.070547,50,911.430077
-1.720518,50,912.313972
-3.043332,50,913.147568
-4.086122,50,914.000445
-1.958182,50,914.831825
-2.015579,50,915.65144
-4.143613,50,916.471085
-3.213482,50,917.303934
-3.736862,50,918.153099
-3.531861,50,918.964082
-2.760877,50,919.733932
-0.608032,50,920.475739
-1.664627,50,921.235519
-3.075437,50,922.107246
-4.616445,50,922.970867
-1.82928,50,923.823899
-4.508172,50,924.639988
-2.906125,50,925.454015
-2.683596,50,926.297806
-0.819838,50,927.199237
-3.068815,50,928.039912
-4.324453,50,928.900201
-4.157055,50,929.756078
-1.730702,50,930.581878
-3.112324,50,931.398883
-2.941614,50,932.240873
-1.778519,50,933.085435
-3.093259,50,933.936466
-2.820176,50,934.762922
-3.910079,50,935.557425
-2.74932,50,936.35548
-0.809158,50,937.224021
-2.849616,50,938.030056
-2.987394,50,938.83386
-1.905959,50,939.645485
-0.762917,50,940.443839
-0.601503,50,941.234059
-1.592802,50,942.035334
-0.927874,50,942.854346
-2.760056,50,943.679709
-3.16795,50,944.439874
-4.026477,50,945.345484
-4.596545,50,946.275352
-1.730149,50,947.077463
-2.839189,50,947.965394
-3.817708,50,948.782025
-2.776138,50,949.608939
-1.704093,50,950.385561
-0.681042,50,951.179055
-0.706374,50,952.011275
-1.849692,50,952.839854
-2.790172,50,953.685276
-2.741642,50,954.50877
-1.771851,50,955.319721
-1.75287,50,956.158916
-0.545826,50,956.994018
-3.176484,50,957.847986
-3.982961,50,958.643104
-1.845825,50,959.49087
-2.791511,50,960.341174
-2.996901,50,961.128839
-2.820527,50,961.91906
-1.844928,50,965.409839
-3.132604,50,966.170862
-2.920643,50,966.947898
-1.749658,50,967.712861
-1.574781,50,968.464018
-1.749546,50,969.210957
-3.03254,50,969.983322
-4.503053,50,970.725884
-3.19386,50,971.435679
-2.842684,50,972.136582
-1.91543,50,972.855617
-0.832698,50,973.657079
-1.838594,50,974.337588
-2.741399,50,974.951587
-2.903071,50,975.587098
-1.717031,50,976.209097
-3.646516,50,976.9177
-1.820614,50,977.516148
-1.904594,50,978.149766
-0.601335,50,978.760862
-2.786808,50,979.377589
-0.65447,50,979.993341
-1.867442,50,980.62266
-3.323484,50,981.243677
-3.1042,50,981.874184
-1.8517,50,982.496193
-1.832392,50,983.106412
-1.966421,50,983.712554
-0.624804,50,984.323555
-1.779787,50,984.933063
-0.911106,50,985.548347
-0.636658,50,986.225485
-4.192174,50,986.844484
-0.603535,50,987.449995
-2.741155,50,988.050993
-1.963238,50,988.657074
-1.651916,50,989.260758
-1.754269,50,989.880875
-2.757423,50,990.489154
-4.636123,50,991.106476
-0.733461,50,991.732734
-4.348651,50,992.335734
-2.893346,50,992.949924
-2.894795,50,993.554323
-2.859265,50,994.164039
-2.881295,50,994.787271
-2.911516,50,995.398781
-4.239568,50,996.010324
-4.132774,50,996.636914
-1.713397,50,997.249608
-1.7161,50,997.8608
-2.963423,50,998.473313
-2.046949,50,999.083032
-0.721202,50,999.686881
-2.725535,50,1000.326881
-0.635194,50,1001.002245
-2.846447,50,1001.66162
-1.86235,50,1002.295486
-4.368153,50,1002.939993
-0.565211,50,1003.698034
-3.62603,50,1004.34906
-1.704949,50,1005.028662
-1.845426,50,1005.64547
-3.052456,50,1006.27947
-1.800846,50,1006.893329
-1.828768,50,1007.576761
-1.672758,50,1008.244931
-3.099339,50,1008.894609
-2.903235,50,1009.501609
-2.719575,50,1010.183512
-2.9106,50,1010.807784
-1.662674,50,1011.413688
-2.768859,50,1012.033856
-2.983104,50,1012.647765
-2.879424,50,1013.268042
-0.669451,50,1013.925985
-2.993599,50,1014.602619
-1.729742,50,1015.2207
-3.969745,50,1015.868511
-1.705567,50,1016.48951
-1.744439,50,1017.128224
-2.944396,50,1017.76012
-2.930571,50,1018.407758
-1.679394,50,1019.040758
-2.737155,50,1019.672657
-2.848086,50,1020.28488
-2.736619,50,1020.960957
-2.879278,50,1021.59177
-3.497222,50,1022.288771
-0.586762,50,1022.900663
-2.8277,50,1023.508961
-2.775426,50,1024.107857
-2.865881,50,1024.730174
-1.811864,50,1025.34692
-1.745929,50,1025.961167
-3.16823,50,1026.643732
-3.913673,50,1027.265504
-3.276383,50,1027.893502
-4.244027,50,1028.512103
-1.965649,50,1029.116664
-3.199787,50,1031.69888
-1.931066,50,1032.301833
-2.994242,50,1032.925369
-2.780105,50,1033.563024
-4.325267,50,1034.229024
-2.803984,50,1034.874801
-1.719196,50,1035.501579
-4.305033,50,1036.124802
-3.026263,50,1036.764938
-4.243286,50,1037.431376
-2.831533,50,1038.123102
-2.931103,50,1038.83745
-0.738733,50,1039.531197
-1.846495,50,1040.212967
-0.862878,50,1040.906744
-1.743775,50,1041.570531
-2.083869,50,1042.242796
-2.880006,50,1042.914008
-1.655598,50,1043.586014
-2.887779,50,1044.229713
-1.63574,50,1044.912327
-2.746731,50,1045.614794
-2.856487,50,1046.276058
-3.094116,50,1046.964126
-4.225138,50,1047.638884
-0.572686,50,1048.282803
-4.121753,50,1048.932376
-4.367843,50,1049.583063
-3.122274,50,1050.245352
-3.120888,50,1050.901579
-3.393445,50,1051.54758
-3.988296,50,1052.244493
-4.390628,50,1052.92273
-1.78213,50,1053.684645
-2.948685,50,1054.373633
-3.575272,50,1055.044133
-2.801262,50,1055.747823
-2.585782,50,1056.554997
-2.864071,50,1057.404204
-4.001686,50,1058.077168
-0.50171,50,1058.765681
-1.818928,50,1059.475295
-3.05245,50,1060.163264
-2.945906,50,1060.847513
-1.727537,50,1061.549023
-2.724025,50,1062.459978
-3.41625,50,1063.27858
-4.11515,50,1064.050212
-3.024289,50,1064.890848
-1.768402,50,1065.624849
-3.013656,50,1066.285997
-1.621259,50,1067.001506
-2.775415,50,1067.678612
-0.752031,50,1068.517347
-2.887454,50,1069.200348
-2.938474,50,1069.878863
-2.776172,50,1070.564935
-1.875093,50,1071.264479
-2.977217,50,1071.953512
-4.415529,50,1072.636513
-1.768732,50,1073.301564
-1.766607,50,1073.977277
-2.710249,50,1074.64056
-3.398295,50,1075.255069
-2.925156,50,1075.911626
-1.848436,50,1076.55721
-2.009968,50,1077.23684
-3.033565,50,1077.862432
-3.273526,50,1078.599802
-0.730458,50,1079.271282
-3.014338,50,1079.912918
-3.074169,50,1080.547132
-2.699645,50,1081.179055
-2.995745,50,1081.807564
-1.779359,50,1082.430324
-2.894997,50,1083.050323
-2.863117,50,1083.748977
-1.485475,50,1084.405801
-2.800539,50,1085.030136
-4.988414,50,1085.670786
-2.722604,50,1086.281787
-2.810306,50,1086.9154
-2.971954,50,1087.55479
-1.834048,50,1088.185503
-2.879447,50,1088.824869
-2.676237,50,1089.467905
-4.791145,50,1090.110501
-2.023711,50,1090.743967
-2.99122,50,1091.399722
-3.091183,50,1092.041814
-4.129326,50,1092.665545
-3.283859,50,1093.279799
-0.618991,50,1093.875309
-3.11886,50,1094.493739
-3.112026,50,1095.106249
-1.774714,50,1095.719345
-2.807711,50,1096.31494
-1.464442,50,1096.912941
-1.807897,50,1097.530447
-3.089859,50,1098.124434
-0.802592,50,1100.643926
-3.02353,50,1101.235928
-3.299788,50,1101.840438
-3.012986,50,1102.456797
-4.621677,50,1103.06789
-1.689756,50,1103.679122
-2.647677,50,1104.275631
-4.18723,50,1104.873955
-2.795455,50,1105.489173
-2.823205,50,1106.081278
-2.894023,50,1106.678006
-3.179235,50,1107.276319
-4.304634,50,1107.879457
-2.70718,50,1108.47123
-2.98072,50,1109.061405
-3.251127,50,1109.670446
-3.09077,50,1110.315925
-1.816798,50,1110.964344
-2.851994,50,1111.734069
-1.687744,50,1112.446151
-3.079543,50,1113.18419
-3.172156,50,1113.860469
-3.053914,50,1114.609985
-4.482331,50,1115.376271
-4.343318,50,1116.132189
-4.315108,50,1116.802105
-3.28274,50,1117.445297
-3.082725,50,1118.033399
-2.778386,50,1118.6534
-3.119329,50,1119.631608
-3.085121,50,1120.369417
-1.610691,50,1120.986039
-2.757947,50,1121.603038
-4.133216,50,1122.220039
-3.021417,50,1122.824547
-2.882804,50,1123.458989
-4.051594,50,1124.146124
-2.783832,50,1124.77515
-2.922864,50,1125.39715
-1.808619,50,1126.062857
-2.998698,50,1126.737211
-0.733704,50,1127.364899
-3.017605,50,1128.016261
-3.034495,50,1128.676768
-3.962455,50,1129.314767
-4.062991,50,1130.051674
-2.803594,50,1130.743283
-1.96164,50,1131.431286
-2.956799,50,1132.120212
-0.774909,50,1132.806871
-0.587339,50,1133.497898
-2.857816,50,1134.148495
-2.833065,50,1134.812585
-1.730869,50,1135.471554
-2.984571,50,1136.134097
-3.987642,50,1136.800316
-2.960164,50,1137.434317
-2.935997,50,1138.094355
-3.24635,50,1138.732354
-1.798532,50,1139.372311
-3.151624,50,1140.027107
-1.723672,50,1140.657355
-3.157849,50,1141.279962
-3.298316,50,1141.904076
-4.247393,50,1142.524585
-3.892993,50,1143.164584
-3.438312,50,1143.773095
-2.962215,50,1144.388094
-0.732152,50,1145.10216
-4.285114,50,1145.721159
-1.770798,50,1146.359689
-2.876131,50,1146.991363
-3.958156,50,1147.623176
-3.934207,50,1148.253686
-3.768071,50,1148.905829
-1.771516,50,1149.543222
-2.994573,50,1150.238526
-2.955232,50,1150.939295
-2.917325,50,1151.596631
-2.941178,50,1152.226464
-1.831111,50,1152.87308
-1.768425,50,1153.614551
-0.666505,50,1154.307138
-2.935409,50,1154.953719
-1.800084,50,1155.601681
-2.903531,50,1156.247929
-3.162123,50,1156.850439
-1.800176,50,1157.496503
-2.760666,50,1158.105461
-1.731817,50,1158.746079
-4.102342,50,1159.481189
-4.555161,50,1160.124845
-1.856888,50,1160.808208
-1.699265,50,1161.410287
-2.915471,50,1162.007497
-0.646046,50,1162.660317
-0.541574,50,1163.292399
-1.635504,50,1163.94191
-2.957314,50,1164.571261
-0.768137,50,1165.226799
-3.994193,50,1168.151849
-1.875472,50,1168.893753
-4.060467,50,1169.639264
-3.827074,50,1170.380264
-1.783197,50,1171.201979
-2.769534,50,1172.033631
-0.565024,50,1172.839542
-4.93261,50,1173.660787
-0.639133,50,1174.615296
-4.25102,50,1175.41993
-2.957312,50,1176.21193
-3.175018,50,1177.039119
-3.278432,50,1177.918111
-4.134785,50,1178.696618
-3.030111,50,1179.476354
-1.696729,50,1180.311182
-1.651379,50,1181.081777
-3.932966,50,1181.862355
-0.753192,50,1182.657519
-2.849507,50,1183.492027
-3.120612,50,1184.299333
-4.328382,50,1185.09192
-2.900271,50,1185.931803
-0.723578,50,1186.700801
-2.997558,50,1187.484863
-4.138506,50,1188.269846
-2.99103,50,1189.096846
-3.805883,50,1189.869676
-4.500266,50,1190.695474
-2.794684,50,1191.507567
-2.874544,50,1192.282248
-2.90191,50,1193.05584
-1.754541,50,1193.930583
-3.006813,50,1194.756591
-2.936204,50,1195.55037
-3.013012,50,1196.318967
-4.010939,50,1197.102575
-2.823644,50,1197.993239
-1.633343,50,1198.763148
-1.758083,50,1199.558147
-2.705386,50,1200.342083
-4.407797,50,1201.247872
-1.743938,50,1202.017683
-0.645299,50,1202.786188
-3.059431,50,1203.612479
-1.92837,50,1204.381111
-0.722613,50,1205.141274
-1.741093,50,1205.916649
-1.794866,50,1206.740159
-1.769889,50,1207.524832
-1.602267,50,1208.292517
-2.774423,50,1209.14442
-0.61877,50,1209.935733
-3.074823,50,1210.713899
-3.077836,50,1211.494725
-3.371137,50,1212.326332
-2.996141,50,1213.122249
-2.961576,50,1213.875997
-4.161796,50,1214.641404
-1.647988,50,1215.452199
-4.409099,50,1216.24317
-3.15077,50,1217.010504
-1.706046,50,1217.786142
-2.844567,50,1218.598833
-3.190539,50,1219.396832
-2.83428,50,1220.164784
-1.682022,50,1220.950617
-0.589849,50,1221.771395
-4.008697,50,1222.567904
-0.614162,50,1223.324667
-2.785113,50,1224.106068
-0.582585,50,1224.978258
-2.973504,50,1225.766195
-2.987543,50,1226.513196
-4.328652,50,1227.327177
-2.832207,50,1228.119268
-3.097557,50,1228.905425
-0.680453,50,1229.687753
-3.833521,50,1230.548583
-1.776052,50,1231.333163
-2.789727,50,1232.147773
-2.990602,50,1232.933283
-2.964374,50,1233.892148
-3.048237,50,1234.70634
-2.935347,50,1235.469193
-3.007527,50,1236.246862
-2.797557,50,1237.050367
-1.731234,50,1237.853886
-1.695927,50,1238.717173
-2.933648,50,1239.498106
-2.658217,50,1240.252248
-0.739609,50,1241.023504
-2.955228,50,1241.814255
-0.63041,50,1242.683594
-3.009972,50,1243.447104
-3.14422,50,1244.230614
-4.261504,50,1245.042171
-3.097427,50,1245.994074
-2.913778,50,1246.765085
-1.645699,50,1247.533403
-3.990228,50,1251.047175
-1.910805,50,1251.929772
-2.693147,50,1252.723792
-4.667389,50,1253.688462
-0.707083,50,1254.47172
-4.987927,50,1255.252229
-2.743326,50,1256.12115
-2.808279,50,1256.940781
-1.807212,50,1257.720093
-1.674569,50,1258.515356
-2.992781,50,1259.34698
-3.166512,50,1260.154412
-0.639642,50,1260.917914
-1.847317,50,1261.676686
-1.845179,50,1262.451687
-1.8317,50,1263.320765
-2.94612,50,1264.142275
-2.723296,50,1264.9497
-2.78651,50,1265.722595
-1.952015,50,1266.488792
-0.79974,50,1267.303242
-3.274134,50,1268.126242
-3.448185,50,1268.899244
-2.755584,50,1269.679862
-4.298007,50,1270.469393
-1.543792,50,1271.271274
-2.740808,50,1272.04209
-0.477259,50,1272.815692
-2.893686,50,1273.617684
-3.663033,50,1274.428195
-4.51678,50,1275.262618
-0.669397,50,1276.052279
-2.790832,50,1276.851018
-2.731717,50,1277.600018
-1.831541,50,1278.377924
-2.010162,50,1279.148943
-3.229861,50,1280.042773
-4.2433,50,1280.79428
-3.849308,50,1281.58779
-3.333325,50,1282.378287
-2.863225,50,1283.176316
-2.967573,50,1283.94596
-2.837804,50,1284.721856
-0.82116,50,1285.544865
-1.703772,50,1286.363375
-2.761616,50,1287.133004
-2.93791,50,1287.918812
-2.801863,50,1288.790982
-2.847316,50,1289.562493
-4.220047,50,1290.34736
-3.12887,50,1291.110624
-3.014285,50,1291.909391
-4.005138,50,1292.763393
-3.171665,50,1293.530151
-3.961118,50,1294.292144
-4.015278,50,1295.062577
-3.078824,50,1295.842334
-3.919567,50,1296.615946
-4.209288,50,1297.407947
-1.792547,50,1298.181756
-1.886618,50,1298.973444
-3.931175,50,1299.748949
-3.025361,50,1300.538692
-1.871848,50,1301.376546
-0.666983,50,1302.192411
-3.869267,50,1302.95617
-4.104235,50,1303.718886
-0.795398,50,1304.475448
-2.819636,50,1305.266557
-0.752665,50,1306.055232
-2.870764,50,1306.847696
-2.017464,50,1307.629568
-1.93784,50,1308.387428
-2.935279,50,1309.15599
-1.684408,50,1309.913907
-2.814975,50,1310.703412
-3.034626,50,1311.505925
-2.802877,50,1312.323186
-1.801153,50,1313.084168
-1.662034,50,1313.867299
-0.54256,50,1314.628337
-3.045359,50,1315.408126
-0.708594,50,1316.182509
-2.880985,50,1317.020585
-3.686564,50,1317.844616
-3.966814,50,1318.633263
-2.961503,50,1319.507578
-1.812906,50,1320.294088
-0.814516,50,1321.125795
-4.780732,50,1321.968205
-4.129295,50,1322.730993
-1.756424,50,1323.504503
-1.627646,50,1324.272592
-2.948613,50,1325.039181
-0.725894,50,1325.848068
-2.931042,50,1326.620367
-1.88754,50,1327.375495
-2.87497,50,1328.153005
-0.893983,50,1328.919214
-3.891426,50,1329.687722
-2.799865,50,1333.257334
-2.681829,50,1334.083042
-1.748191,50,1334.865247
-0.644417,50,1335.640223
-2.993598,50,1336.447981
-3.00129,50,1337.229406
-1.798932,50,1337.96878
-1.867783,50,1338.716287
-4.377262,50,1339.554385
-3.405644,50,1340.352519
-3.097656,50,1341.099735
-1.694364,50,1341.86593
-0.647281,50,1342.658089
-2.953476,50,1343.509856
-3.09102,50,1344.30412
-2.787738,50,1345.11012
-4.299594,50,1345.97963
-1.80195,50,1346.783232
-2.80117,50,1347.56366
-0.724696,50,1348.348443
-1.866754,50,1349.11595
-1.777712,50,1349.880306
-0.630533,50,1350.63604
-0.497123,50,1351.409181
-4.187856,50,1352.181563
-1.680361,50,1352.949425
-0.641498,50,1353.731359
-1.629457,50,1354.503887
-1.833002,50,1355.322217
-2.981696,50,1356.153728
-1.74819,50,1356.928157
-1.847845,50,1357.706079
-0.736941,50,1358.4919
-2.968385,50,1359.247361
-2.943625,50,1360.00218
-3.969342,50,1360.77221
-2.945534,50,1361.592355
-1.844777,50,1362.396866
-3.052743,50,1363.192452
-0.731163,50,1363.936711
-4.180305,50,1364.741011
-4.037909,50,1365.576907
-3.017845,50,1366.380738
-2.690517,50,1367.193306
-4.136306,50,1367.984121
-1.636792,50,1368.806631
-4.008442,50,1369.571013
-1.784382,50,1370.368659
-1.906911,50,1371.144492
-1.788833,50,1371.927492
-0.543452,50,1372.694001
-2.938531,50,1373.466885
-2.842455,50,1374.281884
-1.65645,50,1375.052392
-2.935357,50,1375.813124
-1.789745,50,1376.565124
-4.155117,50,1377.331848
-1.731431,50,1378.171294
-2.959672,50,1378.965382
-2.940524,50,1379.724429
-1.685971,50,1380.575016
-3.099836,50,1381.417807
-1.877807,50,1382.270288
-2.741018,50,1383.045941
-2.965892,50,1383.804897
-3.796113,50,1384.623138
-2.885535,50,1385.416122
-3.276531,50,1386.165992
-3.111496,50,1386.951991
-1.592256,50,1387.714607
-2.95314,50,1388.480672
-2.803718,50,1389.321313
-2.90711,50,1390.08808
-1.763742,50,1390.854699
-4.055336,50,1391.629359
-4.081673,50,1392.417134
-1.777976,50,1393.17028
-1.69503,50,1393.947287
-1.661152,50,1394.69989
-1.847794,50,1395.464696
-0.569768,50,1396.241488
-3.972044,50,1397.002564
-2.811558,50,1397.80971
-2.968668,50,1398.579347
-2.894238,50,1399.350348
-3.092143,50,1400.199718
-2.705843,50,1400.988008
-2.847574,50,1401.75216
-3.57677,50,1402.524747
-2.761763,50,1403.356313
-2.834037,50,1404.133112
-3.23597,50,1404.917888
-3.918578,50,1405.678316
-2.648357,50,1406.419826
-1.922239,50,1407.184457
-2.823669,50,1407.946863
-1.633736,50,1408.746987
-2.838784,50,1409.440498
-4.209893,50,1410.223012
-1.784519,50,1410.906908
-2.757681,50,1414.283045
-3.182666,50,1415.057382
-1.947856,50,1415.841337
-0.73015,50,1416.614847
-2.65185,50,1417.460847
-1.805906,50,1418.252482
-3.01767,50,1419.024376
-0.822984,50,1419.779428
-2.985632,50,1420.558934
-2.907813,50,1421.350707
-1.53762,50,1422.124893
-3.888548,50,1422.899813
-3.081378,50,1423.666874
-1.972768,50,1424.4302
-1.748909,50,1425.198411
-3.876411,50,1425.977149
-4.166604,50,1426.744231
-1.827593,50,1427.529171
-2.887081,50,1428.311472
-1.87055,50,1429.128797
-2.781898,50,1429.942515
-1.63555,50,1430.699675
-4.099279,50,1431.54235
-1.83642,50,1432.292945
-2.925183,50,1433.182013
-2.837431,50,1434.018036
-2.738534,50,1434.843152
-1.770651,50,1435.622493
-3.695912,50,1436.427277
-1.798278,50,1437.240467
-2.939725,50,1438.031289
-5.002866,50,1438.844122
-3.219115,50,1439.631486
-3.946842,50,1440.405991
-1.810309,50,1441.177636
-2.985972,50,1441.942443
-2.906882,50,1442.714166
-4.126477,50,1443.482016
-3.080636,50,1444.258728
-1.793987,50,1445.112029
-3.983072,50,1445.867883
-4.203448,50,1446.663656
-1.752415,50,1447.450103
-2.836275,50,1448.238012
-4.060753,50,1449.021102
-2.012364,50,1449.784311
-1.690669,50,1450.553923
-1.660513,50,1451.356849
-2.690811,50,1452.122848
-2.831449,50,1452.922697
-2.984605,50,1453.712273
-1.925098,50,1454.463827
-3.01628,50,1455.239366
-3.080634,50,1456.021207
-2.850628,50,1456.792207
-3.059659,50,1457.552751
-3.934617,50,1458.426687
-2.820464,50,1459.20426
-0.725752,50,1460.008527
-1.686763,50,1460.783272
-2.628244,50,1461.568419
-1.893957,50,1462.33103
-0.633859,50,1463.116539
-3.89951,50,1463.88454
-3.214745,50,1464.673048
-4.181866,50,1465.443654
-1.999624,50,1466.196093
-2.833023,50,1466.944115
-3.788183,50,1467.721845
-2.979201,50,1468.526076
-4.268866,50,1469.325288
-1.698193,50,1470.115995
-0.73838,50,1470.897257
-2.75434,50,1471.686764
-2.76532,50,1472.478551
-1.907239,50,1473.260846
-2.804775,50,1474.053715
-3.041557,50,1474.815541
-3.30971,50,1475.587347
-1.66739,50,1476.354854
-2.999354,50,1477.126218
-0.698191,50,1477.860441
-4.198405,50,1478.64814
-3.138098,50,1479.412012
-1.853364,50,1480.18823
-1.699362,50,1480.967257
-2.856266,50,1481.729347
-3.751704,50,1482.507347
-4.030467,50,1483.341394
-0.703029,50,1484.136903
-2.909537,50,1484.891902
-4.746917,50,1485.678899
-3.524419,50,1486.459491
-4.032591,50,1487.221144
-2.967008,50,1488.003151
-0.607629,50,1488.857256
-0.631518,50,1489.665481
-3.240476,50,1490.526242
-2.821729,50,1491.374227
-1.923402,50,1492.14781
-0.825174,50,1495.615988
-2.997467,50,1496.474393
-1.797662,50,1497.226876
-2.894161,50,1497.98445
-0.612962,50,1498.770074
-2.837741,50,1499.542456
-2.953192,50,1500.305647
-1.814673,50,1501.076038
-0.658966,50,1501.838656
-1.798119,50,1502.614851
-0.610732,50,1503.402177
-1.852906,50,1504.234137
-4.874167,50,1505.134307
-1.802841,50,1505.948951
-3.023301,50,1506.721441
-3.195615,50,1507.50529
-2.987927,50,1508.277095
-2.993169,50,1509.066096
-3.123352,50,1509.993912
-2.844356,50,1510.744765
-2.952151,50,1511.593331
-1.877054,50,1512.333976
-3.298489,50,1513.100657
-4.093508,50,1513.890459
-2.84771,50,1514.674223
-1.743958,50,1515.515235
-2.966945,50,1516.275317
-1.92475,50,1517.045826
-2.909366,50,1517.845812
-0.687243,50,1518.599813
-1.746727,50,1519.426533
-0.701542,50,1520.190219
-2.891497,50,1520.994514
-1.848313,50,1521.752371
-1.902842,50,1522.522306
-1.649598,50,1523.27873
-1.777382,50,1524.07024
-0.791745,50,1524.825253
-1.896861,50,1525.580435
-4.13774,50,1526.369403
-0.915106,50,1527.175249
-2.851977,50,1528.138895
-2.946439,50,1529.006896
-1.838761,50,1529.865409
-3.823322,50,1530.682918
-0.66942,50,1531.460083
-3.189457,50,1532.229934
-2.882963,50,1533.035765
-3.18298,50,1533.964732
-2.947395,50,1534.828148
-1.55014,50,1535.652658
-3.914631,50,1536.488309
-2.984835,50,1537.353818
-4.080019,50,1538.192385
-2.900065,50,1539.066974
-0.73953,50,1539.991601
-2.885254,50,1540.889296
-0.771062,50,1541.667776
-3.128832,50,1542.438119
-2.695331,50,1543.220627
-3.183695,50,1544.072045
-4.834894,50,1544.843016
-2.043748,50,1545.59985
-1.871475,50,1546.359392
-1.866644,50,1547.122903
-0.608082,50,1547.903302
-2.92784,50,1548.686481
-3.833008,50,1549.464401
-2.95302,50,1550.261909
-2.78034,50,1551.005909
-0.668756,50,1551.79565
-4.08576,50,1552.589745
-2.650861,50,1553.366745
-0.866083,50,1554.162905
-3.134449,50,1554.955105
-3.340276,50,1555.766123
-2.977666,50,1556.588305
-2.9184,50,1557.365823
-2.962634,50,1558.132074
-1.796658,50,1558.895761
-0.547949,50,1559.693666
-1.650666,50,1560.49441
-2.764878,50,1561.29341
-4.626812,50,1562.105272
-1.711142,50,1562.911123
-2.722052,50,1563.67951
-4.355147,50,1564.495801
-2.828128,50,1565.260312
-1.905074,50,1566.006804
-3.047769,50,1566.753004
-1.522654,50,1567.505503
-3.052791,50,1568.347304
-3.115036,50,1569.235144
-3.055883,50,1570.05311
-4.047359,50,1570.871587
-1.640251,50,1571.608286
-2.940421,50,1572.310793
-1.972743,50,1572.977792
-3.105316,50,1573.702524
-2.783321,50,1574.49242
