#{"t_start": 1775536401.7644703, "env_id": "FetchReach-v4"}
r,l,t
-50.0,50,1.533983
-50.0,50,1.582194
-46.0,50,1.627319
-50.0,50,1.67321
-49.0,50,1.72042
-50.0,50,1.772679
-50.0,50,1.819437
-50.0,50,1.866578
-50.0,50,1.924837
-50.0,50,1.969298
-50.0,50,2.021881
-50.0,50,2.069103
-50.0,50,2.122103
-50.0,50,2.165252
-46.0,50,2.204253
-50.0,50,2.248308
-50.0,50,2.301358
-50.0,50,2.344043
-50.0,50,2.394396
-50.0,50,2.436599
-50.0,50,2.484645
-50.0,50,2.537091
-50.0,50,2.585739
-50.0,50,2.627778
-50.0,50,2.678971
-50.0,50,2.730583
-50.0,50,2.772744
-50.0,50,2.813791
-50.0,50,2.866842
-50.0,50,2.910336
-50.0,50,2.951043
-50.0,50,2.998566
-50.0,50,3.052676
-50.0,50,3.096628
-50.0,50,3.138111
-50.0,50,3.176327
-50.0,50,3.222327
-50.0,50,3.273137
-50.0,50,3.318135
-50.0,50,3.369927
-50.0,50,3.416171
-50.0,50,3.45876
-50.0,50,3.501388
-50.0,50,3.538635
-50.0,50,3.585881
-50.0,50,3.626881
-50.0,50,3.667019
-50.0,50,3.711144
-50.0,50,3.758292
-50.0,50,3.797722
-50.0,50,3.845905
-50.0,50,3.89805
-50.0,50,3.949676
-50.0,50,4.000837
-50.0,50,4.055149
-50.0,50,4.108538
-49.0,50,4.159843
-50.0,50,4.199054
-50.0,50,4.237195
-50.0,50,4.290365
-50.0,50,4.341992
-50.0,50,4.389002
-50.0,50,4.42412
-50.0,50,4.469785
-50.0,50,4.5248
-50.0,50,4.572958
-50.0,50,4.617608
-50.0,50,4.673401
-50.0,50,4.721431
-50.0,50,4.768368
-50.0,50,4.816466
-50.0,50,4.852552
-50.0,50,4.907508
-50.0,50,4.948546
-50.0,50,5.006803
-50.0,50,5.054046
-43.0,50,5.106224
-44.0,50,5.154266
-49.0,50,5.198354
-50.0,50,5.243353
-48.0,50,5.298771
-45.0,50,5.352535
-50.0,50,5.402932
-50.0,50,5.448143
-50.0,50,5.491649
-50.0,50,5.546371
-50.0,50,5.60834
-50.0,50,5.64985
-50.0,50,5.704738
-50.0,50,5.749612
-50.0,50,5.793802
-50.0,50,5.847312
-50.0,50,5.903436
-50.0,50,5.961659
-50.0,50,6.009798
-50.0,50,6.054168
-50.0,50,6.10099
-50.0,50,6.139583
-48.0,50,6.183391
-50.0,50,6.227549
-50.0,50,6.933155
-46.0,50,7.508173
-50.0,50,8.024796
-50.0,50,8.513043
-50.0,50,9.011275
-50.0,50,9.489157
-50.0,50,9.981589
-50.0,50,10.497244
-50.0,50,10.98885
-50.0,50,11.476118
-50.0,50,11.968596
-50.0,50,12.464183
-50.0,50,12.987065
-50.0,50,13.469986
-50.0,50,13.958811
-50.0,50,14.479368
-50.0,50,14.978829
-50.0,50,15.496723
-50.0,50,16.009708
-50.0,50,16.554601
-50.0,50,17.142318
-50.0,50,17.676413
-50.0,50,18.174619
-50.0,50,18.694039
-50.0,50,19.271632
-50.0,50,19.806475
-50.0,50,20.32902
-50.0,50,20.905418
-50.0,50,21.470668
-50.0,50,22.017415
-50.0,50,22.524023
-50.0,50,23.01012
-50.0,50,23.527496
-50.0,50,24.018685
-50.0,50,24.52117
-50.0,50,25.006818
-50.0,50,25.502436
-50.0,50,26.094932
-50.0,50,26.638999
-50.0,50,27.20517
-50.0,50,27.773947
-50.0,50,28.351153
-50.0,50,28.980646
-50.0,50,29.584687
-42.0,50,30.230897
-44.0,50,30.778838
-50.0,50,31.332042
-50.0,50,31.856687
-50.0,50,32.393941
-49.0,50,32.913566
-50.0,50,33.427179
-45.0,50,33.962658
-50.0,50,34.532315
-50.0,50,35.104312
-50.0,50,35.634156
-50.0,50,36.230058
-50.0,50,36.794759
-50.0,50,37.37151
-50.0,50,37.929965
-46.0,50,38.497405
-42.0,50,39.061508
-50.0,50,39.639503
-49.0,50,40.179413
-50.0,50,40.73016
-50.0,50,41.271742
-50.0,50,41.857047
-50.0,50,42.458369
-50.0,50,43.034092
-50.0,50,43.604106
-48.0,50,44.174403
-50.0,50,44.733404
-50.0,50,45.299187
-50.0,50,45.866694
-50.0,50,46.439239
-50.0,50,47.000707
-50.0,50,47.562237
-50.0,50,48.124513
-49.0,50,48.683825
-50.0,50,49.249291
-50.0,50,49.822526
-50.0,50,50.39877
-50.0,50,50.975528
-50.0,50,51.551765
-50.0,50,52.114803
-50.0,50,52.676588
-50.0,50,53.244749
-50.0,50,53.824879
-50.0,50,54.395391
-50.0,50,54.99418
-50.0,50,55.56343
-50.0,50,56.108596
-50.0,50,56.660576
-47.0,50,57.240214
-50.0,50,57.788766
-50.0,50,58.349837
-50.0,50,58.914874
-50.0,50,59.536696
-50.0,50,60.170644
-50.0,50,60.776248
-50.0,50,61.341822
-50.0,50,63.566649
-44.0,50,64.118266
-50.0,50,64.687139
-50.0,50,65.236516
-50.0,50,65.824424
-50.0,50,66.385777
-50.0,50,66.941449
-50.0,50,67.52789
-46.0,50,68.112987
-47.0,50,68.698348
-37.0,50,69.262042
-50.0,50,69.845697
-48.0,50,70.428477
-44.0,50,70.994966
-46.0,50,71.548987
-45.0,50,72.111807
-49.0,50,72.688588
-46.0,50,73.254399
-44.0,50,73.814842
-50.0,50,74.395486
-26.0,50,74.967481
-48.0,50,75.526049
-31.0,50,76.091074
-45.0,50,76.660102
-50.0,50,77.235072
-46.0,50,77.816738
-35.0,50,78.372134
-44.0,50,78.94363
-50.0,50,79.524916
-47.0,50,80.091684
-47.0,50,80.650556
-42.0,50,81.209358
-42.0,50,81.786779
-46.0,50,82.363656
-42.0,50,82.908643
-40.0,50,83.470271
-41.0,50,84.03777
-37.0,50,84.592013
-28.0,50,85.087627
-25.0,50,85.574664
-36.0,50,86.108337
-47.0,50,86.611854
-42.0,50,87.094744
-42.0,50,87.580201
-22.0,50,88.043166
-32.0,50,88.626733
-31.0,50,89.217137
-23.0,50,89.814637
-32.0,50,90.397977
-15.0,50,90.980434
-16.0,50,91.561999
-34.0,50,92.122433
-21.0,50,92.688254
-9.0,50,93.24224
-30.0,50,93.816351
-15.0,50,94.391798
-7.0,50,94.976498
-13.0,50,95.546271
-13.0,50,96.120895
-13.0,50,96.683515
-18.0,50,97.259862
-18.0,50,97.840394
-13.0,50,98.435422
-17.0,50,98.988733
-16.0,50,99.580033
-7.0,50,100.137943
-15.0,50,100.708452
-15.0,50,101.26889
-15.0,50,101.839303
-7.0,50,102.402874
-6.0,50,102.98043
-6.0,50,103.573667
-12.0,50,104.137686
-8.0,50,104.709563
-4.0,50,105.304033
-12.0,50,105.879162
-13.0,50,106.448379
-4.0,50,107.023594
-3.0,50,107.59357
-3.0,50,108.179765
-3.0,50,108.757457
-6.0,50,109.31523
-6.0,50,109.880491
-4.0,50,110.440436
-2.0,50,111.001502
-6.0,50,111.566113
-1.0,50,112.126337
-1.0,50,112.681463
-3.0,50,113.244711
-2.0,50,113.806842
-2.0,50,114.36061
-3.0,50,114.943042
-8.0,50,115.511509
-2.0,50,116.083795
-12.0,50,116.641436
-3.0,50,117.217093
-1.0,50,117.794271
-4.0,50,118.366674
-2.0,50,118.933961
-1.0,50,119.491688
-3.0,50,120.057992
-1.0,50,120.625975
-1.0,50,121.208359
-3.0,50,121.798838
-2.0,50,122.363811
0.0,50,122.926142
-2.0,50,123.492958
-3.0,50,124.100899
-2.0,50,124.686898
-3.0,50,125.274021
0.0,50,125.84179
-3.0,50,126.430542
-2.0,50,126.998759
-1.0,50,127.560823
-4.0,50,128.120892
0.0,50,128.688832
-2.0,50,129.246537
-2.0,50,129.809066
0.0,50,130.376182
-3.0,50,130.935641
-2.0,50,131.520076
-2.0,50,132.080503
-2.0,50,132.640304
-2.0,50,133.219871
-1.0,50,133.787087
-2.0,50,134.353121
-2.0,50,134.916311
-2.0,50,135.491426
-1.0,50,136.061039
-2.0,50,136.636649
0.0,50,137.191945
-3.0,50,137.75281
-2.0,50,138.314142
-3.0,50,138.902292
0.0,50,139.46942
-2.0,50,140.052112
-3.0,50,140.642391
-3.0,50,141.20252
-3.0,50,141.766735
-3.0,50,142.350201
-2.0,50,142.929198
-1.0,50,143.505339
-2.0,50,144.080976
0.0,50,144.650265
-2.0,50,145.225193
-1.0,50,145.811081
-2.0,50,146.395253
-2.0,50,146.97211
0.0,50,147.438225
-2.0,50,147.942122
0.0,50,148.453924
-2.0,50,148.920097
-2.0,50,149.419654
-3.0,50,149.896747
-2.0,50,150.388362
-2.0,50,150.928092
-2.0,50,151.51019
-2.0,50,152.077923
-2.0,50,152.685355
-2.0,50,153.278147
-1.0,50,153.908972
-1.0,50,154.501526
-1.0,50,155.111702
-2.0,50,155.737092
-3.0,50,156.408755
-2.0,50,157.066065
-2.0,50,157.715677
-2.0,50,158.372505
-3.0,50,158.984005
-2.0,50,159.61704
-2.0,50,160.229138
-2.0,50,160.881114
-1.0,50,161.596943
-1.0,50,162.341456
-1.0,50,162.965059
-1.0,50,163.600446
-2.0,50,164.381543
-2.0,50,165.029981
-3.0,50,165.699247
-3.0,50,166.354466
-3.0,50,167.03667
-2.0,50,167.664402
-3.0,50,168.296974
-2.0,50,168.961767
0.0,50,169.585848
-3.0,50,170.179358
-2.0,50,170.760476
-1.0,50,171.338862
-2.0,50,171.908911
-3.0,50,172.486863
-2.0,50,173.065494
-2.0,50,173.632468
-2.0,50,174.219301
-2.0,50,174.811971
-1.0,50,175.421565
-3.0,50,176.006865
-3.0,50,176.60417
-1.0,50,177.246389
-2.0,50,177.82872
-2.0,50,178.433391
0.0,50,180.71249
0.0,50,181.284847
-2.0,50,181.870382
-2.0,50,182.456722
-2.0,50,183.062962
0.0,50,183.649817
-3.0,50,184.227092
-1.0,50,184.867669
0.0,50,185.593436
-1.0,50,186.269699
-2.0,50,186.921346
-2.0,50,187.571614
-1.0,50,188.228242
-2.0,50,188.880954
0.0,50,189.54679
-3.0,50,190.184448
-3.0,50,190.840862
-2.0,50,191.486136
-3.0,50,192.165014
-2.0,50,192.820322
-1.0,50,193.538469
-1.0,50,194.205729
0.0,50,194.871212
-3.0,50,195.564677
-3.0,50,196.248694
-2.0,50,196.914049
-1.0,50,197.563538
-2.0,50,198.19461
-2.0,50,198.841697
-3.0,50,199.475763
-2.0,50,200.121853
-3.0,50,200.762907
-2.0,50,201.422217
-2.0,50,202.056559
-2.0,50,202.685973
-2.0,50,203.328806
-3.0,50,204.007162
-2.0,50,204.655482
0.0,50,205.292022
-2.0,50,205.959654
-3.0,50,206.633195
-2.0,50,207.298221
-3.0,50,207.953979
-3.0,50,208.602766
0.0,50,209.26538
-2.0,50,209.908819
-1.0,50,210.554676
-1.0,50,211.211052
-3.0,50,211.910939
-2.0,50,212.594963
-2.0,50,213.312762
-2.0,50,214.014754
-1.0,50,214.751749
-1.0,50,215.423853
-2.0,50,216.128604
-2.0,50,216.764816
-2.0,50,217.382406
-3.0,50,217.880674
-2.0,50,218.368176
-3.0,50,218.872843
-2.0,50,219.382116
-3.0,50,219.995667
0.0,50,220.657425
-2.0,50,221.312971
-2.0,50,222.193078
-3.0,50,222.965167
-2.0,50,223.612586
0.0,50,224.244578
-2.0,50,224.874799
-2.0,50,225.509787
-2.0,50,226.134222
-2.0,50,226.7606
-2.0,50,227.408025
-1.0,50,228.086106
-3.0,50,228.740912
-2.0,50,229.367856
-2.0,50,229.998185
-2.0,50,230.647053
-3.0,50,231.393625
-2.0,50,232.058001
-3.0,50,232.70422
-3.0,50,233.477886
-3.0,50,234.12739
-1.0,50,234.758913
-3.0,50,235.407933
0.0,50,236.037704
-3.0,50,236.663108
-3.0,50,237.297673
-2.0,50,237.946484
-2.0,50,238.577681
-1.0,50,239.231759
-2.0,50,239.865369
-2.0,50,240.51562
-1.0,50,241.165117
-2.0,50,241.798788
-2.0,50,242.482767
-1.0,50,243.229131
-2.0,50,243.856152
-1.0,50,244.470898
-2.0,50,245.081301
-3.0,50,245.686872
-3.0,50,246.29494
-2.0,50,246.88514
-2.0,50,247.48126
-2.0,50,248.088281
0.0,50,248.6421
-2.0,50,249.178273
-2.0,50,249.710524
-3.0,50,250.262855
-2.0,50,250.775661
-1.0,50,251.331704
-1.0,50,251.89478
-2.0,50,252.440037
-2.0,50,252.964036
-3.0,50,253.542563
-2.0,50,254.087322
-2.0,50,254.634754
-1.0,50,255.169158
-3.0,50,255.722938
-1.0,50,256.288641
-2.0,50,256.820203
-2.0,50,257.340551
-2.0,50,257.841153
-2.0,50,258.414907
0.0,50,258.975854
0.0,50,259.624445
-2.0,50,260.193799
-3.0,50,260.72665
-2.0,50,261.291545
-2.0,50,261.878951
-1.0,50,262.492722
-2.0,50,263.061614
-3.0,50,263.714795
-2.0,50,264.375242
0.0,50,264.963133
-3.0,50,265.620521
-2.0,50,266.279997
-1.0,50,266.926926
-2.0,50,267.547104
-1.0,50,268.167922
-3.0,50,268.876184
-1.0,50,269.544027
-1.0,50,270.194879
-2.0,50,270.815472
-2.0,50,271.485931
-2.0,50,272.118987
-1.0,50,272.747434
-2.0,50,273.358517
-2.0,50,273.969381
-2.0,50,274.587593
-1.0,50,275.173208
-1.0,50,275.719676
-2.0,50,276.328633
-2.0,50,277.006245
-2.0,50,277.620523
-2.0,50,278.206631
-3.0,50,278.80259
-2.0,50,279.40404
-2.0,50,279.997211
-3.0,50,280.580784
0.0,50,281.168509
-3.0,50,281.798716
-2.0,50,282.403695
-2.0,50,282.974546
-2.0,50,283.550482
-1.0,50,284.154278
-2.0,50,284.754964
-1.0,50,285.34224
-3.0,50,285.92464
-3.0,50,286.574666
-2.0,50,287.110881
-3.0,50,287.698768
-1.0,50,288.265909
-1.0,50,288.791813
-1.0,50,289.268425
-3.0,50,289.835826
-1.0,50,290.417194
-2.0,50,291.061074
-1.0,50,291.686643
-2.0,50,292.31593
-1.0,50,292.964453
-2.0,50,293.601396
-2.0,50,294.209595
-2.0,50,294.823436
-3.0,50,295.482308
-1.0,50,296.072545
-1.0,50,296.672602
-2.0,50,297.272728
-2.0,50,297.860951
-2.0,50,298.45512
-2.0,50,299.057041
-2.0,50,299.655301
-3.0,50,300.228535
-3.0,50,300.806251
-2.0,50,301.393571
-1.0,50,301.964521
-2.0,50,302.562117
-1.0,50,303.144056
-2.0,50,303.738912
-1.0,50,304.32248
-3.0,50,306.855709
-2.0,50,307.493634
-3.0,50,308.083739
-1.0,50,308.692169
-3.0,50,309.321218
-2.0,50,309.929506
-2.0,50,310.538306
-3.0,50,311.122655
-2.0,50,311.756893
-1.0,50,312.354558
-2.0,50,312.949617
-2.0,50,313.521708
-1.0,50,314.106709
-3.0,50,314.692877
-2.0,50,315.259317
-2.0,50,315.82933
-2.0,50,316.440339
-1.0,50,317.046571
-2.0,50,317.631292
-1.0,50,318.216472
0.0,50,318.82059
-1.0,50,319.421647
-2.0,50,319.998005
-3.0,50,320.581463
-1.0,50,321.156766
-2.0,50,321.759741
-3.0,50,322.333777
-1.0,50,322.900979
-1.0,50,323.490807
-1.0,50,324.094251
-1.0,50,324.664674
-2.0,50,325.258364
-1.0,50,325.852152
-2.0,50,326.458598
-2.0,50,327.061211
-1.0,50,327.636958
-3.0,50,328.219621
-2.0,50,328.851
-2.0,50,329.532872
-3.0,50,330.180744
-3.0,50,330.820279
0.0,50,331.447745
-2.0,50,332.05983
-3.0,50,332.666759
-1.0,50,333.301991
-3.0,50,333.938695
-1.0,50,334.587424
-2.0,50,335.217537
-3.0,50,335.870847
0.0,50,336.509107
-2.0,50,337.141639
0.0,50,337.777545
-1.0,50,338.411978
-1.0,50,339.077205
-2.0,50,339.706906
-3.0,50,340.305979
-2.0,50,340.922185
-1.0,50,341.533658
-1.0,50,342.11811
-2.0,50,342.695683
0.0,50,343.29152
0.0,50,343.891738
-2.0,50,344.492291
-3.0,50,345.075421
-1.0,50,345.668298
-3.0,50,346.274757
-3.0,50,346.879123
-2.0,50,347.468493
-2.0,50,348.094464
0.0,50,348.710964
-2.0,50,349.296306
-1.0,50,349.885191
-2.0,50,350.481018
-2.0,50,351.081173
-3.0,50,351.665598
-1.0,50,352.255831
-1.0,50,352.858121
-2.0,50,353.352918
-1.0,50,353.839566
0.0,50,354.321734
-1.0,50,354.823202
-2.0,50,355.355176
-1.0,50,355.874377
-2.0,50,356.343219
-2.0,50,356.942986
-2.0,50,357.561899
-1.0,50,358.167265
-1.0,50,358.789495
-3.0,50,359.417786
-1.0,50,360.027994
0.0,50,360.639402
-2.0,50,361.239724
-2.0,50,361.877693
0.0,50,362.520443
-3.0,50,363.112019
0.0,50,363.720624
-2.0,50,364.311012
-2.0,50,364.926394
-2.0,50,365.523685
-2.0,50,366.119387
-3.0,50,366.76172
-3.0,50,367.386597
-1.0,50,367.987136
-1.0,50,368.596059
-2.0,50,369.226972
-2.0,50,369.866251
-1.0,50,370.509822
-3.0,50,371.104326
-2.0,50,371.743891
-1.0,50,372.366496
-2.0,50,372.99511
-2.0,50,373.628765
0.0,50,374.257116
-3.0,50,374.914827
-2.0,50,375.535588
-3.0,50,376.133455
-2.0,50,376.752141
-2.0,50,377.412984
-2.0,50,378.030692
-3.0,50,378.61648
-1.0,50,379.23458
-3.0,50,379.838072
-2.0,50,380.463461
0.0,50,381.040641
-2.0,50,381.687545
-2.0,50,382.261024
-3.0,50,382.858371
-3.0,50,383.465206
-2.0,50,384.041166
-1.0,50,384.657361
-2.0,50,385.310261
-2.0,50,385.945644
-1.0,50,386.643121
-1.0,50,387.278784
-2.0,50,387.857418
0.0,50,388.405774
-3.0,50,388.964497
-1.0,50,389.568845
-3.0,50,390.141031
-2.0,50,390.722392
-1.0,50,391.279845
-1.0,50,391.931334
-2.0,50,392.590815
0.0,50,393.188334
0.0,50,393.778153
-1.0,50,394.373664
-2.0,50,395.018302
-1.0,50,395.592313
-1.0,50,396.154937
0.0,50,396.70431
-2.0,50,397.257168
-2.0,50,397.823018
-2.0,50,398.367623
-3.0,50,398.935182
-1.0,50,399.496346
-1.0,50,400.072396
-1.0,50,400.639245
-3.0,50,401.194174
-2.0,50,401.765299
-2.0,50,402.346056
-1.0,50,402.932133
-3.0,50,403.499064
0.0,50,404.053043
-2.0,50,404.628961
-3.0,50,405.205231
0.0,50,405.77949
0.0,50,406.33128
-2.0,50,406.92201
-3.0,50,407.512508
-1.0,50,408.094509
-2.0,50,408.682033
0.0,50,409.253762
-3.0,50,409.839159
-2.0,50,410.435083
-1.0,50,411.045364
-2.0,50,411.638069
-2.0,50,412.224787
-3.0,50,412.789453
-2.0,50,413.3772
-2.0,50,413.951386
-2.0,50,414.558955
-1.0,50,415.133704
-3.0,50,415.747124
-3.0,50,416.324486
-2.0,50,416.898443
-2.0,50,417.470635
-2.0,50,418.044004
-2.0,50,418.627302
-3.0,50,419.212047
-2.0,50,419.797891
-1.0,50,420.351119
-2.0,50,420.828755
-2.0,50,421.367272
-3.0,50,421.880481
-2.0,50,422.373821
-1.0,50,422.872444
-2.0,50,423.378777
-2.0,50,423.885187
-2.0,50,424.464364
-1.0,50,425.060075
-1.0,50,427.432522
-3.0,50,428.199347
0.0,50,428.875569
-3.0,50,429.52399
-2.0,50,430.153836
0.0,50,430.768029
-1.0,50,431.373607
-1.0,50,431.986993
-2.0,50,432.583927
-1.0,50,433.186627
-2.0,50,433.827403
-2.0,50,434.420422
-1.0,50,435.009988
-1.0,50,435.585057
-1.0,50,436.183084
-1.0,50,436.796103
-2.0,50,437.385579
-1.0,50,437.978729
-3.0,50,438.58865
-2.0,50,439.180575
-1.0,50,439.776551
-2.0,50,440.384788
-1.0,50,441.019302
-3.0,50,441.643638
-2.0,50,442.265793
0.0,50,442.888987
-1.0,50,443.503036
-2.0,50,444.103045
-2.0,50,444.722743
-2.0,50,445.344932
-2.0,50,445.967443
-3.0,50,446.570322
0.0,50,447.193115
-2.0,50,447.827446
-2.0,50,448.488303
-3.0,50,449.11657
-3.0,50,449.791613
-1.0,50,450.425752
-2.0,50,451.031756
-2.0,50,451.597525
-3.0,50,452.169973
-2.0,50,452.720204
-3.0,50,453.323764
-1.0,50,453.957172
-2.0,50,454.560561
-3.0,50,455.191213
-2.0,50,455.807875
-2.0,50,456.4247
-2.0,50,457.054383
-2.0,50,457.649509
-1.0,50,458.23788
-2.0,50,458.848874
-1.0,50,459.399151
0.0,50,459.974272
-2.0,50,460.522384
-2.0,50,461.134725
-1.0,50,461.744903
-3.0,50,462.320419
-2.0,50,462.922734
-2.0,50,463.467471
-2.0,50,464.032904
-3.0,50,464.583217
0.0,50,465.110657
-2.0,50,465.684092
-2.0,50,466.386316
-2.0,50,466.964385
-2.0,50,467.557415
-3.0,50,468.133235
-2.0,50,468.751823
-1.0,50,469.287426
-1.0,50,469.820095
-3.0,50,470.313063
-2.0,50,470.843864
0.0,50,471.326792
-2.0,50,471.812306
-1.0,50,472.298107
-2.0,50,472.803105
-2.0,50,473.286916
-2.0,50,473.767802
-2.0,50,474.238999
-3.0,50,474.728619
-2.0,50,475.216114
-1.0,50,475.715942
-2.0,50,476.228906
-1.0,50,476.709866
-1.0,50,477.200156
0.0,50,477.811029
-2.0,50,478.463948
-1.0,50,479.030467
0.0,50,479.593308
-2.0,50,480.180737
-2.0,50,480.790787
0.0,50,481.39676
-1.0,50,481.970368
0.0,50,482.547802
-2.0,50,483.148839
-1.0,50,483.70004
-3.0,50,484.232449
-1.0,50,484.801221
-1.0,50,485.32634
-2.0,50,485.823332
0.0,50,486.320322
-2.0,50,486.836195
-2.0,50,487.338385
-1.0,50,487.84535
-2.0,50,488.320321
-2.0,50,488.787761
0.0,50,489.217363
-2.0,50,489.642489
-3.0,50,490.058225
-1.0,50,490.510115
-2.0,50,491.00897
-2.0,50,491.537174
0.0,50,492.115495
-2.0,50,492.682078
-2.0,50,493.248892
0.0,50,493.843525
-1.0,50,494.410973
-2.0,50,494.981692
-2.0,50,495.54759
-3.0,50,496.122572
-2.0,50,496.69966
0.0,50,497.274972
-2.0,50,497.84515
0.0,50,498.42475
-2.0,50,499.017857
-2.0,50,499.580637
-1.0,50,500.162738
0.0,50,500.778614
-1.0,50,501.356952
-2.0,50,501.948469
-1.0,50,502.540147
-1.0,50,503.123561
0.0,50,503.702773
-3.0,50,504.289708
-2.0,50,504.886641
0.0,50,505.46379
-3.0,50,506.04968
-1.0,50,506.643215
-2.0,50,507.230024
0.0,50,507.809762
-3.0,50,508.422067
-2.0,50,509.03695
-2.0,50,509.62204
-1.0,50,510.201873
-3.0,50,510.78544
-1.0,50,511.364263
0.0,50,511.955581
-1.0,50,512.544248
-2.0,50,513.123454
-1.0,50,513.695929
-2.0,50,514.311139
-2.0,50,514.910706
-2.0,50,515.546011
-2.0,50,516.154045
-2.0,50,516.754692
0.0,50,517.360028
0.0,50,517.955517
-1.0,50,518.658749
-3.0,50,519.377202
-3.0,50,520.04815
-2.0,50,520.689476
-1.0,50,521.308641
-1.0,50,521.939829
-1.0,50,522.556851
-2.0,50,523.17232
-2.0,50,523.78716
-1.0,50,524.40443
-1.0,50,525.025795
-2.0,50,525.626402
-2.0,50,526.238683
-1.0,50,526.835242
-2.0,50,527.429592
-1.0,50,528.023462
-2.0,50,528.651908
-2.0,50,529.250431
-2.0,50,529.87963
-2.0,50,530.494421
-2.0,50,531.086631
-3.0,50,531.689316
-1.0,50,532.296862
-1.0,50,532.898514
-1.0,50,533.47764
-2.0,50,534.090914
-2.0,50,534.693681
-2.0,50,535.301748
0.0,50,535.907693
-2.0,50,536.515165
-1.0,50,537.156374
-3.0,50,537.748041
-1.0,50,538.352927
-1.0,50,539.014692
-2.0,50,539.639189
-1.0,50,540.246216
-2.0,50,540.874102
-3.0,50,541.450462
-3.0,50,542.022732
-2.0,50,542.580011
-2.0,50,543.110107
-2.0,50,543.640907
-2.0,50,545.9929
-2.0,50,546.493926
-2.0,50,546.977561
0.0,50,547.454295
-2.0,50,547.993246
-1.0,50,548.476003
-1.0,50,549.05937
0.0,50,549.587408
-2.0,50,550.137704
-2.0,50,550.700798
-2.0,50,551.272994
-2.0,50,551.823578
-3.0,50,552.392652
-1.0,50,552.97307
-1.0,50,553.553487
-2.0,50,554.129579
-2.0,50,554.567354
-2.0,50,555.001346
-2.0,50,555.430417
-1.0,50,555.843181
-1.0,50,556.256835
-2.0,50,556.683866
-2.0,50,557.114501
-2.0,50,557.610488
0.0,50,558.112312
-2.0,50,558.650252
-2.0,50,559.213386
-1.0,50,559.781485
0.0,50,560.36785
-1.0,50,560.991206
-1.0,50,561.573889
0.0,50,562.165348
-1.0,50,562.738069
-3.0,50,563.328366
0.0,50,563.876321
-3.0,50,564.440451
-3.0,50,565.020567
-1.0,50,565.611094
-2.0,50,566.19688
-1.0,50,566.770356
-1.0,50,567.35557
-2.0,50,567.924001
-2.0,50,568.488634
-1.0,50,569.057109
-2.0,50,569.605872
-3.0,50,570.17403
0.0,50,570.731204
-1.0,50,571.309491
0.0,50,571.895377
-1.0,50,572.464614
-2.0,50,573.030968
-3.0,50,573.62325
-2.0,50,574.20828
-2.0,50,574.781723
-2.0,50,575.341109
-1.0,50,575.899821
0.0,50,576.463713
-2.0,50,577.036311
-1.0,50,577.601131
-3.0,50,578.178884
-1.0,50,578.753768
0.0,50,579.321377
-2.0,50,579.897108
-1.0,50,580.475633
-1.0,50,581.080506
-2.0,50,581.670234
-1.0,50,582.266375
-1.0,50,582.876803
-2.0,50,583.496854
-2.0,50,584.092597
-1.0,50,584.687139
0.0,50,585.29488
-3.0,50,585.903818
-2.0,50,586.48065
-2.0,50,587.069313
0.0,50,587.630899
0.0,50,588.236121
-2.0,50,588.80614
-1.0,50,589.397143
-3.0,50,589.966652
-2.0,50,590.575652
-1.0,50,591.12816
-2.0,50,591.702269
0.0,50,592.288847
-3.0,50,592.860908
-2.0,50,593.430414
-1.0,50,594.013415
-2.0,50,594.574923
-2.0,50,595.136628
-2.0,50,595.698343
-1.0,50,596.273344
-3.0,50,596.851851
-2.0,50,597.447851
0.0,50,598.028359
-2.0,50,598.612361
-2.0,50,599.206866
-2.0,50,599.783865
-3.0,50,600.353636
-2.0,50,600.931634
-1.0,50,601.503141
-2.0,50,602.083141
-3.0,50,602.666648
-22.0,50,603.242649
-10.0,50,603.841156
-1.0,50,604.431156
0.0,50,604.997664
-2.0,50,605.557047
-2.0,50,606.131136
-2.0,50,606.731137
-3.0,50,607.321648
-2.0,50,607.925649
0.0,50,608.518161
-1.0,50,609.123159
-1.0,50,609.695669
-4.0,50,610.265667
-3.0,50,610.821175
-3.0,50,611.391175
-3.0,50,611.954109
-2.0,50,612.529109
-2.0,50,613.110617
-2.0,50,613.703617
-1.0,50,614.297257
0.0,50,614.868898
-2.0,50,615.444407
-2.0,50,616.023406
-3.0,50,616.609127
0.0,50,617.16788
-3.0,50,617.73739
-3.0,50,618.31839
-1.0,50,618.877896
-3.0,50,619.387895
-2.0,50,619.908602
-1.0,50,620.39211
-2.0,50,620.942912
-2.0,50,621.510798
-2.0,50,622.061941
-1.0,50,622.59554
-2.0,50,623.182642
-3.0,50,623.799691
-1.0,50,624.427261
-2.0,50,625.042949
-3.0,50,625.619879
-1.0,50,626.236577
-1.0,50,626.808264
-2.0,50,627.390431
-2.0,50,627.968995
-3.0,50,628.569527
-2.0,50,629.189934
-2.0,50,629.865761
-1.0,50,630.467775
-1.0,50,631.060692
-2.0,50,631.701658
-3.0,50,632.236849
-1.0,50,632.744309
-3.0,50,633.294467
-3.0,50,633.81414
-2.0,50,634.379711
0.0,50,634.918932
-2.0,50,635.453868
-3.0,50,636.139925
-3.0,50,636.70645
-2.0,50,637.252754
-2.0,50,637.811662
-2.0,50,638.384626
-1.0,50,638.879876
-2.0,50,639.365846
-2.0,50,639.969836
-3.0,50,640.545043
-2.0,50,641.104677
0.0,50,641.759273
-2.0,50,642.359507
-2.0,50,642.974967
-1.0,50,643.589767
0.0,50,644.153416
0.0,50,644.73131
-1.0,50,645.377378
0.0,50,646.018765
-2.0,50,646.607259
-2.0,50,647.237537
-3.0,50,647.822131
-3.0,50,648.424355
-1.0,50,649.004358
-2.0,50,649.593978
-3.0,50,650.182022
-2.0,50,650.78685
-1.0,50,651.364124
0.0,50,651.939763
0.0,50,652.523347
-1.0,50,653.095924
-2.0,50,653.698758
-2.0,50,654.341207
-1.0,50,654.964649
-1.0,50,655.592358
0.0,50,656.170395
-2.0,50,656.743056
-3.0,50,657.32908
-1.0,50,657.915857
-2.0,50,658.49363
-2.0,50,659.089311
-2.0,50,659.674412
-1.0,50,661.976436
-2.0,50,662.589573
-2.0,50,663.183481
-2.0,50,663.771008
-1.0,50,664.355736
-1.0,50,664.944337
-2.0,50,665.530763
-3.0,50,666.12738
-2.0,50,666.70952
-2.0,50,667.271012
-1.0,50,667.835898
0.0,50,668.388227
-1.0,50,669.016551
-2.0,50,669.636614
-2.0,50,670.252346
-1.0,50,670.838824
-2.0,50,671.429145
-1.0,50,672.013182
-1.0,50,672.612774
0.0,50,673.265969
-2.0,50,673.876798
0.0,50,674.465477
-1.0,50,675.047682
-2.0,50,675.641854
-2.0,50,676.254915
-1.0,50,676.845741
-1.0,50,677.44365
-1.0,50,678.021807
0.0,50,678.598449
-1.0,50,679.188281
0.0,50,679.807751
0.0,50,680.371064
-3.0,50,681.018844
0.0,50,681.585175
-2.0,50,682.194736
-1.0,50,682.798892
-1.0,50,683.363378
-1.0,50,683.987214
-2.0,50,684.599899
-3.0,50,685.202169
0.0,50,685.785287
-3.0,50,686.366805
-2.0,50,686.923866
-2.0,50,687.53097
-2.0,50,688.109266
-2.0,50,688.685663
-2.0,50,689.21593
-3.0,50,689.778387
-3.0,50,690.341389
-1.0,50,690.90602
-1.0,50,691.458804
-2.0,50,692.066827
-1.0,50,692.653967
0.0,50,693.296874
-2.0,50,693.937494
0.0,50,694.620847
-2.0,50,695.304444
-1.0,50,695.892359
-3.0,50,696.486902
0.0,50,697.069184
-2.0,50,697.635128
-1.0,50,698.147025
-1.0,50,698.692933
-2.0,50,699.206034
-1.0,50,699.737392
-1.0,50,700.258749
-1.0,50,700.865036
-2.0,50,701.447535
-2.0,50,701.994077
-2.0,50,702.547875
-2.0,50,703.078699
-1.0,50,703.59677
-2.0,50,704.106616
-2.0,50,704.637001
-2.0,50,705.146137
0.0,50,705.692582
-2.0,50,706.23807
-1.0,50,706.787971
-3.0,50,707.372533
-1.0,50,707.933088
-1.0,50,708.454824
-12.0,50,708.974776
-9.0,50,709.504396
-1.0,50,710.031309
-2.0,50,710.654882
-2.0,50,711.233175
-2.0,50,711.788539
-2.0,50,712.290573
-2.0,50,712.800313
0.0,50,713.354427
-2.0,50,713.898038
-2.0,50,714.396944
-2.0,50,714.902102
-1.0,50,715.483897
-1.0,50,716.101569
-2.0,50,716.743761
-3.0,50,717.375826
-2.0,50,717.929094
-3.0,50,718.608038
-1.0,50,719.206714
-2.0,50,719.762545
-2.0,50,720.300226
-2.0,50,720.810734
-2.0,50,721.314504
-3.0,50,721.831852
-2.0,50,722.344698
-1.0,50,722.883464
-2.0,50,723.433568
-2.0,50,723.944476
-3.0,50,724.457608
-2.0,50,724.945917
-2.0,50,725.502906
0.0,50,726.006065
-1.0,50,726.496664
0.0,50,727.003284
-1.0,50,727.497166
-1.0,50,727.984727
-2.0,50,728.521273
-1.0,50,729.010806
-2.0,50,729.483948
-1.0,50,729.981359
-2.0,50,730.477369
-2.0,50,731.000472
-2.0,50,731.510122
-2.0,50,732.02683
0.0,50,732.536122
-3.0,50,733.012569
-3.0,50,733.544083
-2.0,50,734.058425
-2.0,50,734.574141
-2.0,50,735.097278
-2.0,50,735.589014
-3.0,50,736.080999
-1.0,50,736.575868
-2.0,50,737.168946
-2.0,50,737.756047
-2.0,50,738.349614
-2.0,50,738.93591
-2.0,50,739.515121
-3.0,50,740.06876
0.0,50,740.637023
-1.0,50,741.256963
-2.0,50,741.890012
-2.0,50,742.512168
-1.0,50,743.17303
-2.0,50,743.776842
-2.0,50,744.306714
-3.0,50,744.921237
-2.0,50,745.520646
-1.0,50,746.115773
-2.0,50,746.642896
-1.0,50,747.247452
-2.0,50,747.884943
0.0,50,748.481526
-2.0,50,749.038808
-1.0,50,749.650056
-2.0,50,750.270788
-1.0,50,750.905473
-2.0,50,751.509441
-3.0,50,752.152446
-1.0,50,752.760963
-1.0,50,753.236511
-2.0,50,753.668147
-2.0,50,754.118293
-2.0,50,754.548779
-1.0,50,754.949684
-1.0,50,755.349139
-2.0,50,755.794038
-2.0,50,756.322636
0.0,50,756.835069
-2.0,50,757.344305
-2.0,50,757.885877
-2.0,50,758.410245
-2.0,50,758.898218
-1.0,50,759.373151
-2.0,50,759.845711
-2.0,50,760.347169
-1.0,50,760.924813
-2.0,50,761.427907
-3.0,50,761.921458
-2.0,50,762.482698
-2.0,50,762.975525
-2.0,50,763.451448
-1.0,50,763.924258
-2.0,50,764.606071
-2.0,50,765.27169
-3.0,50,765.862933
-1.0,50,766.440725
-2.0,50,767.003077
-2.0,50,767.59927
-3.0,50,768.230055
-2.0,50,768.787575
0.0,50,769.386028
-2.0,50,769.98104
-2.0,50,770.557945
-1.0,50,771.058011
-2.0,50,771.578976
-1.0,50,772.153393
-1.0,50,772.705002
-2.0,50,773.31639
0.0,50,775.862684
-2.0,50,776.478917
-2.0,50,777.090142
-2.0,50,777.704085
-3.0,50,778.37972
-1.0,50,779.03132
-2.0,50,779.653556
-3.0,50,780.222157
-2.0,50,780.875236
-2.0,50,781.426342
-2.0,50,782.024683
-2.0,50,782.645177
-3.0,50,783.312753
-2.0,50,783.91331
-2.0,50,784.523621
-2.0,50,785.133859
-2.0,50,785.762859
-1.0,50,786.355268
-2.0,50,786.9382
-1.0,50,787.598619
-2.0,50,788.234958
-3.0,50,788.815153
-2.0,50,789.390924
-3.0,50,790.00463
-3.0,50,790.645711
-3.0,50,791.226166
-2.0,50,791.832786
-2.0,50,792.444192
-2.0,50,793.062798
-2.0,50,793.652287
-2.0,50,794.25444
-1.0,50,794.845804
-2.0,50,795.424586
-3.0,50,796.003358
-2.0,50,796.619372
-2.0,50,797.232507
-3.0,50,797.839736
-2.0,50,798.433011
-2.0,50,799.01499
-1.0,50,799.590893
-2.0,50,800.198405
0.0,50,800.788094
-2.0,50,801.39838
-2.0,50,801.988223
-3.0,50,802.593345
-3.0,50,803.183222
-2.0,50,803.773888
-1.0,50,804.397903
-2.0,50,804.975589
0.0,50,805.549696
0.0,50,806.138813
-2.0,50,806.695036
-2.0,50,807.268073
-1.0,50,807.823926
-3.0,50,808.404819
-3.0,50,808.9868
-2.0,50,809.547245
-2.0,50,810.112076
-2.0,50,810.669084
-1.0,50,811.260098
-2.0,50,811.84639
-1.0,50,812.428004
-2.0,50,813.0326
-2.0,50,813.646684
-3.0,50,814.22981
-3.0,50,814.788635
-2.0,50,815.372173
-2.0,50,815.949707
0.0,50,816.532046
-3.0,50,817.095147
-1.0,50,817.658447
-2.0,50,818.240183
-3.0,50,818.803488
-3.0,50,819.288152
-3.0,50,819.760501
-1.0,50,820.269628
-2.0,50,820.766794
-2.0,50,821.268775
-2.0,50,821.768782
-2.0,50,822.275699
-1.0,50,822.815088
-1.0,50,823.392367
0.0,50,823.97023
-2.0,50,824.535433
-1.0,50,825.111464
-2.0,50,825.669255
-2.0,50,826.212782
-1.0,50,826.755713
-2.0,50,827.317617
-1.0,50,827.863794
-3.0,50,828.416735
-3.0,50,828.984113
-1.0,50,829.545238
-1.0,50,830.10772
-2.0,50,830.654236
0.0,50,831.252446
0.0,50,831.835567
-1.0,50,832.395078
-2.0,50,832.950144
0.0,50,833.538771
-3.0,50,834.113214
-1.0,50,834.682657
-2.0,50,835.272367
-2.0,50,835.847562
-1.0,50,836.412989
-2.0,50,836.97209
0.0,50,837.528913
-3.0,50,838.093143
0.0,50,838.679557
-3.0,50,839.298496
-2.0,50,839.907474
-2.0,50,840.512461
-2.0,50,841.148007
-3.0,50,841.739608
-2.0,50,842.314023
-1.0,50,842.891402
-1.0,50,843.458527
-3.0,50,844.032125
0.0,50,844.598958
-2.0,50,845.180211
-2.0,50,845.743158
-3.0,50,846.308762
-2.0,50,846.877144
0.0,50,847.452435
-2.0,50,848.030048
-3.0,50,848.606869
-2.0,50,849.219702
-3.0,50,849.793498
-2.0,50,850.38396
-2.0,50,850.961654
-2.0,50,851.545541
-2.0,50,852.109627
-1.0,50,852.696417
-3.0,50,853.343082
-1.0,50,854.062865
-2.0,50,854.731118
-3.0,50,855.39041
-2.0,50,856.056944
-1.0,50,856.675917
-1.0,50,857.326802
-2.0,50,857.959789
-3.0,50,858.609229
-1.0,50,859.265103
0.0,50,859.904677
-2.0,50,860.585182
-2.0,50,861.221751
0.0,50,861.786851
-1.0,50,862.372353
-1.0,50,862.969276
-1.0,50,863.567621
-1.0,50,864.195274
-2.0,50,864.829555
0.0,50,865.44119
-2.0,50,866.042959
-2.0,50,866.663398
-2.0,50,867.214444
-2.0,50,867.745432
-2.0,50,868.297998
-3.0,50,868.814152
-1.0,50,869.384817
-3.0,50,869.929124
-2.0,50,870.44085
-1.0,50,870.955141
-2.0,50,871.563052
-2.0,50,872.079001
-2.0,50,872.607964
-1.0,50,873.13896
0.0,50,873.703597
-3.0,50,874.239546
0.0,50,874.764738
-2.0,50,875.292249
0.0,50,875.863617
-2.0,50,876.462705
-2.0,50,877.08899
-3.0,50,877.608805
-2.0,50,878.278088
-2.0,50,878.840885
0.0,50,879.395534
-3.0,50,879.900475
-1.0,50,880.402841
-2.0,50,880.912881
-2.0,50,881.532256
-2.0,50,882.150336
-2.0,50,882.671472
-2.0,50,883.201115
-2.0,50,883.73382
-2.0,50,884.29085
-1.0,50,884.802965
-1.0,50,885.402131
-2.0,50,885.992255
-2.0,50,886.440416
-1.0,50,886.868921
-2.0,50,887.310461
0.0,50,887.793142
-2.0,50,888.241372
-2.0,50,888.677128
-3.0,50,889.25875
-2.0,50,889.792451
-2.0,50,890.332948
-1.0,50,890.861151
-3.0,50,893.260016
-1.0,50,893.874578
-2.0,50,894.519057
-3.0,50,895.167084
0.0,50,895.774617
-3.0,50,896.411785
-2.0,50,897.034748
-2.0,50,897.633844
-1.0,50,898.23587
-1.0,50,898.884946
-2.0,50,899.535811
-2.0,50,900.181796
0.0,50,900.856626
-1.0,50,901.440562
-1.0,50,902.017364
-1.0,50,902.606015
-2.0,50,903.168377
-2.0,50,903.712748
-2.0,50,904.266852
-1.0,50,904.827026
0.0,50,905.305107
-2.0,50,905.776021
-2.0,50,906.302605
-2.0,50,906.883305
-3.0,50,907.428827
-1.0,50,907.950324
-2.0,50,908.471367
0.0,50,909.014796
-2.0,50,909.583685
-2.0,50,910.129092
-3.0,50,910.640081
0.0,50,911.129314
-2.0,50,911.657483
-2.0,50,912.187054
-1.0,50,912.779234
-1.0,50,913.328105
-2.0,50,913.962673
-3.0,50,914.571211
-3.0,50,915.10996
-2.0,50,915.652356
-2.0,50,916.20104
-2.0,50,916.76544
-2.0,50,917.301056
0.0,50,917.864546
-1.0,50,918.484408
-2.0,50,919.057643
-2.0,50,919.614161
-2.0,50,920.16923
-2.0,50,920.730219
-2.0,50,921.342964
-2.0,50,921.910112
-3.0,50,922.46787
-3.0,50,923.061243
-2.0,50,923.64023
-3.0,50,924.222045
-3.0,50,924.787952
-2.0,50,925.382763
-3.0,50,925.994841
-3.0,50,926.559745
-1.0,50,927.186447
-1.0,50,927.804034
-3.0,50,928.43612
-2.0,50,929.043228
-1.0,50,929.653184
0.0,50,930.280034
-3.0,50,930.907314
-3.0,50,931.5194
0.0,50,932.138949
-2.0,50,932.749481
0.0,50,933.358271
-2.0,50,933.99666
-1.0,50,934.623497
-1.0,50,935.295462
-2.0,50,935.916413
-1.0,50,936.524812
-2.0,50,937.133431
-2.0,50,937.759366
-2.0,50,938.366641
-1.0,50,938.985902
-1.0,50,939.593315
0.0,50,940.211906
-2.0,50,940.875442
0.0,50,941.500984
-2.0,50,942.121542
-3.0,50,942.760144
-3.0,50,943.395133
-2.0,50,944.026711
-1.0,50,944.68199
0.0,50,945.328525
-3.0,50,945.983777
-3.0,50,946.618111
-1.0,50,947.243858
-1.0,50,947.868666
-2.0,50,948.49015
0.0,50,949.115713
-2.0,50,949.789079
-1.0,50,950.455025
-2.0,50,951.089882
0.0,50,951.779701
-2.0,50,952.454325
-2.0,50,953.076012
-2.0,50,953.649384
-1.0,50,954.289176
0.0,50,954.853587
-2.0,50,955.30009
-2.0,50,955.791967
-2.0,50,956.22528
-1.0,50,956.6793
-3.0,50,957.138053
-2.0,50,957.60892
-2.0,50,958.163106
-1.0,50,958.715499
0.0,50,959.287392
-2.0,50,959.910433
-2.0,50,960.508422
-2.0,50,961.137056
-3.0,50,961.817904
-1.0,50,962.452566
-2.0,50,963.070452
0.0,50,963.673856
-1.0,50,964.207517
-1.0,50,964.718364
0.0,50,965.237321
0.0,50,965.729964
-3.0,50,966.281482
-1.0,50,966.826183
0.0,50,967.347488
-1.0,50,967.890719
-1.0,50,968.432679
-2.0,50,969.023479
-1.0,50,969.561292
-1.0,50,970.069142
0.0,50,970.590502
-2.0,50,971.204205
-2.0,50,971.84356
-3.0,50,972.402159
-2.0,50,972.924107
-2.0,50,973.428078
-2.0,50,973.964435
0.0,50,974.514385
-3.0,50,975.009819
-3.0,50,975.592248
-2.0,50,976.176064
-2.0,50,976.755109
-3.0,50,977.380051
-1.0,50,978.009896
-3.0,50,978.604863
-1.0,50,979.248768
-1.0,50,979.874532
-1.0,50,980.513683
0.0,50,981.054078
-2.0,50,981.624888
-2.0,50,982.204821
-1.0,50,982.828537
-2.0,50,983.461179
-1.0,50,984.076926
-3.0,50,984.657309
-1.0,50,985.267443
-2.0,50,985.836878
-2.0,50,986.408892
-1.0,50,986.91711
-2.0,50,987.54961
-1.0,50,988.183104
-2.0,50,988.790869
-2.0,50,989.386219
-3.0,50,989.980502
-2.0,50,990.62225
-2.0,50,991.184028
-2.0,50,991.750583
-1.0,50,992.338361
-2.0,50,992.920813
-2.0,50,993.475848
-2.0,50,994.122968
-2.0,50,994.738578
-2.0,50,995.369092
-3.0,50,995.993162
-1.0,50,996.616779
-1.0,50,997.230867
-1.0,50,997.847637
-1.0,50,998.468237
0.0,50,999.057282
-3.0,50,999.655939
-2.0,50,1000.22076
-2.0,50,1000.805036
-2.0,50,1001.467743
-2.0,50,1002.149312
-2.0,50,1002.826031
-2.0,50,1003.530041
-2.0,50,1004.121623
-2.0,50,1004.738706
-1.0,50,1005.385329
-2.0,50,1006.08848
-2.0,50,1006.794411
-2.0,50,1007.469274
-1.0,50,1008.115029
-2.0,50,1008.739405
-1.0,50,1009.381371
-2.0,50,1009.992448
-3.0,50,1010.582677
-1.0,50,1011.159638
-2.0,50,1013.501247
-2.0,50,1014.099434
-1.0,50,1014.721774
0.0,50,1015.459647
-2.0,50,1016.16541
-1.0,50,1016.876395
-2.0,50,1017.522068
0.0,50,1018.181286
-2.0,50,1018.863209
-2.0,50,1019.597601
-1.0,50,1020.339165
-3.0,50,1021.032551
-2.0,50,1021.700705
-1.0,50,1022.301732
-1.0,50,1022.962501
-3.0,50,1023.552942
-3.0,50,1024.146727
-1.0,50,1024.734227
-2.0,50,1025.352401
-1.0,50,1025.981022
-2.0,50,1026.518434
-1.0,50,1026.976468
-3.0,50,1027.610958
-1.0,50,1028.248328
-2.0,50,1028.888434
-2.0,50,1029.493855
-2.0,50,1030.132973
-1.0,50,1030.744156
-2.0,50,1031.401284
-1.0,50,1032.043671
-2.0,50,1032.651242
-3.0,50,1033.229424
-2.0,50,1033.778561
-3.0,50,1034.337235
-1.0,50,1034.899303
-2.0,50,1035.442878
-2.0,50,1035.99965
-3.0,50,1036.588046
-2.0,50,1037.20599
-1.0,50,1037.754636
-3.0,50,1038.305058
-3.0,50,1038.860569
-1.0,50,1039.448105
-2.0,50,1040.055478
-3.0,50,1040.628466
-1.0,50,1041.222358
-1.0,50,1041.822251
-1.0,50,1042.390268
-2.0,50,1043.005842
-2.0,50,1043.559679
-2.0,50,1044.133041
-1.0,50,1044.720367
-2.0,50,1045.348429
-2.0,50,1045.945413
-2.0,50,1046.582917
-2.0,50,1047.237704
-3.0,50,1047.825128
-2.0,50,1048.391399
0.0,50,1049.015349
-1.0,50,1049.599926
-2.0,50,1050.178457
-1.0,50,1050.706729
0.0,50,1051.309276
-2.0,50,1051.911901
-2.0,50,1052.522061
-3.0,50,1053.13298
-1.0,50,1053.730811
-1.0,50,1054.297472
-3.0,50,1054.916775
-2.0,50,1055.577248
-3.0,50,1056.172822
-1.0,50,1056.780401
0.0,50,1057.324142
-2.0,50,1057.872603
-3.0,50,1058.467744
-1.0,50,1059.076886
-2.0,50,1059.697873
-2.0,50,1060.291398
-2.0,50,1060.865893
-1.0,50,1061.442091
-2.0,50,1062.012703
0.0,50,1062.611811
-3.0,50,1063.192032
-2.0,50,1063.781473
-1.0,50,1064.348239
-1.0,50,1064.89794
-2.0,50,1065.514771
-2.0,50,1066.122529
-3.0,50,1066.696072
0.0,50,1067.229757
-2.0,50,1067.802287
-3.0,50,1068.353436
-2.0,50,1068.905156
-3.0,50,1069.437569
-2.0,50,1069.976904
0.0,50,1070.502298
0.0,50,1071.048067
-2.0,50,1071.571183
-2.0,50,1072.099435
-1.0,50,1072.623357
0.0,50,1073.340719
-2.0,50,1073.98836
-1.0,50,1074.614692
-2.0,50,1075.257217
0.0,50,1075.890327
-2.0,50,1076.506072
-2.0,50,1077.139382
-1.0,50,1077.796174
0.0,50,1078.461044
-1.0,50,1079.098233
0.0,50,1079.707932
-1.0,50,1080.38022
-3.0,50,1080.982865
0.0,50,1081.616839
-2.0,50,1082.319508
-2.0,50,1082.927302
-1.0,50,1083.581305
-2.0,50,1084.229279
-2.0,50,1084.834634
-1.0,50,1085.402945
-2.0,50,1085.964642
-1.0,50,1086.481689
-2.0,50,1087.114595
-3.0,50,1087.710766
-2.0,50,1088.262298
-1.0,50,1088.873573
-3.0,50,1089.587458
-1.0,50,1090.152895
-2.0,50,1090.721086
0.0,50,1091.296205
-1.0,50,1091.925789
0.0,50,1092.526785
-2.0,50,1093.106597
-1.0,50,1093.627944
-1.0,50,1094.172516
-1.0,50,1094.711589
-1.0,50,1095.235107
0.0,50,1095.736686
-1.0,50,1096.21416
-3.0,50,1096.635093
0.0,50,1097.127496
-2.0,50,1097.608704
-2.0,50,1098.103112
-1.0,50,1098.578104
-3.0,50,1099.058186
0.0,50,1099.606951
-3.0,50,1100.176277
-2.0,50,1100.818533
-3.0,50,1101.450014
-2.0,50,1102.021874
-1.0,50,1102.539864
-3.0,50,1103.154917
-2.0,50,1103.775956
-2.0,50,1104.411879
-2.0,50,1105.000288
0.0,50,1105.587111
-2.0,50,1106.213478
0.0,50,1106.986658
-2.0,50,1107.649229
-2.0,50,1108.307181
-2.0,50,1108.966589
-3.0,50,1109.577527
-1.0,50,1110.184729
-1.0,50,1110.771788
-1.0,50,1111.355164
0.0,50,1111.938873
-2.0,50,1112.524358
-3.0,50,1113.11871
-2.0,50,1113.693657
-2.0,50,1114.29408
0.0,50,1114.881153
-3.0,50,1115.478421
-2.0,50,1116.070975
0.0,50,1116.658526
-2.0,50,1117.249361
-2.0,50,1117.849581
-2.0,50,1118.437061
-2.0,50,1119.054535
-2.0,50,1119.632895
-1.0,50,1120.260798
0.0,50,1120.82731
-1.0,50,1121.478646
-2.0,50,1122.092469
-3.0,50,1122.69049
-1.0,50,1123.315006
-2.0,50,1123.923467
-3.0,50,1124.519953
-2.0,50,1125.135445
-1.0,50,1125.759811
-2.0,50,1126.377609
-1.0,50,1126.998857
-2.0,50,1127.643368
-2.0,50,1128.270368
-2.0,50,1128.895879
-2.0,50,1129.492877
-1.0,50,1130.108387
-2.0,50,1130.717386
-1.0,50,1131.284898
-2.0,50,1131.856896
-2.0,50,1132.485404
-2.0,50,1134.783687
-2.0,50,1135.400981
-2.0,50,1136.089427
-1.0,50,1136.666938
-2.0,50,1137.251937
-3.0,50,1137.879455
-3.0,50,1138.484454
-2.0,50,1139.079471
-3.0,50,1139.663627
-1.0,50,1140.246483
-3.0,50,1140.823327
-2.0,50,1141.391813
-3.0,50,1141.974333
-3.0,50,1142.574583
-2.0,50,1143.191642
-2.0,50,1143.859577
-2.0,50,1144.538339
0.0,50,1145.210035
0.0,50,1145.861331
-2.0,50,1146.47176
-1.0,50,1147.075446
-2.0,50,1147.693561
-3.0,50,1148.290325
-2.0,50,1148.970819
-1.0,50,1149.640217
-3.0,50,1150.284811
-2.0,50,1150.918513
0.0,50,1151.517035
-2.0,50,1152.147748
-2.0,50,1152.725368
-3.0,50,1153.300871
-2.0,50,1153.901734
-2.0,50,1154.48826
-1.0,50,1155.055574
-3.0,50,1155.604546
-2.0,50,1156.210527
-3.0,50,1156.823236
-2.0,50,1157.501999
-1.0,50,1158.212432
-3.0,50,1158.912091
-1.0,50,1159.616926
-1.0,50,1160.334747
-2.0,50,1161.032218
0.0,50,1161.744382
-1.0,50,1162.367141
-2.0,50,1162.874346
-3.0,50,1163.409943
0.0,50,1163.98168
-1.0,50,1164.579708
-2.0,50,1165.151746
-1.0,50,1165.691749
-2.0,50,1166.269855
-1.0,50,1166.927332
-1.0,50,1167.570324
-2.0,50,1168.183536
-1.0,50,1168.777945
-2.0,50,1169.385245
-1.0,50,1170.024386
-2.0,50,1170.676385
0.0,50,1171.257896
-1.0,50,1171.857899
-2.0,50,1172.55458
-1.0,50,1173.210574
-2.0,50,1173.868087
-3.0,50,1174.519945
-2.0,50,1175.127938
0.0,50,1175.757188
-2.0,50,1176.377927
-2.0,50,1176.959487
-2.0,50,1177.572368
0.0,50,1178.175635
-1.0,50,1178.798784
-2.0,50,1179.452997
-1.0,50,1180.101596
-2.0,50,1180.710541
-2.0,50,1181.336517
-2.0,50,1181.948733
-3.0,50,1182.549567
-1.0,50,1183.147481
-2.0,50,1183.764637
-2.0,50,1184.372391
-3.0,50,1184.933814
-1.0,50,1185.525218
-2.0,50,1186.117878
-2.0,50,1186.727794
0.0,50,1187.308356
-2.0,50,1187.908665
0.0,50,1188.514651
-1.0,50,1189.118608
-2.0,50,1189.688608
-2.0,50,1190.257186
-2.0,50,1190.818992
-1.0,50,1191.401637
-2.0,50,1192.005352
-2.0,50,1192.619437
-3.0,50,1193.235503
-2.0,50,1193.832886
-1.0,50,1194.478615
-2.0,50,1195.136614
-3.0,50,1195.715179
-2.0,50,1196.358134
-2.0,50,1197.025526
-1.0,50,1197.634527
-2.0,50,1198.282548
-2.0,50,1198.928435
0.0,50,1199.543947
-3.0,50,1200.203254
-2.0,50,1200.801902
-2.0,50,1201.418417
-1.0,50,1202.012416
-3.0,50,1202.602925
-2.0,50,1203.189923
-2.0,50,1203.785434
0.0,50,1204.385433
-3.0,50,1205.003946
-1.0,50,1205.617945
-1.0,50,1206.216456
-2.0,50,1206.810822
-2.0,50,1207.432519
-3.0,50,1208.109737
-1.0,50,1208.743831
0.0,50,1209.368792
-2.0,50,1209.939739
-2.0,50,1210.503924
-2.0,50,1211.078731
-3.0,50,1211.656602
-2.0,50,1212.233338
-2.0,50,1212.763593
-1.0,50,1213.37306
-2.0,50,1213.925547
-1.0,50,1214.499931
-2.0,50,1215.029915
-2.0,50,1215.572981
-3.0,50,1216.116619
0.0,50,1216.651903
-1.0,50,1217.189225
-2.0,50,1217.73356
-2.0,50,1218.338428
-3.0,50,1218.9691
-3.0,50,1219.637195
-2.0,50,1220.330551
0.0,50,1220.968255
-2.0,50,1221.606769
-3.0,50,1222.281279
0.0,50,1222.935279
-2.0,50,1223.559789
-2.0,50,1224.214791
-2.0,50,1224.842299
-3.0,50,1225.453448
-2.0,50,1226.044957
-1.0,50,1226.640198
-1.0,50,1227.261708
-2.0,50,1227.861707
-1.0,50,1228.462218
-1.0,50,1229.070218
-2.0,50,1229.674733
-3.0,50,1230.305736
-2.0,50,1230.9308
-2.0,50,1231.55331
-4.0,50,1232.150362
-3.0,50,1232.771775
-1.0,50,1233.314602
-1.0,50,1233.857315
-2.0,50,1234.426578
-3.0,50,1234.9957
0.0,50,1235.495652
-1.0,50,1236.014281
-3.0,50,1236.556164
-2.0,50,1237.105769
-2.0,50,1237.573693
0.0,50,1238.023505
-1.0,50,1238.460738
-2.0,50,1238.91408
-2.0,50,1239.351291
-2.0,50,1239.808388
-1.0,50,1240.333912
-3.0,50,1240.923086
-2.0,50,1241.517261
-1.0,50,1242.089073
-1.0,50,1242.671157
0.0,50,1243.369569
-3.0,50,1244.026321
-2.0,50,1244.592007
-2.0,50,1245.18124
-2.0,50,1245.774747
-2.0,50,1246.359812
-1.0,50,1246.932324
-2.0,50,1247.50039
-1.0,50,1248.077366
0.0,50,1248.667403
-1.0,50,1249.260403
-2.0,50,1249.8524
-3.0,50,1250.429652
-1.0,50,1251.002017
0.0,50,1251.581526
-3.0,50,1252.193466
-2.0,50,1252.790976
0.0,50,1253.374005
-2.0,50,1253.958221
0.0,50,1254.52122
-2.0,50,1256.75854
-1.0,50,1257.353049
-2.0,50,1257.921048
-1.0,50,1258.506559
-3.0,50,1259.092558
-3.0,50,1259.670066
0.0,50,1260.236066
-1.0,50,1260.817576
-2.0,50,1261.403575
-2.0,50,1261.967084
-1.0,50,1262.541677
-1.0,50,1263.09135
-3.0,50,1263.658045
0.0,50,1264.227058
-2.0,50,1264.796188
-2.0,50,1265.376062
-2.0,50,1265.999134
-2.0,50,1266.622642
-1.0,50,1267.211642
-2.0,50,1267.795153
-1.0,50,1268.39415
-1.0,50,1268.98766
0.0,50,1269.56266
-2.0,50,1270.181171
-3.0,50,1270.763733
-1.0,50,1271.338912
-2.0,50,1271.899821
-1.0,50,1272.474787
-1.0,50,1273.056786
-2.0,50,1273.622295
-2.0,50,1274.187295
-1.0,50,1274.763805
-2.0,50,1275.359805
-1.0,50,1275.942315
-2.0,50,1276.527315
-3.0,50,1277.113823
-2.0,50,1277.665823
-2.0,50,1278.223338
-1.0,50,1278.812881
-2.0,50,1279.40563
-2.0,50,1280.004546
-1.0,50,1280.605931
-2.0,50,1281.191189
-2.0,50,1281.803697
-3.0,50,1282.366204
-2.0,50,1282.950116
-2.0,50,1283.531261
0.0,50,1284.092586
-1.0,50,1284.65715
-1.0,50,1285.240328
-2.0,50,1285.816838
-2.0,50,1286.40784
-3.0,50,1287.029474
-3.0,50,1287.619911
0.0,50,1288.223098
-1.0,50,1288.819153
-2.0,50,1289.419145
-2.0,50,1289.995239
0.0,50,1290.600147
-2.0,50,1291.181286
-2.0,50,1291.792394
-3.0,50,1292.358689
-3.0,50,1292.956708
-2.0,50,1293.536709
-2.0,50,1294.129709
0.0,50,1294.714093
-3.0,50,1295.308984
-2.0,50,1295.79398
-3.0,50,1296.30749
-1.0,50,1296.83149
0.0,50,1297.32949
-2.0,50,1297.811998
-1.0,50,1298.315998
-1.0,50,1298.803659
-1.0,50,1299.342659
-1.0,50,1299.945169
-2.0,50,1300.529169
-1.0,50,1301.105678
0.0,50,1301.709679
-4.0,50,1302.30519
-2.0,50,1302.909188
-2.0,50,1303.504958
-2.0,50,1304.067956
-1.0,50,1304.658464
-2.0,50,1305.257464
-2.0,50,1305.844974
-1.0,50,1306.434975
-1.0,50,1307.030059
-2.0,50,1307.593358
-2.0,50,1308.167868
-2.0,50,1308.746866
0.0,50,1309.309375
-2.0,50,1309.87265
-2.0,50,1310.436522
0.0,50,1310.996848
-3.0,50,1311.566568
-1.0,50,1312.139341
-2.0,50,1312.712037
-1.0,50,1313.275561
-2.0,50,1313.855239
-1.0,50,1314.44276
-1.0,50,1315.018335
-2.0,50,1315.597854
-2.0,50,1316.177595
-1.0,50,1316.763595
-1.0,50,1317.329884
0.0,50,1318.004376
-2.0,50,1318.669869
-2.0,50,1319.224063
-3.0,50,1319.771475
-2.0,50,1320.362245
-1.0,50,1320.884519
-2.0,50,1321.388052
-1.0,50,1322.002797
-3.0,50,1322.589624
-2.0,50,1323.236981
-1.0,50,1323.860837
-3.0,50,1324.455346
-3.0,50,1325.089858
0.0,50,1325.671615
-2.0,50,1326.236315
0.0,50,1326.790468
-1.0,50,1327.33986
-2.0,50,1327.911897
-2.0,50,1328.488638
-2.0,50,1329.061824
-2.0,50,1329.624825
-3.0,50,1330.194332
-2.0,50,1330.769454
0.0,50,1331.349965
-2.0,50,1331.893964
-1.0,50,1332.457473
-3.0,50,1333.035294
-2.0,50,1333.586004
-2.0,50,1334.151864
-2.0,50,1334.713374
-2.0,50,1335.285372
-1.0,50,1335.847813
0.0,50,1336.420812
-2.0,50,1337.004512
-1.0,50,1337.581725
-1.0,50,1338.170988
-2.0,50,1338.76065
-2.0,50,1339.399387
-2.0,50,1340.000387
-1.0,50,1340.611898
-1.0,50,1341.2009
-2.0,50,1341.780536
-1.0,50,1342.386823
-2.0,50,1342.967417
-1.0,50,1343.551925
-2.0,50,1344.11623
-1.0,50,1344.669312
-1.0,50,1345.238681
-1.0,50,1345.827038
-2.0,50,1346.4306
-2.0,50,1347.025966
-3.0,50,1347.651546
-3.0,50,1348.264902
0.0,50,1348.973001
-3.0,50,1349.651148
-1.0,50,1350.330206
-2.0,50,1350.987715
-2.0,50,1351.631439
-2.0,50,1352.271388
-2.0,50,1352.878772
-3.0,50,1353.478455
-2.0,50,1354.06065
-2.0,50,1354.675667
-1.0,50,1355.272254
-2.0,50,1355.891276
-2.0,50,1356.490782
-2.0,50,1357.118191
-1.0,50,1357.747488
-3.0,50,1358.329355
-2.0,50,1358.908138
-1.0,50,1359.494778
0.0,50,1360.105412
-2.0,50,1360.688519
0.0,50,1361.250761
0.0,50,1361.763111
-2.0,50,1362.264028
-2.0,50,1362.802173
-1.0,50,1363.294144
-2.0,50,1363.800955
-1.0,50,1364.284045
-1.0,50,1364.815381
-2.0,50,1365.382278
-3.0,50,1365.998438
-4.0,50,1366.579695
-3.0,50,1367.17982
-1.0,50,1367.798515
0.0,50,1368.404799
-3.0,50,1368.998319
-2.0,50,1369.570309
-2.0,50,1370.178024
-2.0,50,1370.772892
-2.0,50,1371.364103
-3.0,50,1371.952696
-1.0,50,1372.531638
0.0,50,1374.876454
-1.0,50,1375.459064
-1.0,50,1376.059303
-4.0,50,1376.654021
-2.0,50,1377.250143
-2.0,50,1377.84603
-3.0,50,1378.425271
-2.0,50,1378.997006
-1.0,50,1379.566337
-2.0,50,1380.123603
0.0,50,1380.667001
-3.0,50,1381.246824
-1.0,50,1381.810736
-2.0,50,1382.380464
-2.0,50,1382.95351
-1.0,50,1383.509334
-2.0,50,1384.07705
-2.0,50,1384.652819
-2.0,50,1385.226759
-2.0,50,1385.826933
-1.0,50,1386.422294
-2.0,50,1386.996162
-2.0,50,1387.575075
0.0,50,1388.151343
0.0,50,1388.734175
-3.0,50,1389.300519
-2.0,50,1389.869381
-2.0,50,1390.451489
-3.0,50,1391.034851
-1.0,50,1391.605106
-1.0,50,1392.192435
-2.0,50,1392.785579
-1.0,50,1393.353437
-2.0,50,1393.933443
-1.0,50,1394.516353
-3.0,50,1395.124895
0.0,50,1395.709192
-2.0,50,1396.318725
-3.0,50,1396.904692
-2.0,50,1397.463087
-1.0,50,1398.071617
0.0,50,1398.652817
-2.0,50,1399.237595
0.0,50,1399.815251
-2.0,50,1400.392465
-2.0,50,1400.964853
-3.0,50,1401.536977
-2.0,50,1402.129313
-2.0,50,1402.723687
-2.0,50,1403.312387
-3.0,50,1403.892842
-2.0,50,1404.463665
0.0,50,1405.058352
-1.0,50,1405.621537
-3.0,50,1406.26047
-2.0,50,1406.833303
-2.0,50,1407.414756
-2.0,50,1407.973318
-3.0,50,1408.542726
-1.0,50,1409.160202
-2.0,50,1409.803885
-2.0,50,1410.414924
-2.0,50,1411.02288
-1.0,50,1411.605598
-2.0,50,1412.235205
-2.0,50,1412.822873
-3.0,50,1413.432782
-2.0,50,1414.03643
-2.0,50,1414.613839
-2.0,50,1415.221233
-2.0,50,1415.812479
-2.0,50,1416.406586
0.0,50,1416.974141
-2.0,50,1417.547191
-2.0,50,1418.118737
-2.0,50,1418.692819
-1.0,50,1419.274622
-1.0,50,1419.832877
0.0,50,1420.422011
-2.0,50,1420.996462
-2.0,50,1421.599446
-2.0,50,1422.197679
-2.0,50,1422.778665
0.0,50,1423.368512
-2.0,50,1423.979053
-3.0,50,1424.557319
-2.0,50,1425.171254
-1.0,50,1425.7843
0.0,50,1426.395212
-2.0,50,1426.951102
-1.0,50,1427.531564
-2.0,50,1428.183825
-2.0,50,1428.755206
-1.0,50,1429.262684
-2.0,50,1429.74683
0.0,50,1430.313727
-2.0,50,1430.972214
-1.0,50,1431.607273
-1.0,50,1432.222053
-2.0,50,1432.863209
-1.0,50,1433.460126
-2.0,50,1434.014837
-2.0,50,1434.593757
-3.0,50,1435.226822
-3.0,50,1435.817317
-2.0,50,1436.402226
0.0,50,1436.957685
0.0,50,1437.539127
-2.0,50,1438.152486
0.0,50,1438.880995
-3.0,50,1439.5298
-2.0,50,1440.192653
0.0,50,1440.836335
-1.0,50,1441.466744
-2.0,50,1442.09461
-2.0,50,1442.679712
-2.0,50,1443.319092
-1.0,50,1443.999536
-2.0,50,1444.638769
-2.0,50,1445.269011
0.0,50,1445.889048
-3.0,50,1446.528212
-2.0,50,1447.173565
-2.0,50,1447.834877
-2.0,50,1448.490449
-2.0,50,1449.096816
-3.0,50,1449.71435
-2.0,50,1450.338858
-3.0,50,1450.967682
-2.0,50,1451.564852
0.0,50,1452.143756
-1.0,50,1452.732998
-2.0,50,1453.323825
-9.0,50,1453.910882
-2.0,50,1454.535192
-2.0,50,1455.147748
0.0,50,1455.767888
-1.0,50,1456.38448
-2.0,50,1457.019951
-1.0,50,1457.648596
-3.0,50,1458.272741
-2.0,50,1458.888224
0.0,50,1459.504168
-1.0,50,1460.109323
-2.0,50,1460.717297
-2.0,50,1461.34703
-2.0,50,1461.977476
-2.0,50,1462.576961
-1.0,50,1463.191294
0.0,50,1463.798548
-2.0,50,1464.429347
-2.0,50,1465.043358
0.0,50,1465.657853
-3.0,50,1466.269741
-2.0,50,1466.905468
-2.0,50,1467.524145
-2.0,50,1468.129688
-1.0,50,1468.717394
-1.0,50,1469.327188
-3.0,50,1469.946223
-2.0,50,1470.560924
-1.0,50,1471.152966
-1.0,50,1471.744083
-1.0,50,1472.337922
-2.0,50,1472.960189
-3.0,50,1473.560727
-2.0,50,1474.154887
-1.0,50,1474.736693
-3.0,50,1475.348345
-2.0,50,1475.934117
-2.0,50,1476.5297
-3.0,50,1477.140805
-2.0,50,1477.756321
-2.0,50,1478.375513
-2.0,50,1478.969898
-2.0,50,1479.570252
-1.0,50,1480.184203
-3.0,50,1480.817374
-1.0,50,1481.455232
-1.0,50,1482.071298
-1.0,50,1482.695276
-2.0,50,1483.304681
-3.0,50,1483.921287
-2.0,50,1484.551332
-2.0,50,1485.208914
0.0,50,1485.79078
0.0,50,1486.381347
0.0,50,1486.986569
-1.0,50,1487.598958
-2.0,50,1488.213605
-3.0,50,1488.800827
-3.0,50,1489.405667
-3.0,50,1490.029731
-2.0,50,1490.661401
-1.0,50,1491.262699
-2.0,50,1491.882671
-3.0,50,1492.482579
-2.0,50,1493.061711
0.0,50,1493.624322
-1.0,50,1494.200667
-1.0,50,1496.129164
-2.0,50,1496.660449
-1.0,50,1497.142147
-1.0,50,1497.668544
-1.0,50,1498.304858
-1.0,50,1498.924888
-2.0,50,1499.572294
-2.0,50,1500.186596
-3.0,50,1500.793828
-2.0,50,1501.459473
-3.0,50,1502.03494
-1.0,50,1502.617598
-2.0,50,1503.273203
0.0,50,1503.854559
-3.0,50,1504.457336
-3.0,50,1505.046472
0.0,50,1505.658778
-2.0,50,1506.274817
-3.0,50,1506.912728
-1.0,50,1507.508979
-2.0,50,1508.10989
0.0,50,1508.711349
-2.0,50,1509.307882
-1.0,50,1509.905092
-2.0,50,1510.523139
-1.0,50,1511.099153
-2.0,50,1511.719528
-1.0,50,1512.299449
-3.0,50,1512.88105
-2.0,50,1513.481301
-1.0,50,1514.065212
-2.0,50,1514.699383
0.0,50,1515.301416
-3.0,50,1515.925596
-2.0,50,1516.540022
0.0,50,1517.153675
-1.0,50,1517.748966
-1.0,50,1518.367219
-3.0,50,1518.962544
-1.0,50,1519.558182
-1.0,50,1520.178325
0.0,50,1520.772347
-3.0,50,1521.366865
-2.0,50,1521.923632
0.0,50,1522.516457
-2.0,50,1523.089745
-2.0,50,1523.651353
-3.0,50,1524.235921
-2.0,50,1524.824009
-3.0,50,1525.435051
-2.0,50,1526.014783
-3.0,50,1526.615947
-3.0,50,1527.210392
-2.0,50,1527.818614
-2.0,50,1528.449241
-1.0,50,1529.061736
-2.0,50,1529.708149
-1.0,50,1530.304048
-2.0,50,1530.920139
-1.0,50,1531.543327
-1.0,50,1532.15208
0.0,50,1532.746368
-2.0,50,1533.343749
-1.0,50,1533.950913
-3.0,50,1534.574861
-1.0,50,1535.15801
-1.0,50,1535.753673
-1.0,50,1536.348732
-2.0,50,1536.959874
-2.0,50,1537.579352
-1.0,50,1538.175325
-1.0,50,1538.785239
-2.0,50,1539.402577
-3.0,50,1539.979473
-2.0,50,1540.58028
-3.0,50,1541.259702
0.0,50,1541.87238
-2.0,50,1542.47767
-1.0,50,1543.064261
-2.0,50,1543.690402
-1.0,50,1544.320698
-2.0,50,1545.024189
-2.0,50,1545.646403
-1.0,50,1546.2605
-2.0,50,1546.904474
-2.0,50,1547.518738
-2.0,50,1548.112537
-2.0,50,1548.712132
0.0,50,1549.290278
-2.0,50,1549.874607
-2.0,50,1550.447734
-1.0,50,1551.044734
-1.0,50,1551.657709
-2.0,50,1552.265728
-2.0,50,1552.901391
-1.0,50,1553.528145
-3.0,50,1554.124198
-2.0,50,1554.694311
-1.0,50,1555.28191
0.0,50,1555.889415
0.0,50,1556.531199
-2.0,50,1557.109913
-2.0,50,1557.688434
-1.0,50,1558.268946
-1.0,50,1558.851852
-2.0,50,1559.441266
-2.0,50,1559.9814
-2.0,50,1560.461672
-1.0,50,1560.96522
-2.0,50,1561.458333
-2.0,50,1561.964071
-1.0,50,1562.443015
-3.0,50,1562.972955
-3.0,50,1563.498487
-1.0,50,1564.059455
-2.0,50,1564.656101
-2.0,50,1565.26478
-2.0,50,1565.859106
-2.0,50,1566.432635
-2.0,50,1567.007087
-8.0,50,1567.578295
-2.0,50,1568.158933
-2.0,50,1568.749684
-1.0,50,1569.374742
0.0,50,1569.974818
-2.0,50,1570.600411
-3.0,50,1571.20442
-2.0,50,1571.845429
-1.0,50,1572.538083
-1.0,50,1573.152517
0.0,50,1573.738894
0.0,50,1574.357315
-1.0,50,1574.976609
-2.0,50,1575.575825
-2.0,50,1576.206451
-1.0,50,1576.843061
-2.0,50,1577.516376
0.0,50,1578.121307
-3.0,50,1578.728067
-2.0,50,1579.333527
-3.0,50,1579.935999
-2.0,50,1580.570572
-1.0,50,1581.186985
-2.0,50,1581.833184
0.0,50,1582.519183
-1.0,50,1583.203848
0.0,50,1583.921089
-1.0,50,1584.582553
-1.0,50,1585.231126
0.0,50,1585.869417
-3.0,50,1586.486406
0.0,50,1587.112691
-2.0,50,1587.813721
-3.0,50,1588.418001
-3.0,50,1589.044409
-2.0,50,1589.682502
-3.0,50,1590.331877
-3.0,50,1590.939319
-2.0,50,1591.558076
-2.0,50,1592.165828
-1.0,50,1592.776785
0.0,50,1593.404082
-2.0,50,1594.060553
-3.0,50,1594.671231
-2.0,50,1595.252094
0.0,50,1595.845095
-1.0,50,1596.458693
-1.0,50,1597.066804
-1.0,50,1597.695874
-3.0,50,1598.30405
-2.0,50,1598.901692
-2.0,50,1599.547929
-1.0,50,1600.187807
-2.0,50,1600.779927
-2.0,50,1601.380867
-2.0,50,1602.00549
-2.0,50,1602.632885
-1.0,50,1603.23811
-2.0,50,1603.839936
-3.0,50,1604.456486
-1.0,50,1605.135263
-1.0,50,1605.800777
-1.0,50,1606.497366
-3.0,50,1607.146787
-2.0,50,1607.807184
-2.0,50,1608.505999
-2.0,50,1609.180492
-1.0,50,1609.836789
-2.0,50,1610.464126
-2.0,50,1611.085697
-1.0,50,1611.681993
-1.0,50,1612.290987
-1.0,50,1612.91344
-1.0,50,1613.561438
-2.0,50,1614.185722
-3.0,50,1614.786555
-2.0,50,1615.463978
-1.0,50,1616.160413
-2.0,50,1616.841001
0.0,50,1617.41288
-2.0,50,1619.807327
-3.0,50,1620.389283
-2.0,50,1620.981157
-2.0,50,1621.630761
-1.0,50,1622.274219
-1.0,50,1622.916791
-2.0,50,1623.544261
-2.0,50,1624.1732
-2.0,50,1624.824516
-1.0,50,1625.445707
-2.0,50,1626.072887
-2.0,50,1626.738057
-2.0,50,1627.38993
0.0,50,1628.015233
-2.0,50,1628.49902
-2.0,50,1629.036068
-1.0,50,1629.555804
-2.0,50,1630.045944
-1.0,50,1630.514176
-1.0,50,1631.010744
-3.0,50,1631.615764
0.0,50,1632.236763
-2.0,50,1632.854904
-1.0,50,1633.464777
-1.0,50,1634.107075
0.0,50,1634.710464
-1.0,50,1635.318088
-1.0,50,1635.933587
-2.0,50,1636.555852
-2.0,50,1637.169718
-1.0,50,1637.784277
-2.0,50,1638.380994
-2.0,50,1639.003328
-2.0,50,1639.617145
0.0,50,1640.211674
-1.0,50,1640.808116
-3.0,50,1641.401112
0.0,50,1642.02634
-3.0,50,1642.61289
-2.0,50,1643.211353
-2.0,50,1643.814494
-2.0,50,1644.405513
-1.0,50,1644.995632
0.0,50,1645.602693
-2.0,50,1646.238724
-2.0,50,1646.876878
-2.0,50,1647.480018
0.0,50,1648.102814
-2.0,50,1648.755942
-2.0,50,1649.390037
-2.0,50,1650.012719
-1.0,50,1650.592165
-2.0,50,1651.236117
-2.0,50,1651.866522
-1.0,50,1652.489662
-1.0,50,1653.08392
-1.0,50,1653.673495
-2.0,50,1654.275499
-1.0,50,1654.86812
-2.0,50,1655.456312
-2.0,50,1656.073359
-2.0,50,1656.661521
-3.0,50,1657.245633
-1.0,50,1657.833082
-2.0,50,1658.461566
-2.0,50,1659.060805
-1.0,50,1659.656657
-2.0,50,1660.245452
-2.0,50,1660.844145
-2.0,50,1661.441317
-2.0,50,1662.05859
-1.0,50,1662.675269
-2.0,50,1663.261968
-3.0,50,1663.853184
-1.0,50,1664.408437
-2.0,50,1664.969322
-2.0,50,1665.530655
-2.0,50,1666.03801
-2.0,50,1666.537639
-2.0,50,1667.029365
-2.0,50,1667.612205
-2.0,50,1668.162335
-3.0,50,1668.663657
-2.0,50,1669.164521
-2.0,50,1669.711082
-1.0,50,1670.307337
-2.0,50,1670.870102
-2.0,50,1671.368843
-3.0,50,1671.893806
-1.0,50,1672.392103
-2.0,50,1672.95921
-2.0,50,1673.475248
0.0,50,1673.985857
-2.0,50,1674.506083
-3.0,50,1675.096048
-3.0,50,1675.611879
-1.0,50,1676.107798
-1.0,50,1676.605407
0.0,50,1677.107594
-2.0,50,1677.594657
-1.0,50,1678.163506
-3.0,50,1678.66332
-1.0,50,1679.17134
-2.0,50,1679.663506
0.0,50,1680.17196
-2.0,50,1680.673186
-1.0,50,1681.249398
-1.0,50,1681.811804
-2.0,50,1682.322113
-2.0,50,1682.944323
-3.0,50,1683.494435
-3.0,50,1684.007437
-3.0,50,1684.548386
-9.0,50,1685.085753
-2.0,50,1685.608138
-1.0,50,1686.131054
-3.0,50,1686.656622
-1.0,50,1687.213438
-1.0,50,1687.716845
-1.0,50,1688.278334
-3.0,50,1688.799495
-1.0,50,1689.289453
-3.0,50,1689.819074
-2.0,50,1690.401139
0.0,50,1690.947438
0.0,50,1691.431759
-2.0,50,1691.936803
-3.0,50,1692.351298
-2.0,50,1692.786292
-1.0,50,1693.245732
-2.0,50,1693.707778
-2.0,50,1694.169694
0.0,50,1694.76689
-2.0,50,1695.333359
-3.0,50,1695.936644
-2.0,50,1696.573094
-2.0,50,1697.203141
-2.0,50,1697.821085
-2.0,50,1698.497913
-2.0,50,1699.157052
-2.0,50,1699.754567
-2.0,50,1700.343037
-1.0,50,1700.898972
-1.0,50,1701.398488
-2.0,50,1701.906542
-3.0,50,1702.459279
-4.0,50,1703.033592
-1.0,50,1703.565783
0.0,50,1704.077748
-2.0,50,1704.603502
-3.0,50,1705.104859
-2.0,50,1705.604179
0.0,50,1706.114216
-2.0,50,1706.646299
-1.0,50,1707.227904
0.0,50,1707.812361
-1.0,50,1708.32163
-2.0,50,1708.885011
-2.0,50,1709.386257
-3.0,50,1709.900976
-3.0,50,1710.46329
-1.0,50,1710.967818
-3.0,50,1711.465193
-1.0,50,1711.955434
-3.0,50,1712.44702
-1.0,50,1712.978872
-1.0,50,1713.540845
-2.0,50,1714.094193
-1.0,50,1714.593517
-2.0,50,1715.096425
-1.0,50,1715.590266
-2.0,50,1716.178891
-2.0,50,1716.71949
-1.0,50,1717.227379
-2.0,50,1717.75174
-2.0,50,1718.306817
-1.0,50,1718.90801
-1.0,50,1719.447031
-1.0,50,1719.989856
-2.0,50,1720.525262
-2.0,50,1721.09245
-2.0,50,1721.673226
-2.0,50,1722.26874
-2.0,50,1722.856451
-2.0,50,1723.477112
0.0,50,1724.0157
-2.0,50,1724.522429
-2.0,50,1725.071318
-3.0,50,1725.626056
0.0,50,1726.131717
-3.0,50,1726.641796
-3.0,50,1727.136854
-1.0,50,1727.65488
0.0,50,1728.243125
-2.0,50,1728.790062
-3.0,50,1729.335243
-3.0,50,1729.865373
-3.0,50,1730.398717
0.0,50,1731.007095
-2.0,50,1731.615157
-2.0,50,1733.8403
-3.0,50,1734.397442
0.0,50,1734.918359
-1.0,50,1735.423732
0.0,50,1735.939421
0.0,50,1736.51168
-2.0,50,1737.111594
-2.0,50,1737.713063
-2.0,50,1738.313794
-2.0,50,1738.914892
-2.0,50,1739.537725
-2.0,50,1740.126474
-1.0,50,1740.726457
-2.0,50,1741.327119
-2.0,50,1741.958755
0.0,50,1742.594869
-2.0,50,1743.229842
-1.0,50,1743.846774
0.0,50,1744.495883
-1.0,50,1745.13422
-2.0,50,1745.762221
-2.0,50,1746.378198
-2.0,50,1746.97455
-2.0,50,1747.580159
-3.0,50,1748.189197
-3.0,50,1748.792406
-1.0,50,1749.452892
-1.0,50,1750.03591
-2.0,50,1750.642225
-1.0,50,1751.244283
-2.0,50,1751.840069
-2.0,50,1752.434633
-2.0,50,1753.051387
-2.0,50,1753.66818
-1.0,50,1754.279631
-2.0,50,1754.922167
-1.0,50,1755.53013
-3.0,50,1756.08843
-2.0,50,1756.564506
-2.0,50,1757.020793
-1.0,50,1757.510474
-2.0,50,1757.983211
-3.0,50,1758.456397
-1.0,50,1758.993553
0.0,50,1759.583951
-2.0,50,1760.183755
-2.0,50,1760.768319
0.0,50,1761.329824
-3.0,50,1761.895661
-1.0,50,1762.471095
-3.0,50,1763.039503
-1.0,50,1763.625179
-1.0,50,1764.19986
-3.0,50,1764.845268
-2.0,50,1765.482128
-1.0,50,1766.125513
-2.0,50,1766.734377
-2.0,50,1767.356323
-2.0,50,1767.991878
-3.0,50,1768.604439
-2.0,50,1769.264188
-2.0,50,1769.899578
-1.0,50,1770.578245
0.0,50,1771.143844
-1.0,50,1771.738465
-2.0,50,1772.324114
-2.0,50,1772.903812
-2.0,50,1773.481992
-1.0,50,1774.073988
-3.0,50,1774.648827
-1.0,50,1775.263199
-1.0,50,1775.841408
-2.0,50,1776.43856
0.0,50,1777.010947
0.0,50,1777.591198
-2.0,50,1778.182919
0.0,50,1778.766276
-1.0,50,1779.374668
-3.0,50,1779.953759
-1.0,50,1780.585982
-3.0,50,1781.199815
-2.0,50,1781.793456
-2.0,50,1782.400857
-1.0,50,1782.983319
-3.0,50,1783.5941
-2.0,50,1784.182697
0.0,50,1784.774736
-2.0,50,1785.382879
-2.0,50,1785.983976
-3.0,50,1786.568285
-1.0,50,1787.132287
-2.0,50,1787.731222
-2.0,50,1788.318994
-2.0,50,1788.957399
-2.0,50,1789.589445
-3.0,50,1790.240176
-2.0,50,1790.917406
-2.0,50,1791.528444
-2.0,50,1792.165737
-2.0,50,1792.788957
0.0,50,1793.426592
-2.0,50,1794.063765
-1.0,50,1794.664592
-2.0,50,1795.252628
-2.0,50,1795.886182
-3.0,50,1796.472907
-2.0,50,1797.058983
0.0,50,1797.642113
-1.0,50,1798.266826
-2.0,50,1798.881152
-3.0,50,1799.509428
-2.0,50,1800.101213
-2.0,50,1800.756334
-2.0,50,1801.387516
-3.0,50,1802.000977
-2.0,50,1802.593147
-2.0,50,1803.228086
-1.0,50,1803.835896
-1.0,50,1804.418071
-2.0,50,1805.027047
-2.0,50,1805.621561
-3.0,50,1806.239596
-1.0,50,1806.805771
-1.0,50,1807.389408
-1.0,50,1807.970033
-2.0,50,1808.54964
-2.0,50,1809.118455
-3.0,50,1809.726993
0.0,50,1810.305965
0.0,50,1810.912969
0.0,50,1811.502889
-2.0,50,1812.084365
0.0,50,1812.694587
-3.0,50,1813.308375
-3.0,50,1813.926302
-3.0,50,1814.542065
-2.0,50,1815.160679
-2.0,50,1815.79834
-3.0,50,1816.474239
0.0,50,1817.071628
-3.0,50,1817.70591
0.0,50,1818.317236
-2.0,50,1818.893131
-1.0,50,1819.482709
-3.0,50,1820.079815
-1.0,50,1820.661107
-3.0,50,1821.263221
-2.0,50,1821.821318
-2.0,50,1822.298633
-1.0,50,1822.760614
-2.0,50,1823.228163
-2.0,50,1823.705053
-2.0,50,1824.179607
-2.0,50,1824.721609
-2.0,50,1825.335284
-2.0,50,1825.921499
-2.0,50,1826.573923
-3.0,50,1827.174653
-3.0,50,1827.781115
-3.0,50,1828.376209
-3.0,50,1828.981192
-2.0,50,1829.572079
-1.0,50,1830.175203
-3.0,50,1830.774387
-1.0,50,1831.386502
0.0,50,1831.995767
-1.0,50,1832.580903
-1.0,50,1833.153163
-1.0,50,1833.742489
-1.0,50,1834.356918
-2.0,50,1834.93551
-1.0,50,1835.541355
-3.0,50,1836.186166
-2.0,50,1836.855755
-2.0,50,1837.473374
0.0,50,1838.086842
0.0,50,1838.75563
-2.0,50,1839.38841
-1.0,50,1840.034051
-2.0,50,1840.664303
0.0,50,1841.30194
-1.0,50,1841.939194
-2.0,50,1842.537721
-2.0,50,1843.140437
-2.0,50,1843.747303
-1.0,50,1844.336921
-2.0,50,1844.944803
-1.0,50,1845.532254
-1.0,50,1846.141569
0.0,50,1846.75192
-1.0,50,1847.364506
-3.0,50,1847.971819
-3.0,50,1848.578148
-2.0,50,1849.212326
-2.0,50,1849.834348
0.0,50,1850.46515
-1.0,50,1851.084111
-1.0,50,1851.692313
-2.0,50,1852.320711
-2.0,50,1852.922669
-2.0,50,1855.253274
-2.0,50,1855.85564
0.0,50,1856.447679
-1.0,50,1857.05731
-2.0,50,1857.665536
-1.0,50,1858.230742
-2.0,50,1858.804507
-2.0,50,1859.395152
-1.0,50,1860.03985
-1.0,50,1860.676629
-3.0,50,1861.273741
0.0,50,1861.896961
-1.0,50,1862.541312
-1.0,50,1863.146302
0.0,50,1863.761789
-1.0,50,1864.375662
-2.0,50,1865.001303
-2.0,50,1865.595865
-2.0,50,1866.16691
0.0,50,1866.745123
-2.0,50,1867.364248
-1.0,50,1867.951986
-2.0,50,1868.538201
-1.0,50,1869.121554
-2.0,50,1869.706409
0.0,50,1870.303811
-1.0,50,1870.940191
-3.0,50,1871.556654
-3.0,50,1872.173046
-2.0,50,1872.785192
-1.0,50,1873.389778
-2.0,50,1873.987539
-2.0,50,1874.602566
-1.0,50,1875.22139
-2.0,50,1875.84252
-2.0,50,1876.443068
-2.0,50,1877.033926
-1.0,50,1877.634344
0.0,50,1878.218369
-2.0,50,1878.80142
-2.0,50,1879.384603
0.0,50,1879.980484
-2.0,50,1880.586235
-2.0,50,1881.171439
-2.0,50,1881.762064
-2.0,50,1882.326289
-3.0,50,1882.972123
-1.0,50,1883.620773
-1.0,50,1884.276265
-2.0,50,1884.916098
-1.0,50,1885.500625
-2.0,50,1886.137025
-2.0,50,1886.770841
-1.0,50,1887.378097
-1.0,50,1887.894745
-2.0,50,1888.371599
-3.0,50,1888.849511
-2.0,50,1889.301742
0.0,50,1889.76478
0.0,50,1890.237176
-3.0,50,1890.835704
-2.0,50,1891.423885
-2.0,50,1892.00987
-2.0,50,1892.600359
0.0,50,1893.233877
-2.0,50,1893.822849
-2.0,50,1894.420057
-2.0,50,1895.006409
-1.0,50,1895.615881
-3.0,50,1896.21317
-1.0,50,1896.802279
-2.0,50,1897.386601
-3.0,50,1898.008388
-1.0,50,1898.646705
-2.0,50,1899.28412
0.0,50,1899.88092
-1.0,50,1900.511846
-3.0,50,1901.084415
0.0,50,1901.676371
-2.0,50,1902.256646
-2.0,50,1902.846186
-3.0,50,1903.472252
0.0,50,1904.06765
-1.0,50,1904.652566
-1.0,50,1905.227093
0.0,50,1905.820685
-1.0,50,1906.396291
-2.0,50,1907.039485
0.0,50,1907.662989
-2.0,50,1908.337494
-1.0,50,1908.994763
0.0,50,1909.650694
-2.0,50,1910.29604
-3.0,50,1910.938765
-2.0,50,1911.57836
-2.0,50,1912.198289
-3.0,50,1912.822352
0.0,50,1913.427269
-3.0,50,1914.027805
-3.0,50,1914.603567
-2.0,50,1915.186028
-2.0,50,1915.772119
-3.0,50,1916.35936
-1.0,50,1916.934388
-2.0,50,1917.518023
-1.0,50,1918.113122
-1.0,50,1918.758172
-2.0,50,1919.351105
-2.0,50,1919.969265
-3.0,50,1920.566862
-1.0,50,1921.161308
-2.0,50,1921.760926
-3.0,50,1922.359103
-2.0,50,1922.941619
-2.0,50,1923.510404
-2.0,50,1924.135556
-1.0,50,1924.731031
-2.0,50,1925.294027
0.0,50,1925.872327
-2.0,50,1926.465564
-3.0,50,1927.064803
-1.0,50,1927.62806
-2.0,50,1928.199327
0.0,50,1928.804247
0.0,50,1929.392581
-2.0,50,1929.971118
-3.0,50,1930.604155
-1.0,50,1931.209991
-2.0,50,1931.851295
-1.0,50,1932.482381
-1.0,50,1933.118573
-1.0,50,1933.759388
-2.0,50,1934.413556
-3.0,50,1935.057661
-1.0,50,1935.686268
0.0,50,1936.311278
-2.0,50,1936.912924
-1.0,50,1937.495752
-3.0,50,1938.103372
-2.0,50,1938.707706
-2.0,50,1939.344976
-7.0,50,1939.937114
-1.0,50,1940.528319
-2.0,50,1941.151969
-3.0,50,1941.763201
0.0,50,1942.362445
-2.0,50,1942.985641
-1.0,50,1943.580514
0.0,50,1944.236
0.0,50,1944.846742
0.0,50,1945.442622
0.0,50,1946.07472
-3.0,50,1946.696503
-1.0,50,1947.335841
-1.0,50,1947.950188
-2.0,50,1948.558994
-1.0,50,1949.170473
-2.0,50,1949.807642
0.0,50,1950.400323
-2.0,50,1951.016743
-3.0,50,1951.6149
-2.0,50,1952.233241
-1.0,50,1952.834206
-2.0,50,1953.381324
-2.0,50,1953.872652
-2.0,50,1954.364655
-2.0,50,1954.857316
0.0,50,1955.330844
-2.0,50,1955.815606
-3.0,50,1956.359687
-1.0,50,1956.993094
-3.0,50,1957.63061
-2.0,50,1958.254308
-2.0,50,1958.866857
0.0,50,1959.490197
-3.0,50,1960.12324
-3.0,50,1960.714733
-2.0,50,1961.320287
-2.0,50,1961.898871
-2.0,50,1962.497112
0.0,50,1963.081816
-2.0,50,1963.665624
-1.0,50,1964.244935
-1.0,50,1964.883311
-1.0,50,1965.44469
-3.0,50,1965.999908
0.0,50,1966.595066
-1.0,50,1967.180484
-1.0,50,1967.763067
-3.0,50,1968.360099
-1.0,50,1968.939965
0.0,50,1969.484567
-2.0,50,1970.130413
-4.0,50,1970.761264
-3.0,50,1971.381578
-2.0,50,1971.944677
-1.0,50,1972.522265
0.0,50,1973.092583
0.0,50,1973.680266
0.0,50,1974.257519
-3.0,50,1976.437395
-1.0,50,1976.921023
0.0,50,1977.536453
-3.0,50,1978.160429
-2.0,50,1978.691474
-2.0,50,1979.21613
-2.0,50,1979.740751
-3.0,50,1980.370605
-1.0,50,1980.891839
-2.0,50,1981.43219
0.0,50,1981.994345
-2.0,50,1982.588221
-1.0,50,1983.199672
-2.0,50,1983.709698
-1.0,50,1984.218427
-3.0,50,1984.74561
-1.0,50,1985.292497
-2.0,50,1985.848252
-1.0,50,1986.352889
-2.0,50,1986.861644
-3.0,50,1987.381331
-2.0,50,1987.904316
0.0,50,1988.419033
-2.0,50,1989.013185
-2.0,50,1989.550627
-2.0,50,1990.096036
-2.0,50,1990.711268
0.0,50,1991.308225
-2.0,50,1991.837569
-2.0,50,1992.369801
-1.0,50,1992.889435
-1.0,50,1993.422946
-1.0,50,1993.991219
-1.0,50,1994.596747
-1.0,50,1995.137764
0.0,50,1995.661249
-1.0,50,1996.168842
-3.0,50,1996.678503
-2.0,50,1997.189525
-1.0,50,1997.694534
-2.0,50,1998.202506
-1.0,50,1998.699885
-1.0,50,1999.199968
-1.0,50,1999.735834
-2.0,50,2000.300389
-3.0,50,2000.901068
-2.0,50,2001.552432
-2.0,50,2002.187979
-1.0,50,2002.834081
-3.0,50,2003.473657
-3.0,50,2004.11126
0.0,50,2004.689107
-2.0,50,2005.270185
-1.0,50,2005.845705
-3.0,50,2006.469059
-2.0,50,2007.037651
-3.0,50,2007.632847
-1.0,50,2008.277031
-2.0,50,2008.983058
-2.0,50,2009.73978
-2.0,50,2010.517653
-3.0,50,2011.276865
-2.0,50,2012.000211
-2.0,50,2012.676607
0.0,50,2013.382876
-1.0,50,2014.15103
-1.0,50,2014.896933
-3.0,50,2015.653915
-1.0,50,2016.352171
-3.0,50,2017.063893
-2.0,50,2017.734246
-2.0,50,2018.441889
-2.0,50,2019.118055
-1.0,50,2019.724601
-2.0,50,2020.270066
-2.0,50,2020.810239
-2.0,50,2021.398579
-1.0,50,2021.948212
-2.0,50,2022.50344
-1.0,50,2023.048281
-2.0,50,2023.651467
-2.0,50,2024.2842
-2.0,50,2024.894916
-1.0,50,2025.536729
-2.0,50,2026.19776
-1.0,50,2026.841718
-3.0,50,2027.502896
-1.0,50,2028.147723
0.0,50,2028.780258
-1.0,50,2029.431239
-2.0,50,2030.055014
-2.0,50,2030.695095
-7.0,50,2031.348768
-1.0,50,2031.995106
-1.0,50,2032.629972
-2.0,50,2033.272742
-3.0,50,2033.905117
-2.0,50,2034.546651
-2.0,50,2035.203167
-2.0,50,2035.831581
-2.0,50,2036.488232
-3.0,50,2037.123494
-1.0,50,2037.776371
-1.0,50,2038.473223
-2.0,50,2039.153378
-3.0,50,2039.888556
-1.0,50,2040.565242
-3.0,50,2041.237332
-2.0,50,2041.929529
-1.0,50,2042.62917
-1.0,50,2043.322793
-2.0,50,2043.972478
-1.0,50,2044.664627
-2.0,50,2045.353938
0.0,50,2046.013877
-1.0,50,2046.665137
-1.0,50,2047.316823
-1.0,50,2047.957924
-1.0,50,2048.621264
-3.0,50,2049.308631
0.0,50,2049.982024
-2.0,50,2050.658896
-3.0,50,2051.347341
-3.0,50,2052.029425
-1.0,50,2052.695354
-3.0,50,2053.378587
-3.0,50,2054.040226
-2.0,50,2054.691629
-2.0,50,2055.363276
-2.0,50,2056.02208
-2.0,50,2056.669753
-2.0,50,2057.312989
-2.0,50,2058.07232
-2.0,50,2058.777745
-2.0,50,2059.413991
-2.0,50,2060.226494
-1.0,50,2061.071556
-2.0,50,2061.828811
-1.0,50,2062.539562
-1.0,50,2063.289718
-1.0,50,2064.029449
-2.0,50,2064.754906
-6.0,50,2065.597702
-2.0,50,2066.27642
0.0,50,2066.974934
-1.0,50,2067.735771
-1.0,50,2068.502192
-1.0,50,2069.183973
-1.0,50,2069.910211
0.0,50,2070.73449
-2.0,50,2071.400208
-2.0,50,2072.153104
-2.0,50,2072.852875
-2.0,50,2073.536333
0.0,50,2074.190093
-1.0,50,2074.862493
-2.0,50,2075.520496
-2.0,50,2076.186431
0.0,50,2076.837075
0.0,50,2077.511586
-2.0,50,2078.167099
0.0,50,2078.815098
-3.0,50,2079.470607
-2.0,50,2080.111606
-2.0,50,2080.773113
-1.0,50,2081.433114
-3.0,50,2082.106624
-2.0,50,2082.762615
-3.0,50,2083.421617
0.0,50,2084.07813
-2.0,50,2084.727133
0.0,50,2085.384643
-2.0,50,2086.048388
-2.0,50,2086.737025
-2.0,50,2087.446537
-3.0,50,2088.148536
-3.0,50,2088.844058
0.0,50,2089.50112
-2.0,50,2090.162774
-2.0,50,2090.822885
-2.0,50,2091.481831
-2.0,50,2092.151954
0.0,50,2092.810802
-3.0,50,2093.466514
0.0,50,2094.128308
-2.0,50,2094.735119
-2.0,50,2095.336697
-1.0,50,2095.944482
-2.0,50,2096.565604
-2.0,50,2097.263095
-2.0,50,2097.962142
0.0,50,2098.757942
-3.0,50,2099.449735
-1.0,50,2100.158176
-3.0,50,2101.116907
-2.0,50,2102.005212
-3.0,50,2102.764069
-2.0,50,2103.426073
-2.0,50,2104.076373
-1.0,50,2104.708001
-1.0,50,2107.591391
-2.0,50,2108.369235
0.0,50,2109.028198
-2.0,50,2109.781213
-2.0,50,2110.601423
-2.0,50,2111.402205
-2.0,50,2112.171868
-3.0,50,2112.989711
-1.0,50,2113.819179
-2.0,50,2114.617702
-3.0,50,2115.430052
-3.0,50,2116.233692
-2.0,50,2117.022746
-2.0,50,2117.731373
0.0,50,2118.39219
-2.0,50,2119.081692
-2.0,50,2119.851866
-2.0,50,2120.716966
-1.0,50,2121.462832
0.0,50,2122.132808
-2.0,50,2122.885206
-3.0,50,2123.612719
-1.0,50,2124.311008
-2.0,50,2125.098347
-2.0,50,2125.742844
-2.0,50,2126.389258
-2.0,50,2127.021671
-2.0,50,2127.657405
0.0,50,2128.343939
-2.0,50,2129.015098
-1.0,50,2129.71247
-2.0,50,2130.447496
0.0,50,2131.105418
-2.0,50,2131.768543
0.0,50,2132.436489
-3.0,50,2133.183119
-2.0,50,2133.889278
-2.0,50,2134.731729
0.0,50,2135.638548
-2.0,50,2136.477598
-1.0,50,2137.3404
-3.0,50,2138.168975
-1.0,50,2138.826752
-1.0,50,2139.468701
-2.0,50,2140.144468
-1.0,50,2140.930737
-3.0,50,2141.706199
-1.0,50,2142.572257
-1.0,50,2143.420745
-1.0,50,2144.131916
-2.0,50,2144.788405
-3.0,50,2145.525634
-1.0,50,2146.382361
-3.0,50,2147.184477
-2.0,50,2147.894102
-2.0,50,2148.610532
-3.0,50,2149.291672
-2.0,50,2150.008512
-2.0,50,2150.720454
0.0,50,2151.40422
-2.0,50,2151.99368
-3.0,50,2152.678705
0.0,50,2153.297635
-2.0,50,2153.983585
0.0,50,2154.642
-2.0,50,2155.274161
-3.0,50,2155.950911
-1.0,50,2156.604335
-2.0,50,2157.226427
-1.0,50,2157.860831
-2.0,50,2158.493078
-2.0,50,2159.149981
-3.0,50,2159.822042
-3.0,50,2160.448427
-1.0,50,2161.102733
0.0,50,2161.77596
0.0,50,2162.429162
-3.0,50,2163.114304
-2.0,50,2163.769174
-2.0,50,2164.419163
-9.0,50,2165.074965
-2.0,50,2165.704536
0.0,50,2166.289227
-4.0,50,2167.000608
-3.0,50,2167.708925
0.0,50,2168.312407
-2.0,50,2168.947164
-2.0,50,2169.633596
-2.0,50,2170.268173
-1.0,50,2170.883374
-3.0,50,2171.521878
-2.0,50,2172.140817
0.0,50,2172.73802
-1.0,50,2173.294844
-1.0,50,2173.889589
-2.0,50,2174.488218
-1.0,50,2175.06806
0.0,50,2175.67513
-2.0,50,2176.327688
-1.0,50,2177.006403
-3.0,50,2177.632238
-3.0,50,2178.273154
-2.0,50,2178.87372
-2.0,50,2179.450483
0.0,50,2180.052916
-2.0,50,2180.631969
-1.0,50,2181.243786
-3.0,50,2181.86134
0.0,50,2182.521182
-1.0,50,2183.213879
-3.0,50,2183.807807
-3.0,50,2184.48695
-2.0,50,2185.097165
-4.0,50,2185.681074
-3.0,50,2186.294683
-1.0,50,2186.85418
-2.0,50,2187.447083
-2.0,50,2188.035691
-2.0,50,2188.619805
-2.0,50,2189.207388
-3.0,50,2189.826767
-2.0,50,2190.40464
-2.0,50,2191.021271
-2.0,50,2191.612876
-2.0,50,2192.207786
-2.0,50,2192.789661
0.0,50,2193.374514
-1.0,50,2193.947039
0.0,50,2194.537225
0.0,50,2195.139345
-1.0,50,2195.727386
-2.0,50,2196.435177
-3.0,50,2197.133574
-2.0,50,2197.73247
-1.0,50,2198.490805
-2.0,50,2199.125853
-2.0,50,2199.822353
-2.0,50,2200.463943
-1.0,50,2201.067302
-2.0,50,2201.660734
-3.0,50,2202.263284
-2.0,50,2202.885768
-1.0,50,2203.524981
-3.0,50,2204.30092
-1.0,50,2205.063427
-3.0,50,2205.658321
-3.0,50,2206.297142
-1.0,50,2206.934356
-2.0,50,2207.520326
-1.0,50,2208.121047
-3.0,50,2208.699523
0.0,50,2209.317984
-1.0,50,2209.917302
-2.0,50,2210.517709
0.0,50,2211.098696
0.0,50,2211.697456
-2.0,50,2212.284978
-2.0,50,2212.873285
-2.0,50,2213.466736
-1.0,50,2214.049856
-1.0,50,2214.654217
-3.0,50,2215.260938
-2.0,50,2215.892826
-3.0,50,2216.499713
0.0,50,2217.25474
-1.0,50,2217.84238
-2.0,50,2218.452622
-1.0,50,2219.111717
-2.0,50,2219.723674
-1.0,50,2220.316808
-2.0,50,2220.923311
0.0,50,2221.625117
-1.0,50,2222.270748
-2.0,50,2223.105784
0.0,50,2223.882524
-3.0,50,2224.57373
-2.0,50,2225.201734
-2.0,50,2225.808085
-1.0,50,2226.395975
-1.0,50,2227.001939
-2.0,50,2227.619217
-3.0,50,2228.204122
-1.0,50,2228.802702
-3.0,50,2229.395778
-1.0,50,2229.984126
-1.0,50,2230.545849
-1.0,50,2231.156462
-3.0,50,2231.791104
-1.0,50,2232.390028
-2.0,50,2232.986084
-2.0,50,2233.594003
-2.0,50,2234.200015
-2.0,50,2234.795799
-1.0,50,2235.380164
-1.0,50,2235.964671
-1.0,50,2236.560331
-3.0,50,2237.188011
-2.0,50,2237.788837
0.0,50,2238.424159
-3.0,50,2239.148427
-2.0,50,2241.715284
-1.0,50,2242.284456
-1.0,50,2242.899
-3.0,50,2243.509914
-2.0,50,2244.064914
-1.0,50,2244.618107
-3.0,50,2245.194854
-2.0,50,2245.70583
-5.0,50,2246.239507
-2.0,50,2246.757216
-1.0,50,2247.261817
-3.0,50,2247.782928
-1.0,50,2248.377156
-2.0,50,2248.957735
-2.0,50,2249.54015
-1.0,50,2250.137045
-3.0,50,2250.722507
-3.0,50,2251.316339
-2.0,50,2251.897235
-1.0,50,2252.480964
-2.0,50,2253.057824
-2.0,50,2253.719353
-2.0,50,2254.305861
-1.0,50,2254.942845
-2.0,50,2255.54864
-1.0,50,2256.138002
-4.0,50,2256.729388
-2.0,50,2257.329732
-2.0,50,2257.969703
0.0,50,2258.557984
-2.0,50,2259.182165
-1.0,50,2259.83198
-1.0,50,2260.479779
-1.0,50,2261.110563
-2.0,50,2261.769777
-2.0,50,2262.470594
-2.0,50,2263.098294
-3.0,50,2263.758166
-1.0,50,2264.408851
-3.0,50,2265.075753
-6.0,50,2265.754043
-3.0,50,2266.396915
-2.0,50,2267.053403
-2.0,50,2267.624067
-2.0,50,2268.212541
-2.0,50,2268.798645
-2.0,50,2269.369241
-1.0,50,2269.944908
-2.0,50,2270.52104
-3.0,50,2271.097868
-3.0,50,2271.659775
-1.0,50,2272.219854
-3.0,50,2272.793594
-2.0,50,2273.355454
-3.0,50,2273.935908
-2.0,50,2274.504184
-3.0,50,2275.109616
-3.0,50,2275.700981
-2.0,50,2276.305531
-2.0,50,2276.889375
0.0,50,2277.46588
-2.0,50,2278.05403
-2.0,50,2278.626856
-3.0,50,2279.211698
-3.0,50,2279.800231
-2.0,50,2280.371423
-3.0,50,2280.942092
0.0,50,2281.526819
-2.0,50,2282.10891
-2.0,50,2282.673232
-2.0,50,2283.257782
-2.0,50,2283.866435
-3.0,50,2284.481284
-2.0,50,2285.098587
-3.0,50,2285.713497
-1.0,50,2286.333391
-1.0,50,2286.975881
-1.0,50,2287.594258
-1.0,50,2288.182329
-2.0,50,2288.753369
-3.0,50,2289.395375
-3.0,50,2289.992758
-3.0,50,2290.606079
0.0,50,2291.179151
-1.0,50,2291.979748
-3.0,50,2292.594592
-2.0,50,2293.175554
0.0,50,2293.759011
-2.0,50,2294.379057
-2.0,50,2294.963671
-1.0,50,2295.539595
-3.0,50,2296.166933
-2.0,50,2296.751114
-2.0,50,2297.342512
-2.0,50,2297.921117
-5.0,50,2298.481276
0.0,50,2299.048928
0.0,50,2299.62019
-3.0,50,2300.271915
-2.0,50,2300.975654
-3.0,50,2301.566689
-2.0,50,2302.145508
-2.0,50,2302.712
-1.0,50,2303.288045
-2.0,50,2303.868297
-1.0,50,2304.457848
-3.0,50,2305.035825
-2.0,50,2305.620063
-1.0,50,2306.204287
-1.0,50,2306.772492
-2.0,50,2307.335877
-2.0,50,2307.916661
-2.0,50,2308.485044
-1.0,50,2309.090896
-1.0,50,2309.687043
-1.0,50,2310.281568
-3.0,50,2310.895988
-1.0,50,2311.501639
-2.0,50,2312.125257
-2.0,50,2312.757008
-1.0,50,2313.407502
-1.0,50,2314.104001
-2.0,50,2314.76285
-3.0,50,2315.3648
-1.0,50,2315.975148
-1.0,50,2316.473892
-2.0,50,2317.014174
-2.0,50,2317.598027
-3.0,50,2318.16279
-1.0,50,2318.817035
0.0,50,2319.416592
-2.0,50,2320.052996
0.0,50,2320.650802
-2.0,50,2321.266954
-3.0,50,2321.907198
-2.0,50,2322.532991
-1.0,50,2323.144773
0.0,50,2323.749131
-1.0,50,2324.414029
0.0,50,2325.046723
-2.0,50,2325.732977
-2.0,50,2326.37229
-2.0,50,2327.019321
-2.0,50,2327.690835
-2.0,50,2328.336537
-1.0,50,2328.998435
-2.0,50,2329.652256
-1.0,50,2330.325843
-2.0,50,2331.03618
-3.0,50,2331.655139
-2.0,50,2332.255715
-2.0,50,2332.836446
-3.0,50,2333.433165
0.0,50,2334.00123
-3.0,50,2334.574893
-1.0,50,2335.14248
-2.0,50,2335.726345
-1.0,50,2336.295068
-1.0,50,2336.877628
-2.0,50,2337.44936
-1.0,50,2338.047318
-2.0,50,2338.641454
-2.0,50,2339.285375
-1.0,50,2339.895243
-2.0,50,2340.514017
-5.0,50,2341.119313
-2.0,50,2341.743157
0.0,50,2342.333652
-2.0,50,2342.967264
-2.0,50,2343.631124
-3.0,50,2344.255072
0.0,50,2344.86987
-2.0,50,2345.467925
-1.0,50,2346.07656
-3.0,50,2346.682009
-3.0,50,2347.292618
-1.0,50,2347.885065
-1.0,50,2348.470786
-2.0,50,2349.077905
-2.0,50,2349.66623
-1.0,50,2350.273779
0.0,50,2350.864853
-2.0,50,2351.465203
-2.0,50,2352.048447
-2.0,50,2352.61324
-3.0,50,2353.233182
-1.0,50,2353.957443
-1.0,50,2354.638895
-1.0,50,2355.295289
0.0,50,2355.932614
-2.0,50,2356.578567
-2.0,50,2357.190107
-2.0,50,2357.817087
-2.0,50,2358.452495
0.0,50,2359.048464
-1.0,50,2359.621692
-1.0,50,2360.214945
-1.0,50,2360.785323
-1.0,50,2361.366915
-2.0,50,2361.953619
0.0,50,2364.3652
-1.0,50,2364.994639
-3.0,50,2365.596312
-2.0,50,2366.210983
-2.0,50,2366.8097
0.0,50,2367.423154
-1.0,50,2368.014828
-2.0,50,2368.589662
-1.0,50,2369.187206
-1.0,50,2369.769261
-2.0,50,2370.357051
-2.0,50,2370.932587
-2.0,50,2371.525212
0.0,50,2372.089353
0.0,50,2372.650428
-1.0,50,2373.243171
-2.0,50,2373.829176
0.0,50,2374.427765
0.0,50,2375.035454
-1.0,50,2375.611685
-2.0,50,2376.213788
-1.0,50,2376.77477
-1.0,50,2377.346108
-3.0,50,2377.928938
-2.0,50,2378.523036
-3.0,50,2379.086653
-3.0,50,2379.646261
-3.0,50,2380.223437
-2.0,50,2380.796477
-2.0,50,2381.36983
-1.0,50,2381.949154
-3.0,50,2382.53004
-2.0,50,2383.116249
-3.0,50,2383.712098
-3.0,50,2384.290303
0.0,50,2384.871917
-2.0,50,2385.453447
-1.0,50,2386.023493
-2.0,50,2386.615204
-1.0,50,2387.143291
-2.0,50,2387.647313
-2.0,50,2388.154799
-1.0,50,2388.640754
-3.0,50,2389.182556
-2.0,50,2389.706249
-1.0,50,2390.24412
-2.0,50,2390.732723
0.0,50,2391.306791
-2.0,50,2391.901147
-2.0,50,2392.468023
-2.0,50,2393.056382
-4.0,50,2393.625899
-2.0,50,2394.202225
-3.0,50,2394.789426
-2.0,50,2395.370553
-1.0,50,2395.948424
0.0,50,2396.542819
-2.0,50,2397.12922
-1.0,50,2397.734517
-2.0,50,2398.347348
-2.0,50,2398.958237
-5.0,50,2399.554091
-2.0,50,2400.152793
-2.0,50,2400.740487
-2.0,50,2401.342375
-3.0,50,2401.959795
-1.0,50,2402.553964
-2.0,50,2403.141726
-3.0,50,2403.698902
-3.0,50,2404.264001
-2.0,50,2404.815865
-2.0,50,2405.400019
-1.0,50,2405.975228
-2.0,50,2406.540209
-3.0,50,2407.104454
-3.0,50,2407.655268
-2.0,50,2408.233041
-4.0,50,2408.799141
-2.0,50,2409.382843
-2.0,50,2409.941458
-1.0,50,2410.510453
0.0,50,2411.077354
-2.0,50,2411.649442
-2.0,50,2412.222314
0.0,50,2412.785604
-3.0,50,2413.354045
-1.0,50,2413.920628
-3.0,50,2414.501384
-2.0,50,2415.108974
-1.0,50,2415.690914
0.0,50,2416.276887
-1.0,50,2416.856354
-2.0,50,2417.441934
-1.0,50,2418.011657
-2.0,50,2418.581136
-2.0,50,2419.158805
-2.0,50,2419.736704
-6.0,50,2420.301846
-2.0,50,2420.871355
-1.0,50,2421.444966
-1.0,50,2422.008258
0.0,50,2422.581064
0.0,50,2423.143012
0.0,50,2423.725884
-2.0,50,2424.315839
-1.0,50,2424.892375
-2.0,50,2425.496031
0.0,50,2426.077798
-2.0,50,2426.664126
-2.0,50,2427.228128
-2.0,50,2427.791403
-2.0,50,2428.34524
-2.0,50,2428.916754
-3.0,50,2429.501259
-3.0,50,2430.082205
-2.0,50,2430.673073
-1.0,50,2431.252723
-3.0,50,2431.82948
-2.0,50,2432.412073
-1.0,50,2432.998191
-3.0,50,2433.596709
-1.0,50,2434.18
-2.0,50,2434.760243
-3.0,50,2435.364226
-2.0,50,2435.97622
-1.0,50,2436.573249
-2.0,50,2437.147388
-1.0,50,2437.727499
0.0,50,2438.30017
-1.0,50,2438.877054
-2.0,50,2439.435517
-3.0,50,2440.006732
-1.0,50,2440.574869
-2.0,50,2441.134765
0.0,50,2441.688048
-2.0,50,2442.253239
-7.0,50,2442.837894
-19.0,50,2443.413887
-1.0,50,2443.972857
0.0,50,2444.559716
-1.0,50,2445.137188
-2.0,50,2445.734041
-2.0,50,2446.307612
-2.0,50,2446.889689
-2.0,50,2447.46526
-3.0,50,2448.046666
-1.0,50,2448.627544
-1.0,50,2449.225436
-3.0,50,2449.810581
-2.0,50,2450.387158
-1.0,50,2450.961521
-3.0,50,2451.537445
-3.0,50,2452.132972
-7.0,50,2452.71038
-2.0,50,2453.296707
-2.0,50,2453.875976
-2.0,50,2454.462519
-3.0,50,2455.038914
-3.0,50,2455.627298
-1.0,50,2456.197614
-1.0,50,2456.668162
-2.0,50,2457.166944
0.0,50,2457.653537
-2.0,50,2458.130136
-1.0,50,2458.645464
-3.0,50,2459.134275
0.0,50,2459.640785
-1.0,50,2460.180849
-2.0,50,2460.777706
-1.0,50,2461.356627
-2.0,50,2461.928018
-2.0,50,2462.497117
-2.0,50,2463.072883
0.0,50,2463.633448
-1.0,50,2464.201553
-2.0,50,2464.780658
-2.0,50,2465.388053
-2.0,50,2465.966703
-3.0,50,2466.535714
-3.0,50,2467.103283
-3.0,50,2467.687254
-3.0,50,2468.278448
-2.0,50,2468.863976
-2.0,50,2469.453242
-2.0,50,2470.058044
-2.0,50,2470.649373
-3.0,50,2471.230309
-3.0,50,2471.837982
-1.0,50,2472.427558
0.0,50,2473.030752
-1.0,50,2473.610409
-2.0,50,2474.182072
-2.0,50,2474.757105
-2.0,50,2475.320035
0.0,50,2475.888309
-3.0,50,2476.439673
0.0,50,2476.996942
-2.0,50,2477.555782
-1.0,50,2478.118005
0.0,50,2478.685283
-3.0,50,2481.071033
-3.0,50,2481.641121
0.0,50,2482.211023
-1.0,50,2482.782039
-2.0,50,2483.357995
-2.0,50,2483.934358
-2.0,50,2484.504315
-2.0,50,2485.087984
-1.0,50,2485.681355
0.0,50,2486.280029
-1.0,50,2486.85534
-2.0,50,2487.433612
-2.0,50,2488.013291
-3.0,50,2488.58917
-1.0,50,2489.157034
0.0,50,2489.750495
-1.0,50,2490.331228
-2.0,50,2490.908832
-2.0,50,2491.493721
-1.0,50,2492.070395
-2.0,50,2492.641078
-1.0,50,2493.203201
-1.0,50,2493.764559
-3.0,50,2494.337974
-2.0,50,2494.917095
-2.0,50,2495.47828
-1.0,50,2496.051952
-3.0,50,2496.639917
-2.0,50,2497.192893
-2.0,50,2497.762547
-1.0,50,2498.329516
-3.0,50,2498.877581
-3.0,50,2499.429385
-2.0,50,2500.007705
-3.0,50,2500.577522
-1.0,50,2501.130419
-2.0,50,2501.698861
-1.0,50,2502.261181
-2.0,50,2502.847718
0.0,50,2503.444103
-1.0,50,2504.031206
-2.0,50,2504.620538
0.0,50,2505.20562
-2.0,50,2505.801226
-2.0,50,2506.373669
-2.0,50,2506.953703
-3.0,50,2507.532411
0.0,50,2508.114837
-2.0,50,2508.688073
-2.0,50,2509.270665
0.0,50,2509.838875
-1.0,50,2510.415476
-2.0,50,2510.982342
0.0,50,2511.553728
-2.0,50,2512.112659
-2.0,50,2512.680114
-2.0,50,2513.252038
-2.0,50,2513.808603
0.0,50,2514.365739
-1.0,50,2514.939267
-3.0,50,2515.533271
-2.0,50,2516.123963
-2.0,50,2516.693683
-1.0,50,2517.275594
-3.0,50,2517.859444
-2.0,50,2518.432074
0.0,50,2519.019847
-3.0,50,2519.620035
-2.0,50,2520.20018
-1.0,50,2520.802978
-3.0,50,2521.380849
-1.0,50,2521.962164
-2.0,50,2522.536691
-1.0,50,2523.104187
-1.0,50,2523.67879
-2.0,50,2524.256724
-2.0,50,2524.877226
-3.0,50,2525.501416
-3.0,50,2526.087036
-2.0,50,2526.636902
-2.0,50,2527.20013
-2.0,50,2527.744972
-2.0,50,2528.309421
-2.0,50,2528.838431
-2.0,50,2529.400781
-1.0,50,2530.041502
-2.0,50,2530.694551
0.0,50,2531.313678
-3.0,50,2531.964318
-1.0,50,2532.611234
-2.0,50,2533.173235
0.0,50,2533.750728
-1.0,50,2534.332793
-3.0,50,2534.913985
0.0,50,2535.489674
-1.0,50,2536.079176
-2.0,50,2536.651162
-2.0,50,2537.236532
-3.0,50,2537.81551
-3.0,50,2538.405993
-2.0,50,2538.985147
-2.0,50,2539.569861
-2.0,50,2540.161711
-3.0,50,2540.773867
-2.0,50,2541.380435
-2.0,50,2541.956064
-2.0,50,2542.539357
0.0,50,2543.140933
-2.0,50,2543.735676
-2.0,50,2544.307239
-2.0,50,2544.877093
-1.0,50,2545.429827
-2.0,50,2546.019075
-1.0,50,2546.584414
-3.0,50,2547.153072
-2.0,50,2547.724577
0.0,50,2548.289869
-3.0,50,2548.859441
-2.0,50,2549.421246
-3.0,50,2549.995121
-2.0,50,2550.575804
-2.0,50,2551.147087
-2.0,50,2551.717381
-2.0,50,2552.290053
-2.0,50,2552.868083
-3.0,50,2553.451035
-2.0,50,2554.030851
-1.0,50,2554.602948
-2.0,50,2555.17551
-3.0,50,2555.748068
-3.0,50,2556.352947
0.0,50,2556.920881
-2.0,50,2557.492913
-2.0,50,2558.082353
-2.0,50,2558.64942
-3.0,50,2559.24289
-1.0,50,2559.834133
-2.0,50,2560.406207
-3.0,50,2560.995147
-3.0,50,2561.576886
0.0,50,2562.155388
-2.0,50,2562.720717
-3.0,50,2563.292365
-3.0,50,2563.878591
-2.0,50,2564.44861
-3.0,50,2565.023421
0.0,50,2565.600058
-4.0,50,2566.18327
-2.0,50,2566.761388
-3.0,50,2567.330515
-2.0,50,2567.898357
0.0,50,2568.468076
-1.0,50,2569.043907
-2.0,50,2569.612658
-2.0,50,2570.184712
-1.0,50,2570.744816
-3.0,50,2571.324117
-1.0,50,2571.887774
-3.0,50,2572.454007
-3.0,50,2573.036721
-3.0,50,2573.69798
-3.0,50,2574.423312
-2.0,50,2575.075178
-2.0,50,2575.662938
-2.0,50,2576.272963
-2.0,50,2576.870148
0.0,50,2577.458064
-2.0,50,2578.043056
-2.0,50,2578.625941
-1.0,50,2579.195578
-1.0,50,2579.76531
-2.0,50,2580.334251
-1.0,50,2580.912037
-3.0,50,2581.464827
-1.0,50,2582.040366
-2.0,50,2582.607352
-1.0,50,2583.189334
-3.0,50,2583.755341
-1.0,50,2584.337209
-1.0,50,2584.906081
-2.0,50,2585.497923
-3.0,50,2586.09248
-2.0,50,2586.687374
-3.0,50,2587.259438
-1.0,50,2587.845685
-2.0,50,2588.409797
-2.0,50,2588.992493
-3.0,50,2589.565762
-2.0,50,2590.17969
-3.0,50,2590.759325
-2.0,50,2591.339162
-3.0,50,2591.917642
-1.0,50,2592.480622
-2.0,50,2593.062433
0.0,50,2593.634077
-3.0,50,2594.225568
0.0,50,2594.833746
-3.0,50,2595.421732
-2.0,50,2596.005898
-3.0,50,2596.542869
-2.0,50,2598.663302
-1.0,50,2599.167708
-1.0,50,2599.675745
-3.0,50,2600.188736
-2.0,50,2600.655823
-3.0,50,2601.128398
-1.0,50,2601.574959
-2.0,50,2602.03431
-2.0,50,2602.504433
-2.0,50,2602.970792
0.0,50,2603.528109
0.0,50,2604.163529
-1.0,50,2604.768253
-3.0,50,2605.359045
-1.0,50,2605.947566
-2.0,50,2606.540451
-2.0,50,2607.161923
0.0,50,2607.7555
-2.0,50,2608.369634
0.0,50,2608.974102
-1.0,50,2609.598953
-2.0,50,2610.199684
-1.0,50,2610.785546
-1.0,50,2611.383721
0.0,50,2611.965528
-2.0,50,2612.554824
-2.0,50,2613.153471
-3.0,50,2613.721792
-2.0,50,2614.297624
-3.0,50,2614.881381
-1.0,50,2615.459866
0.0,50,2616.032897
-3.0,50,2616.628867
-2.0,50,2617.195769
-1.0,50,2617.749804
-1.0,50,2618.319976
-1.0,50,2618.885145
-2.0,50,2619.462175
-1.0,50,2620.040123
-1.0,50,2620.614678
-1.0,50,2621.204536
-2.0,50,2621.800714
-2.0,50,2622.36891
0.0,50,2622.954485
-2.0,50,2623.536427
-3.0,50,2624.105603
-2.0,50,2624.680324
-2.0,50,2625.26232
-1.0,50,2625.839971
-1.0,50,2626.429504
-2.0,50,2627.024016
-2.0,50,2627.612216
-1.0,50,2628.216645
-2.0,50,2628.792207
-2.0,50,2629.374193
-3.0,50,2629.949416
-2.0,50,2630.541986
0.0,50,2631.139898
-2.0,50,2631.7107
-2.0,50,2632.313689
-1.0,50,2632.89051
-2.0,50,2633.608967
-2.0,50,2634.29776
-2.0,50,2635.050277
-2.0,50,2635.634289
-2.0,50,2636.24696
-2.0,50,2636.838326
-3.0,50,2637.415215
-1.0,50,2638.009769
0.0,50,2638.588912
0.0,50,2639.223994
-1.0,50,2639.794429
0.0,50,2640.404425
-1.0,50,2640.97472
-3.0,50,2641.57385
-1.0,50,2642.201094
-2.0,50,2642.78972
0.0,50,2643.368242
-2.0,50,2643.972519
-1.0,50,2644.565934
-2.0,50,2645.316436
-3.0,50,2646.088287
-2.0,50,2646.742443
-2.0,50,2647.343046
-2.0,50,2647.952704
0.0,50,2648.533411
-2.0,50,2649.100158
-3.0,50,2649.685171
-2.0,50,2650.284419
-3.0,50,2650.892599
-2.0,50,2651.582173
-1.0,50,2652.167712
-2.0,50,2652.742335
0.0,50,2653.322328
-3.0,50,2653.896513
-3.0,50,2654.47179
-3.0,50,2655.088437
-3.0,50,2655.683927
-1.0,50,2656.271732
-1.0,50,2656.86683
-2.0,50,2657.4846
-3.0,50,2658.081547
-2.0,50,2658.658922
0.0,50,2659.260099
-1.0,50,2659.847579
-2.0,50,2660.425607
-3.0,50,2661.00288
-2.0,50,2661.558807
-1.0,50,2662.130836
-2.0,50,2662.68943
-3.0,50,2663.240026
-2.0,50,2663.754074
-2.0,50,2664.368315
-3.0,50,2664.944442
-3.0,50,2665.572262
-3.0,50,2666.204067
-1.0,50,2666.885456
-2.0,50,2667.487924
-3.0,50,2668.179228
-1.0,50,2668.898166
-1.0,50,2669.682148
-1.0,50,2670.378857
-3.0,50,2671.034322
-1.0,50,2671.654992
-1.0,50,2672.229804
-2.0,50,2672.796162
-1.0,50,2673.35943
-1.0,50,2673.949069
-2.0,50,2674.646654
-1.0,50,2675.2871
0.0,50,2675.913778
-2.0,50,2676.626714
-2.0,50,2677.297271
-1.0,50,2678.028808
-2.0,50,2678.730815
-1.0,50,2679.459886
-1.0,50,2680.137361
-2.0,50,2680.780178
-1.0,50,2681.40363
-3.0,50,2681.996492
-2.0,50,2682.673565
-2.0,50,2683.339997
-1.0,50,2683.997655
-3.0,50,2684.639602
-3.0,50,2685.298339
-1.0,50,2685.973966
-1.0,50,2686.586649
-2.0,50,2687.196413
-2.0,50,2687.971172
-2.0,50,2688.669548
-2.0,50,2689.30832
-3.0,50,2689.902606
-2.0,50,2690.616901
-1.0,50,2691.330051
-2.0,50,2692.049045
-1.0,50,2692.662517
-2.0,50,2693.291258
-2.0,50,2693.884932
0.0,50,2694.474149
-1.0,50,2695.06626
-1.0,50,2695.678509
-2.0,50,2696.289267
-1.0,50,2696.917557
-1.0,50,2697.534097
-2.0,50,2698.168526
-2.0,50,2698.768502
-2.0,50,2699.386529
-2.0,50,2700.04241
-2.0,50,2700.758096
0.0,50,2701.458162
-1.0,50,2702.119051
-2.0,50,2702.815593
-2.0,50,2703.491892
-2.0,50,2704.136961
-2.0,50,2704.774893
0.0,50,2705.40659
-2.0,50,2706.111719
-2.0,50,2706.852833
-2.0,50,2707.599747
-2.0,50,2708.261379
-1.0,50,2708.886202
-2.0,50,2709.54535
0.0,50,2710.201105
-2.0,50,2710.8673
-1.0,50,2711.530838
-1.0,50,2712.180121
-2.0,50,2712.875046
0.0,50,2713.531708
-2.0,50,2714.189794
-2.0,50,2714.875891
0.0,50,2715.520684
-1.0,50,2716.164838
-2.0,50,2716.815331
-1.0,50,2717.476388
-2.0,50,2718.125364
0.0,50,2718.750951
-2.0,50,2719.396028
-3.0,50,2720.014048
-2.0,50,2720.645481
-1.0,50,2721.285596
-3.0,50,2723.875379
-2.0,50,2724.537797
-1.0,50,2725.223773
-2.0,50,2725.86365
0.0,50,2726.50752
-2.0,50,2727.148861
-2.0,50,2727.808442
-2.0,50,2728.445544
-2.0,50,2729.078331
-2.0,50,2729.733164
-2.0,50,2730.384996
-2.0,50,2731.031976
-2.0,50,2731.700395
-2.0,50,2732.358205
-3.0,50,2732.983922
0.0,50,2733.591277
-2.0,50,2734.190234
0.0,50,2734.770218
0.0,50,2735.329491
-2.0,50,2735.888915
-1.0,50,2736.467947
-1.0,50,2737.051708
0.0,50,2737.718929
-2.0,50,2738.362551
-3.0,50,2739.049367
-1.0,50,2739.732811
-1.0,50,2740.393148
-3.0,50,2741.041276
-1.0,50,2741.683137
0.0,50,2742.323382
-2.0,50,2742.981465
-2.0,50,2743.680154
-1.0,50,2744.377606
-2.0,50,2745.027064
-1.0,50,2745.697106
-1.0,50,2746.334216
-2.0,50,2746.97578
-3.0,50,2747.670692
-1.0,50,2748.336068
-2.0,50,2749.051582
-2.0,50,2749.772493
-1.0,50,2750.495844
-1.0,50,2751.142774
-2.0,50,2751.817581
-3.0,50,2752.549551
-1.0,50,2753.163427
-3.0,50,2753.800348
-3.0,50,2754.318808
-2.0,50,2754.831429
-2.0,50,2755.367245
-1.0,50,2755.864947
-1.0,50,2756.374803
-1.0,50,2756.88177
-3.0,50,2757.433276
-1.0,50,2758.012143
-2.0,50,2758.586781
-2.0,50,2759.102656
0.0,50,2759.648563
-2.0,50,2760.198331
-3.0,50,2760.777021
-1.0,50,2761.321614
-2.0,50,2761.951661
-2.0,50,2762.546819
-1.0,50,2763.100249
-2.0,50,2763.665602
-2.0,50,2764.212994
-2.0,50,2764.756622
-2.0,50,2765.268177
-1.0,50,2765.794136
-3.0,50,2766.303832
-2.0,50,2766.806607
-2.0,50,2767.340989
0.0,50,2767.87829
-2.0,50,2768.409434
-2.0,50,2768.952044
-2.0,50,2769.464413
-1.0,50,2770.058305
-3.0,50,2770.656275
-1.0,50,2771.221875
-3.0,50,2771.783699
-1.0,50,2772.383532
-2.0,50,2772.941615
-2.0,50,2773.597084
-2.0,50,2774.260052
-2.0,50,2774.844139
-2.0,50,2775.430852
-2.0,50,2776.07951
-3.0,50,2776.743876
-1.0,50,2777.390326
-2.0,50,2778.035153
-2.0,50,2778.661003
-1.0,50,2779.251889
0.0,50,2779.883552
0.0,50,2780.5151
-2.0,50,2781.169898
-2.0,50,2781.805284
-2.0,50,2782.454803
-1.0,50,2783.134562
0.0,50,2783.826722
-3.0,50,2784.490602
-1.0,50,2785.133843
-2.0,50,2785.827649
-1.0,50,2786.420144
0.0,50,2787.020315
0.0,50,2787.667727
-2.0,50,2788.291882
-2.0,50,2788.909072
-3.0,50,2789.514208
-2.0,50,2790.14394
-3.0,50,2790.774385
-1.0,50,2791.428986
-3.0,50,2792.050727
-1.0,50,2792.660826
-2.0,50,2793.26172
-1.0,50,2793.867605
-1.0,50,2794.48029
0.0,50,2795.110415
-2.0,50,2795.753312
-3.0,50,2796.406512
-3.0,50,2797.054661
-2.0,50,2797.683609
-1.0,50,2798.327943
-2.0,50,2798.972039
0.0,50,2799.561563
0.0,50,2800.220391
-1.0,50,2800.763286
-1.0,50,2801.298949
-1.0,50,2801.839862
0.0,50,2802.384032
-1.0,50,2802.898431
-3.0,50,2803.441605
0.0,50,2803.973438
-1.0,50,2804.582455
-2.0,50,2805.20446
-1.0,50,2805.80479
-3.0,50,2806.372992
-2.0,50,2806.961433
-1.0,50,2807.557094
-2.0,50,2808.135285
-2.0,50,2808.728724
-3.0,50,2809.321578
0.0,50,2809.897773
-2.0,50,2810.485366
0.0,50,2811.067299
-1.0,50,2811.694589
-1.0,50,2812.288574
-1.0,50,2812.899874
-2.0,50,2813.477617
-2.0,50,2814.064872
-2.0,50,2814.707809
-1.0,50,2815.324019
-2.0,50,2815.934696
-3.0,50,2816.581335
-2.0,50,2817.232582
0.0,50,2817.877986
-2.0,50,2818.537488
-2.0,50,2819.227827
-2.0,50,2819.859379
-2.0,50,2820.498191
0.0,50,2821.167511
-2.0,50,2821.847651
-2.0,50,2822.522238
-1.0,50,2823.183715
-3.0,50,2823.857177
-3.0,50,2824.543512
-2.0,50,2825.173275
-1.0,50,2825.824978
-2.0,50,2826.462388
0.0,50,2827.07068
-2.0,50,2827.734824
-2.0,50,2828.392455
-1.0,50,2829.01716
-1.0,50,2829.707876
-2.0,50,2830.335685
-2.0,50,2830.977722
-2.0,50,2831.648788
-1.0,50,2832.277608
-1.0,50,2832.909127
-3.0,50,2833.598736
-2.0,50,2834.17871
-2.0,50,2834.762543
-2.0,50,2835.363044
0.0,50,2835.984915
-1.0,50,2836.567352
-2.0,50,2837.162477
-2.0,50,2837.746742
-1.0,50,2838.348471
-2.0,50,2838.967187
-1.0,50,2839.575319
-2.0,50,2840.18866
-1.0,50,2840.836797
-2.0,50,2841.411716
-1.0,50,2842.022104
-2.0,50,2842.663053
-2.0,50,2843.230177
0.0,50,2843.821115
-3.0,50,2844.397405
-2.0,50,2844.974257
-1.0,50,2845.567879
-2.0,50,2846.134518
-3.0,50,2848.694556
-2.0,50,2849.363973
-2.0,50,2850.017145
-3.0,50,2850.679168
-2.0,50,2851.37132
-3.0,50,2852.005289
-3.0,50,2852.693273
0.0,50,2853.353465
-2.0,50,2854.011052
-2.0,50,2854.682768
-3.0,50,2855.343451
-2.0,50,2856.005692
-2.0,50,2856.693778
-2.0,50,2857.292538
-2.0,50,2857.882764
-2.0,50,2858.462258
-1.0,50,2859.080668
-2.0,50,2859.693779
-2.0,50,2860.276544
-3.0,50,2860.847436
0.0,50,2861.424993
-2.0,50,2861.99109
-2.0,50,2862.573186
-1.0,50,2863.149354
-2.0,50,2863.739534
-2.0,50,2864.311594
-1.0,50,2864.871112
0.0,50,2865.442921
-2.0,50,2866.028737
-2.0,50,2866.568895
-2.0,50,2867.090169
-2.0,50,2867.598736
-2.0,50,2868.118839
-2.0,50,2868.609216
-2.0,50,2869.146224
-2.0,50,2869.682481
-3.0,50,2870.228388
-3.0,50,2870.80699
-2.0,50,2871.393956
-2.0,50,2872.014273
-1.0,50,2872.619383
-1.0,50,2873.190434
-1.0,50,2873.765014
-2.0,50,2874.373057
-2.0,50,2874.949707
-1.0,50,2875.512465
-1.0,50,2876.105388
0.0,50,2876.684622
-1.0,50,2877.277754
-3.0,50,2877.855773
-1.0,50,2878.446203
-3.0,50,2879.027017
-3.0,50,2879.604515
-3.0,50,2880.187032
-2.0,50,2880.825724
-2.0,50,2881.402936
-1.0,50,2882.097228
0.0,50,2882.679093
-1.0,50,2883.257277
-2.0,50,2883.843705
-2.0,50,2884.448611
-3.0,50,2885.034129
0.0,50,2885.617396
-1.0,50,2886.187844
-3.0,50,2886.802316
-2.0,50,2887.439683
-3.0,50,2888.083491
-1.0,50,2888.653997
-2.0,50,2889.254698
-1.0,50,2889.870589
-3.0,50,2890.45481
-1.0,50,2891.089013
0.0,50,2891.711225
-1.0,50,2892.306068
-2.0,50,2892.888152
-2.0,50,2893.503875
-2.0,50,2894.141249
-2.0,50,2894.794578
-2.0,50,2895.407342
-2.0,50,2895.995349
-2.0,50,2896.59418
-3.0,50,2897.16547
0.0,50,2897.758731
-1.0,50,2898.366215
-2.0,50,2898.967308
0.0,50,2899.567533
-2.0,50,2900.225502
-2.0,50,2900.864797
-3.0,50,2901.475172
-2.0,50,2902.123875
-2.0,50,2902.802901
-2.0,50,2903.349941
-1.0,50,2903.893625
-2.0,50,2904.424464
-2.0,50,2904.970484
-1.0,50,2905.535913
-1.0,50,2906.065248
-2.0,50,2906.572559
-2.0,50,2907.09229
-1.0,50,2907.632013
-3.0,50,2908.181878
0.0,50,2908.70782
-2.0,50,2909.247525
-2.0,50,2909.774478
-2.0,50,2910.314086
-1.0,50,2910.845644
-2.0,50,2911.369643
0.0,50,2911.888987
-2.0,50,2912.403374
-3.0,50,2912.953348
-1.0,50,2913.529794
-1.0,50,2914.090443
0.0,50,2914.643292
-2.0,50,2915.206379
-2.0,50,2915.77721
0.0,50,2916.322009
-2.0,50,2916.879217
-1.0,50,2917.42088
0.0,50,2917.96665
-2.0,50,2918.564084
-1.0,50,2919.126493
-3.0,50,2919.656021
-3.0,50,2920.192877
-3.0,50,2920.713181
-2.0,50,2921.249138
-2.0,50,2921.753307
-2.0,50,2922.289726
-3.0,50,2922.803215
-2.0,50,2923.332743
-3.0,50,2923.880737
-1.0,50,2924.396848
-2.0,50,2924.929998
-2.0,50,2925.45836
-2.0,50,2926.037153
0.0,50,2926.572826
-1.0,50,2927.215526
-1.0,50,2927.858412
0.0,50,2928.590344
-2.0,50,2929.300285
-1.0,50,2929.923501
0.0,50,2930.416994
-2.0,50,2930.941889
-2.0,50,2931.451225
0.0,50,2931.929562
-3.0,50,2932.429004
-1.0,50,2932.979522
-1.0,50,2933.58709
0.0,50,2934.201271
-1.0,50,2934.807915
0.0,50,2935.303547
-3.0,50,2935.860569
0.0,50,2936.47979
-1.0,50,2937.077688
-2.0,50,2937.704188
-1.0,50,2938.330203
-2.0,50,2938.953075
-3.0,50,2939.595585
-3.0,50,2940.186409
-2.0,50,2940.83052
-1.0,50,2941.39072
0.0,50,2942.001473
-2.0,50,2942.611297
-1.0,50,2943.236366
-2.0,50,2943.851103
0.0,50,2944.484971
-2.0,50,2945.070887
-2.0,50,2945.695093
-3.0,50,2946.314363
-1.0,50,2946.888382
-1.0,50,2947.523927
-1.0,50,2948.119117
-1.0,50,2948.766672
-1.0,50,2949.409713
-1.0,50,2950.024638
-2.0,50,2950.797727
-1.0,50,2951.462226
-2.0,50,2952.09835
-2.0,50,2952.767909
-2.0,50,2953.494053
-2.0,50,2954.162244
-2.0,50,2954.848725
-2.0,50,2955.497483
-2.0,50,2956.156159
-2.0,50,2956.785652
-2.0,50,2957.42057
0.0,50,2958.039785
-3.0,50,2958.669951
-1.0,50,2959.316108
-1.0,50,2959.988021
0.0,50,2960.653152
-3.0,50,2961.347357
-1.0,50,2961.995515
0.0,50,2962.604072
0.0,50,2963.206404
-2.0,50,2963.82827
-3.0,50,2964.437145
-2.0,50,2965.052559
-2.0,50,2965.681853
-1.0,50,2966.29542
-2.0,50,2966.905586
